population_group_id,population_group_name,measure_id,measure_name,location_id,location_name,sex_id,sex_name,age_id,age_name,cause_id,cause_name,metric_id,metric_name,year,val,upper,lower
1,All Population,5,Prevalence,215,Sao Tome and Principe,3,Both,27,Age-standardized,543,Alzheimer's disease and other dementias,2,Percent,1990,0.0041711140714362,0.0047696953200217,0.0035682847222217
1,All Population,5,Prevalence,215,Sao Tome and Principe,3,Both,27,Age-standardized,543,Alzheimer's disease and other dementias,3,Rate,1990,416.70805997964004,476.58631866342,356.56662886452
1,All Population,5,Prevalence,203,Cabo Verde,3,Both,27,Age-standardized,543,Alzheimer's disease and other dementias,2,Percent,1990,0.0043834882263071,0.005022209821949,0.003769474099863
1,All Population,5,Prevalence,203,Cabo Verde,3,Both,27,Age-standardized,543,Alzheimer's disease and other dementias,3,Rate,1990,431.90746452694003,493.12812673259003,372.00557905892
1,All Population,5,Prevalence,209,Guinea-Bissau,3,Both,27,Age-standardized,543,Alzheimer's disease and other dementias,2,Percent,1991,0.0041145058423798,0.0046693084676427,0.003540914552374
1,All Population,5,Prevalence,209,Guinea-Bissau,3,Both,27,Age-standardized,543,Alzheimer's disease and other dementias,3,Rate,1991,411.07694447152,466.59118556091,353.72671493791
1,All Population,5,Prevalence,216,Senegal,3,Both,27,Age-standardized,543,Alzheimer's disease and other dementias,2,Percent,1990,0.0042642519921838,0.0048637929301011,0.0036376996258601
1,All Population,5,Prevalence,216,Senegal,3,Both,27,Age-standardized,543,Alzheimer's disease and other dementias,3,Rate,1990,425.64590318691,485.45334424586,363.14322820915
1,All Population,5,Prevalence,204,Chad,3,Both,27,Age-standardized,543,Alzheimer's disease and other dementias,2,Percent,1990,0.0044210040332344,0.0050467166417047,0.0038064594852145
1,All Population,5,Prevalence,204,Chad,3,Both,27,Age-standardized,543,Alzheimer's disease and other dementias,3,Rate,1990,441.41033766742,504.43389873357995,380.2581812977
1,All Population,5,Prevalence,205,Côte d'Ivoire,3,Both,27,Age-standardized,543,Alzheimer's disease and other dementias,2,Percent,1990,0.0041516362376872,0.004738924786061,0.0035828374970343
1,All Population,5,Prevalence,205,Côte d'Ivoire,3,Both,27,Age-standardized,543,Alzheimer's disease and other dementias,3,Rate,1990,414.11283840169995,472.70916953144,357.56853691715
1,All Population,5,Prevalence,217,Sierra Leone,3,Both,27,Age-standardized,543,Alzheimer's disease and other dementias,2,Percent,1990,0.0043113508372752,0.0049258139347758,0.0036968642106396
1,All Population,5,Prevalence,217,Sierra Leone,3,Both,27,Age-standardized,543,Alzheimer's disease and other dementias,3,Rate,1990,430.67693883887995,492.24245888449997,369.40270369951
1,All Population,5,Prevalence,200,Benin,3,Both,27,Age-standardized,543,Alzheimer's disease and other dementias,2,Percent,1990,0.0044330843131002,0.0050544854475839,0.0037625200043346
1,All Population,5,Prevalence,200,Benin,3,Both,27,Age-standardized,543,Alzheimer's disease and other dementias,3,Rate,1990,442.37807013385,504.71565415026004,375.56012276835
1,All Population,5,Prevalence,218,Togo,3,Both,27,Age-standardized,543,Alzheimer's disease and other dementias,2,Percent,1990,0.0042724206120836,0.0048824656711246,0.0036696739007536
1,All Population,5,Prevalence,218,Togo,3,Both,27,Age-standardized,543,Alzheimer's disease and other dementias,3,Rate,1990,426.80103282144,488.01300279708,366.64503405025
1,All Population,5,Prevalence,210,Liberia,3,Both,27,Age-standardized,543,Alzheimer's disease and other dementias,2,Percent,1991,0.0041718888425522,0.0047651813370179,0.0035749003182189
1,All Population,5,Prevalence,210,Liberia,3,Both,27,Age-standardized,543,Alzheimer's disease and other dementias,3,Rate,1991,416.54511474112,475.86611176213995,357.02035585142
1,All Population,5,Prevalence,206,Gambia,3,Both,27,Age-standardized,543,Alzheimer's disease and other dementias,2,Percent,1990,0.0043042271320994,0.0048957458101805,0.0037045797563537
1,All Population,5,Prevalence,206,Gambia,3,Both,27,Age-standardized,543,Alzheimer's disease and other dementias,3,Rate,1990,429.18156944794003,487.73386121223996,369.68239174607
1,All Population,5,Prevalence,200,Benin,3,Both,27,Age-standardized,543,Alzheimer's disease and other dementias,2,Percent,1991,0.0043694004329843,0.0049443938487046,0.0037205513519669
1,All Population,5,Prevalence,200,Benin,3,Both,27,Age-standardized,543,Alzheimer's disease and other dementias,3,Rate,1991,435.98594619122997,493.39861834293,371.21141760020004
1,All Population,5,Prevalence,211,Mali,3,Both,27,Age-standardized,543,Alzheimer's disease and other dementias,2,Percent,1991,0.0043105690673316,0.0049117175763827,0.003731634218748
1,All Population,5,Prevalence,211,Mali,3,Both,27,Age-standardized,543,Alzheimer's disease and other dementias,3,Rate,1991,430.65667409952,490.72903498313997,372.77895019693
1,All Population,5,Prevalence,207,Ghana,3,Both,27,Age-standardized,543,Alzheimer's disease and other dementias,2,Percent,1990,0.0042337284720242,0.0048119490814987,0.0036724504848601
1,All Population,5,Prevalence,207,Ghana,3,Both,27,Age-standardized,543,Alzheimer's disease and other dementias,3,Rate,1990,422.73331964226,480.39738383367995,366.69363390641996
1,All Population,5,Prevalence,212,Mauritania,3,Both,27,Age-standardized,543,Alzheimer's disease and other dementias,2,Percent,1991,0.0043333544350217,0.0049560024356635,0.0037031037254331
1,All Population,5,Prevalence,212,Mauritania,3,Both,27,Age-standardized,543,Alzheimer's disease and other dementias,3,Rate,1991,429.79697410446005,492.08551996861,367.50524022047
1,All Population,5,Prevalence,202,Cameroon,3,Both,27,Age-standardized,543,Alzheimer's disease and other dementias,2,Percent,1990,0.0041363677765513,0.0046863669877075,0.0035771837786543
1,All Population,5,Prevalence,202,Cameroon,3,Both,27,Age-standardized,543,Alzheimer's disease and other dementias,3,Rate,1990,412.43984244634,467.78505712624,356.77900494086
1,All Population,5,Prevalence,208,Guinea,3,Both,27,Age-standardized,543,Alzheimer's disease and other dementias,2,Percent,1990,0.004294832284648,0.004908366450883,0.0037081676744387
1,All Population,5,Prevalence,208,Guinea,3,Both,27,Age-standardized,543,Alzheimer's disease and other dementias,3,Rate,1990,428.93214772365,490.0772926452,370.28818575735
1,All Population,5,Prevalence,202,Cameroon,3,Both,27,Age-standardized,543,Alzheimer's disease and other dementias,2,Percent,1991,0.0041247310889608,0.0046791791449281,0.0035608837728111
1,All Population,5,Prevalence,202,Cameroon,3,Both,27,Age-standardized,543,Alzheimer's disease and other dementias,3,Rate,1991,411.28143269349005,466.56808265977,355.17174222823996
1,All Population,5,Prevalence,208,Guinea,3,Both,27,Age-standardized,543,Alzheimer's disease and other dementias,2,Percent,1993,0.0042720305061954,0.0048762107649516,0.003687835436797
1,All Population,5,Prevalence,208,Guinea,3,Both,27,Age-standardized,543,Alzheimer's disease and other dementias,3,Rate,1993,426.57689352546,486.7611650242,368.46992169406
1,All Population,5,Prevalence,203,Cabo Verde,3,Both,27,Age-standardized,543,Alzheimer's disease and other dementias,2,Percent,1991,0.0043808434936979,0.0050019863325665,0.0037692500293393
1,All Population,5,Prevalence,203,Cabo Verde,3,Both,27,Age-standardized,543,Alzheimer's disease and other dementias,3,Rate,1991,431.38988576847004,491.28307954520005,371.87474128217997
1,All Population,5,Prevalence,201,Burkina Faso,3,Both,27,Age-standardized,543,Alzheimer's disease and other dementias,2,Percent,1991,0.0044604825563267,0.0050767259220673,0.0038615243889355
1,All Population,5,Prevalence,201,Burkina Faso,3,Both,27,Age-standardized,543,Alzheimer's disease and other dementias,3,Rate,1991,445.92547920883,507.56732455547996,386.05159175754
1,All Population,5,Prevalence,205,Côte d'Ivoire,3,Both,27,Age-standardized,543,Alzheimer's disease and other dementias,2,Percent,1991,0.0041447981648251,0.0047323781317242,0.0035744381377162
1,All Population,5,Prevalence,205,Côte d'Ivoire,3,Both,27,Age-standardized,543,Alzheimer's disease and other dementias,3,Rate,1991,413.39409979437994,472.01203856106,356.74167673866
1,All Population,5,Prevalence,204,Chad,3,Both,27,Age-standardized,543,Alzheimer's disease and other dementias,2,Percent,1991,0.0044047860825874,0.0050108925895703,0.0037983946902135
1,All Population,5,Prevalence,204,Chad,3,Both,27,Age-standardized,543,Alzheimer's disease and other dementias,3,Rate,1991,439.74914522238,500.82657567165,379.43124816671997
1,All Population,5,Prevalence,214,Nigeria,3,Both,27,Age-standardized,543,Alzheimer's disease and other dementias,2,Percent,1991,0.0039706107048585,0.0045926708247754,0.0033716298562487
1,All Population,5,Prevalence,214,Nigeria,3,Both,27,Age-standardized,543,Alzheimer's disease and other dementias,3,Rate,1991,396.34379126588004,458.44946979206003,336.43545957583
1,All Population,5,Prevalence,210,Liberia,3,Both,27,Age-standardized,543,Alzheimer's disease and other dementias,2,Percent,1990,0.0041850356866697,0.0047810620416301,0.0035826897615359
1,All Population,5,Prevalence,210,Liberia,3,Both,27,Age-standardized,543,Alzheimer's disease and other dementias,3,Rate,1990,417.82691235965,477.56447191146003,357.78212422386
1,All Population,5,Prevalence,213,Niger,3,Both,27,Age-standardized,543,Alzheimer's disease and other dementias,2,Percent,1991,0.0044897797799476,0.005141945301929,0.0038725503773502
1,All Population,5,Prevalence,213,Niger,3,Both,27,Age-standardized,543,Alzheimer's disease and other dementias,3,Rate,1991,448.6890474998,513.86479935052,387.04665662342
1,All Population,5,Prevalence,209,Guinea-Bissau,3,Both,27,Age-standardized,543,Alzheimer's disease and other dementias,2,Percent,1990,0.0041259328591583,0.0046946777805092,0.0035512513280454
1,All Population,5,Prevalence,209,Guinea-Bissau,3,Both,27,Age-standardized,543,Alzheimer's disease and other dementias,3,Rate,1990,412.25153334465,469.13402612504,354.89701092072
1,All Population,5,Prevalence,211,Mali,3,Both,27,Age-standardized,543,Alzheimer's disease and other dementias,2,Percent,1990,0.0043218774153715,0.004920588489628,0.0037237477103032
1,All Population,5,Prevalence,211,Mali,3,Both,27,Age-standardized,543,Alzheimer's disease and other dementias,3,Rate,1990,431.79803557174995,491.81103466585006,371.98676960466
1,All Population,5,Prevalence,210,Liberia,3,Both,27,Age-standardized,543,Alzheimer's disease and other dementias,2,Percent,1993,0.0041476859091297,0.0047348048326594,0.0035553214083096
1,All Population,5,Prevalence,210,Liberia,3,Both,27,Age-standardized,543,Alzheimer's disease and other dementias,3,Rate,1993,414.18490598069,473.08337548790996,355.09415899089004
1,All Population,5,Prevalence,201,Burkina Faso,3,Both,27,Age-standardized,543,Alzheimer's disease and other dementias,2,Percent,1990,0.0044714996714366,0.0050853313009311,0.003864499172853
1,All Population,5,Prevalence,201,Burkina Faso,3,Both,27,Age-standardized,543,Alzheimer's disease and other dementias,3,Rate,1990,447.02874755171,508.41853512085004,386.35982524528004
1,All Population,5,Prevalence,207,Ghana,3,Both,27,Age-standardized,543,Alzheimer's disease and other dementias,2,Percent,1991,0.0042212562938655,0.0047978250981446,0.0036595654757687
1,All Population,5,Prevalence,207,Ghana,3,Both,27,Age-standardized,543,Alzheimer's disease and other dementias,3,Rate,1991,421.43516004963,479.34651661965006,365.34749561087
1,All Population,5,Prevalence,216,Senegal,3,Both,27,Age-standardized,543,Alzheimer's disease and other dementias,2,Percent,1991,0.0042556958011621,0.004858734989012,0.003651312549603
1,All Population,5,Prevalence,216,Senegal,3,Both,27,Age-standardized,543,Alzheimer's disease and other dementias,3,Rate,1991,424.71558007673,484.82823146808005,364.44959387422
1,All Population,5,Prevalence,206,Gambia,3,Both,27,Age-standardized,543,Alzheimer's disease and other dementias,2,Percent,1995,0.004247956299781,0.0048543148988706,0.0036628839995461
1,All Population,5,Prevalence,206,Gambia,3,Both,27,Age-standardized,543,Alzheimer's disease and other dementias,3,Rate,1995,423.00814020609005,484.10617718676,364.9718576047
1,All Population,5,Prevalence,206,Gambia,3,Both,27,Age-standardized,543,Alzheimer's disease and other dementias,2,Percent,1991,0.0042928205670326,0.0048798862367277,0.0036945312947272
1,All Population,5,Prevalence,206,Gambia,3,Both,27,Age-standardized,543,Alzheimer's disease and other dementias,3,Rate,1991,427.94952937896,486.47501428428,368.57519129662
1,All Population,5,Prevalence,215,Sao Tome and Principe,3,Both,27,Age-standardized,543,Alzheimer's disease and other dementias,2,Percent,1992,0.0041441429483022,0.0047143544272533,0.0035451900934247
1,All Population,5,Prevalence,215,Sao Tome and Principe,3,Both,27,Age-standardized,543,Alzheimer's disease and other dementias,3,Rate,1992,413.96128183581,470.84635166884,354.19884074743004
1,All Population,5,Prevalence,213,Niger,3,Both,27,Age-standardized,543,Alzheimer's disease and other dementias,2,Percent,1990,0.0045066658139613,0.0051756761951609,0.0038850543112295
1,All Population,5,Prevalence,213,Niger,3,Both,27,Age-standardized,543,Alzheimer's disease and other dementias,3,Rate,1990,450.39158480543,517.24001032791,388.31501352672
1,All Population,5,Prevalence,212,Mauritania,3,Both,27,Age-standardized,543,Alzheimer's disease and other dementias,2,Percent,1990,0.0043468455996727,0.0049810781362888,0.0037194556096742
1,All Population,5,Prevalence,212,Mauritania,3,Both,27,Age-standardized,543,Alzheimer's disease and other dementias,3,Rate,1990,431.30439599969,494.13707594022,369.21244451696003
1,All Population,5,Prevalence,215,Sao Tome and Principe,3,Both,27,Age-standardized,543,Alzheimer's disease and other dementias,2,Percent,1991,0.0041575139413232,0.0047428394224317,0.0035575547916602
1,All Population,5,Prevalence,215,Sao Tome and Principe,3,Both,27,Age-standardized,543,Alzheimer's disease and other dementias,3,Rate,1991,415.32454936611,473.76994226902,355.42954990004
1,All Population,5,Prevalence,209,Guinea-Bissau,3,Both,27,Age-standardized,543,Alzheimer's disease and other dementias,2,Percent,1993,0.0040939538584105,0.0046547353272509,0.0035077402252989
1,All Population,5,Prevalence,209,Guinea-Bissau,3,Both,27,Age-standardized,543,Alzheimer's disease and other dementias,3,Rate,1993,408.95470329850997,465.03846567946,350.2005498912
1,All Population,5,Prevalence,208,Guinea,3,Both,27,Age-standardized,543,Alzheimer's disease and other dementias,2,Percent,1995,0.0042608679118527,0.0048627186759473,0.0036618598145596
1,All Population,5,Prevalence,208,Guinea,3,Both,27,Age-standardized,543,Alzheimer's disease and other dementias,3,Rate,1995,425.38378663732,485.3687919721,365.8231273914
1,All Population,5,Prevalence,208,Guinea,3,Both,27,Age-standardized,543,Alzheimer's disease and other dementias,2,Percent,1991,0.0042869643456976,0.0048948663118233,0.0037097966336351
1,All Population,5,Prevalence,208,Guinea,3,Both,27,Age-standardized,543,Alzheimer's disease and other dementias,3,Rate,1991,428.12619744562005,488.39248482785,370.49903710057004
1,All Population,5,Prevalence,218,Togo,3,Both,27,Age-standardized,543,Alzheimer's disease and other dementias,2,Percent,1991,0.0042589683579492,0.0048527012100627,0.0036648641750633
1,All Population,5,Prevalence,218,Togo,3,Both,27,Age-standardized,543,Alzheimer's disease and other dementias,3,Rate,1991,425.43111798403,484.78805978802995,366.14133165529
1,All Population,5,Prevalence,217,Sierra Leone,3,Both,27,Age-standardized,543,Alzheimer's disease and other dementias,2,Percent,1992,0.0042947700425307,0.0048989530444363,0.0036919365990644
1,All Population,5,Prevalence,217,Sierra Leone,3,Both,27,Age-standardized,543,Alzheimer's disease and other dementias,3,Rate,1992,428.96433097475006,489.23112283950996,368.85436914969
1,All Population,5,Prevalence,214,Nigeria,3,Both,27,Age-standardized,543,Alzheimer's disease and other dementias,2,Percent,1990,0.0039773943803062,0.0046041408701247,0.0033798467070455
1,All Population,5,Prevalence,214,Nigeria,3,Both,27,Age-standardized,543,Alzheimer's disease and other dementias,3,Rate,1990,397.08326053303006,459.65042570129003,337.32034414128
1,All Population,5,Prevalence,217,Sierra Leone,3,Both,27,Age-standardized,543,Alzheimer's disease and other dementias,2,Percent,1991,0.0043032078150203,0.0049083021706659,0.0036978687827677
1,All Population,5,Prevalence,217,Sierra Leone,3,Both,27,Age-standardized,543,Alzheimer's disease and other dementias,3,Rate,1991,429.83647908985,489.91648926369004,369.53928828982
1,All Population,5,Prevalence,201,Burkina Faso,3,Both,27,Age-standardized,543,Alzheimer's disease and other dementias,2,Percent,1993,0.0044439274014241,0.005070927619455,0.0038383377482665
1,All Population,5,Prevalence,201,Burkina Faso,3,Both,27,Age-standardized,543,Alzheimer's disease and other dementias,3,Rate,1993,444.2605021459,506.91497714592,383.71253684977
1,All Population,5,Prevalence,210,Liberia,3,Both,27,Age-standardized,543,Alzheimer's disease and other dementias,2,Percent,1995,0.0041312871743934,0.0047237941139923,0.0035490522995412
1,All Population,5,Prevalence,210,Liberia,3,Both,27,Age-standardized,543,Alzheimer's disease and other dementias,3,Rate,1995,412.56354389744,471.92400133487,354.43372147004
1,All Population,5,Prevalence,214,Nigeria,3,Both,27,Age-standardized,543,Alzheimer's disease and other dementias,2,Percent,1994,0.0039365965029369,0.0045382013870762,0.0033448374306083
1,All Population,5,Prevalence,214,Nigeria,3,Both,27,Age-standardized,543,Alzheimer's disease and other dementias,3,Rate,1994,392.76986141299,452.75502796199004,333.78839947987
1,All Population,5,Prevalence,206,Gambia,3,Both,27,Age-standardized,543,Alzheimer's disease and other dementias,2,Percent,1997,0.0042217674440343,0.0048076088358139,0.0036292219017764
1,All Population,5,Prevalence,206,Gambia,3,Both,27,Age-standardized,543,Alzheimer's disease and other dementias,3,Rate,1997,420.11338063233995,478.17105053894005,361.32772761913003
1,All Population,5,Prevalence,204,Chad,3,Both,27,Age-standardized,543,Alzheimer's disease and other dementias,2,Percent,1995,0.0043448860330254,0.0049675672695079,0.0037539968121289
1,All Population,5,Prevalence,204,Chad,3,Both,27,Age-standardized,543,Alzheimer's disease and other dementias,3,Rate,1995,433.63181741188,494.97139148165,374.51218324319
1,All Population,5,Prevalence,211,Mali,3,Both,27,Age-standardized,543,Alzheimer's disease and other dementias,2,Percent,1992,0.0042990328885981,0.0048990768199213,0.0037270529779161
1,All Population,5,Prevalence,211,Mali,3,Both,27,Age-standardized,543,Alzheimer's disease and other dementias,3,Rate,1992,429.48672840102,489.52725713755,372.4282532007
1,All Population,5,Prevalence,216,Senegal,3,Both,27,Age-standardized,543,Alzheimer's disease and other dementias,2,Percent,1992,0.0042498280522954,0.0048572591600414,0.0036645459891766
1,All Population,5,Prevalence,216,Senegal,3,Both,27,Age-standardized,543,Alzheimer's disease and other dementias,3,Rate,1992,424.04996381162,484.27152903862003,365.88051893937
1,All Population,5,Prevalence,208,Guinea,3,Both,27,Age-standardized,543,Alzheimer's disease and other dementias,2,Percent,1997,0.004245329659744,0.0048212146540224,0.0036466678148542
1,All Population,5,Prevalence,208,Guinea,3,Both,27,Age-standardized,543,Alzheimer's disease and other dementias,3,Rate,1997,423.71201557735,481.28454650647,364.20015066094
1,All Population,5,Prevalence,202,Cameroon,3,Both,27,Age-standardized,543,Alzheimer's disease and other dementias,2,Percent,1994,0.0040963857779121,0.004701861879344,0.0035213942931021
1,All Population,5,Prevalence,202,Cameroon,3,Both,27,Age-standardized,543,Alzheimer's disease and other dementias,3,Rate,1994,408.46586174800996,468.49922273055,351.29028755025
1,All Population,5,Prevalence,200,Benin,3,Both,27,Age-standardized,543,Alzheimer's disease and other dementias,2,Percent,1992,0.0043114759636928,0.0048613180001627,0.0037022591604772
1,All Population,5,Prevalence,200,Benin,3,Both,27,Age-standardized,543,Alzheimer's disease and other dementias,3,Rate,1992,430.1674973622,484.86609289259,369.26929340448
1,All Population,5,Prevalence,213,Niger,3,Both,27,Age-standardized,543,Alzheimer's disease and other dementias,2,Percent,1992,0.004473389112158,0.0051063150546136,0.0038606871984449
1,All Population,5,Prevalence,213,Niger,3,Both,27,Age-standardized,543,Alzheimer's disease and other dementias,3,Rate,1992,447.03400927363003,510.24869136530003,385.83965676085
1,All Population,5,Prevalence,210,Liberia,3,Both,27,Age-standardized,543,Alzheimer's disease and other dementias,2,Percent,1997,0.0041173641822991,0.0046909209874995,0.0035388826169661
1,All Population,5,Prevalence,210,Liberia,3,Both,27,Age-standardized,543,Alzheimer's disease and other dementias,3,Rate,1997,411.12673000941,468.29553311903,353.41515002304004
1,All Population,5,Prevalence,203,Cabo Verde,3,Both,27,Age-standardized,543,Alzheimer's disease and other dementias,2,Percent,1992,0.0043682456033565,0.0049723701089471,0.0037568814337192
1,All Population,5,Prevalence,203,Cabo Verde,3,Both,27,Age-standardized,543,Alzheimer's disease and other dementias,3,Rate,1992,429.87601560666997,488.92245048738,370.83563407637996
1,All Population,5,Prevalence,216,Senegal,3,Both,27,Age-standardized,543,Alzheimer's disease and other dementias,2,Percent,1994,0.0042372716460974,0.0048372054503537,0.0036360597492963
1,All Population,5,Prevalence,216,Senegal,3,Both,27,Age-standardized,543,Alzheimer's disease and other dementias,3,Rate,1994,422.62799496197,482.83942057308,362.77150165431
1,All Population,5,Prevalence,204,Chad,3,Both,27,Age-standardized,543,Alzheimer's disease and other dementias,2,Percent,1998,0.0042964357211675,0.0048990744054743,0.0036940424140803
1,All Population,5,Prevalence,204,Chad,3,Both,27,Age-standardized,543,Alzheimer's disease and other dementias,3,Rate,1998,428.71763022828,488.96259585315,368.80250233348
1,All Population,5,Prevalence,202,Cameroon,3,Both,27,Age-standardized,543,Alzheimer's disease and other dementias,2,Percent,1992,0.0041148427686399,0.0046930370852349,0.0035464875009842
1,All Population,5,Prevalence,202,Cameroon,3,Both,27,Age-standardized,543,Alzheimer's disease and other dementias,3,Rate,1992,410.2996142251,468.00641848842,353.75592001798
1,All Population,5,Prevalence,206,Gambia,3,Both,27,Age-standardized,543,Alzheimer's disease and other dementias,2,Percent,1998,0.0042066581433289,0.0047958292109857,0.0036038379962288
1,All Population,5,Prevalence,206,Gambia,3,Both,27,Age-standardized,543,Alzheimer's disease and other dementias,3,Rate,1998,418.43396462021,476.49150756578,358.70771251252
1,All Population,5,Prevalence,208,Guinea,3,Both,27,Age-standardized,543,Alzheimer's disease and other dementias,2,Percent,1998,0.0042349464273189,0.0048071528258635,0.0036361566981682
1,All Population,5,Prevalence,208,Guinea,3,Both,27,Age-standardized,543,Alzheimer's disease and other dementias,3,Rate,1998,422.59568787912997,479.59276982123,363.00982764301
1,All Population,5,Prevalence,210,Liberia,3,Both,27,Age-standardized,543,Alzheimer's disease and other dementias,2,Percent,1998,0.004105883332019,0.0046815076678832,0.0035318151999731
1,All Population,5,Prevalence,210,Liberia,3,Both,27,Age-standardized,543,Alzheimer's disease and other dementias,3,Rate,1998,409.93757169682,467.30848906367,352.67335048049
1,All Population,5,Prevalence,218,Togo,3,Both,27,Age-standardized,543,Alzheimer's disease and other dementias,2,Percent,1994,0.004224712619668,0.0048539605045017,0.0036518395856826
1,All Population,5,Prevalence,218,Togo,3,Both,27,Age-standardized,543,Alzheimer's disease and other dementias,3,Rate,1994,421.92856003183,484.63467921982,364.74633494111
1,All Population,5,Prevalence,201,Burkina Faso,3,Both,27,Age-standardized,543,Alzheimer's disease and other dementias,2,Percent,1992,0.004452195201169,0.0050677661245453,0.0038527641626614
1,All Population,5,Prevalence,201,Burkina Faso,3,Both,27,Age-standardized,543,Alzheimer's disease and other dementias,3,Rate,1992,445.09287880729,506.63785771117006,385.16548379897
1,All Population,5,Prevalence,201,Burkina Faso,3,Both,27,Age-standardized,543,Alzheimer's disease and other dementias,2,Percent,1994,0.0044359870000254,0.0050782306407963,0.0038239884861743
1,All Population,5,Prevalence,201,Burkina Faso,3,Both,27,Age-standardized,543,Alzheimer's disease and other dementias,3,Rate,1994,443.45920577914006,507.60869334723,382.27041116996
1,All Population,5,Prevalence,201,Burkina Faso,3,Both,27,Age-standardized,543,Alzheimer's disease and other dementias,2,Percent,1995,0.0044287561911818,0.0050829987670699,0.0038105103111717
1,All Population,5,Prevalence,201,Burkina Faso,3,Both,27,Age-standardized,543,Alzheimer's disease and other dementias,3,Rate,1995,442.72724775999,508.14051098804,380.91439598127
1,All Population,5,Prevalence,212,Mauritania,3,Both,27,Age-standardized,543,Alzheimer's disease and other dementias,2,Percent,1993,0.0043063328656135,0.0049143609200162,0.0036907942903852
1,All Population,5,Prevalence,212,Mauritania,3,Both,27,Age-standardized,543,Alzheimer's disease and other dementias,3,Rate,1993,426.79727766199005,486.78035936123,366.29114766201
1,All Population,5,Prevalence,200,Benin,3,Both,27,Age-standardized,543,Alzheimer's disease and other dementias,2,Percent,1995,0.0042112977475859,0.0047431152721953,0.0036758119723562
1,All Population,5,Prevalence,200,Benin,3,Both,27,Age-standardized,543,Alzheimer's disease and other dementias,3,Rate,1995,420.04989878340996,473.09444097186,366.60943443131004
1,All Population,5,Prevalence,218,Togo,3,Both,27,Age-standardized,543,Alzheimer's disease and other dementias,2,Percent,1992,0.0042461896108176,0.0048438710736642,0.0036604871863592
1,All Population,5,Prevalence,218,Togo,3,Both,27,Age-standardized,543,Alzheimer's disease and other dementias,3,Rate,1992,424.1273369996,483.77656736282,365.67915056449
1,All Population,5,Prevalence,209,Guinea-Bissau,3,Both,27,Age-standardized,543,Alzheimer's disease and other dementias,2,Percent,1995,0.0040792128135886,0.0046551916635531,0.0034755826758321
1,All Population,5,Prevalence,209,Guinea-Bissau,3,Both,27,Age-standardized,543,Alzheimer's disease and other dementias,3,Rate,1995,407.4137559771,464.81109071447,346.94004024316
1,All Population,5,Prevalence,202,Cameroon,3,Both,27,Age-standardized,543,Alzheimer's disease and other dementias,2,Percent,1995,0.0040893366854713,0.0046993932541117,0.0035117575409885
1,All Population,5,Prevalence,202,Cameroon,3,Both,27,Age-standardized,543,Alzheimer's disease and other dementias,3,Rate,1995,407.76253127203995,468.60026736965006,350.34324677922
1,All Population,5,Prevalence,211,Mali,3,Both,27,Age-standardized,543,Alzheimer's disease and other dementias,2,Percent,1995,0.0042686090620901,0.0048867272332568,0.0036690168542352
1,All Population,5,Prevalence,211,Mali,3,Both,27,Age-standardized,543,Alzheimer's disease and other dementias,3,Rate,1995,426.36728870896997,488.11917870827,366.51947392634
1,All Population,5,Prevalence,200,Benin,3,Both,27,Age-standardized,543,Alzheimer's disease and other dementias,2,Percent,1993,0.0042620855142686,0.0047972220288196,0.0036942803137272
1,All Population,5,Prevalence,200,Benin,3,Both,27,Age-standardized,543,Alzheimer's disease and other dementias,3,Rate,1993,425.19993869586,478.62340847659004,368.45166229412
1,All Population,5,Prevalence,200,Benin,3,Both,27,Age-standardized,543,Alzheimer's disease and other dementias,2,Percent,1996,0.0042077814699778,0.0047321447216456,0.0036829741624045
1,All Population,5,Prevalence,200,Benin,3,Both,27,Age-standardized,543,Alzheimer's disease and other dementias,3,Rate,1996,419.65497065208,471.85723760367,367.26706591436
1,All Population,5,Prevalence,213,Niger,3,Both,27,Age-standardized,543,Alzheimer's disease and other dementias,2,Percent,1995,0.0044339058821448,0.0050382230146752,0.0038350299764753
1,All Population,5,Prevalence,213,Niger,3,Both,27,Age-standardized,543,Alzheimer's disease and other dementias,3,Rate,1995,443.02537064163,503.41117764900997,383.22061750831
1,All Population,5,Prevalence,211,Mali,3,Both,27,Age-standardized,543,Alzheimer's disease and other dementias,2,Percent,1993,0.0042878166634263,0.0048978414213514,0.0037022945808882
1,All Population,5,Prevalence,211,Mali,3,Both,27,Age-standardized,543,Alzheimer's disease and other dementias,3,Rate,1993,428.34356599829005,489.29756010118,369.88987930226
1,All Population,5,Prevalence,212,Mauritania,3,Both,27,Age-standardized,543,Alzheimer's disease and other dementias,2,Percent,1992,0.0043189008156167,0.0049335455573363,0.0037046805057252
1,All Population,5,Prevalence,212,Mauritania,3,Both,27,Age-standardized,543,Alzheimer's disease and other dementias,3,Rate,1992,428.19975513134005,488.71151982210006,367.22346167252
1,All Population,5,Prevalence,214,Nigeria,3,Both,27,Age-standardized,543,Alzheimer's disease and other dementias,2,Percent,1993,0.003949325597266,0.0045587164248642,0.003354605789578
1,All Population,5,Prevalence,214,Nigeria,3,Both,27,Age-standardized,543,Alzheimer's disease and other dementias,3,Rate,1993,394.09444809771,454.87514609985,334.81403829009
1,All Population,5,Prevalence,211,Mali,3,Both,27,Age-standardized,543,Alzheimer's disease and other dementias,2,Percent,1994,0.0042775647272552,0.0048918808591969,0.0036732954914427
1,All Population,5,Prevalence,211,Mali,3,Both,27,Age-standardized,543,Alzheimer's disease and other dementias,3,Rate,1994,427.29358352027,488.6548407412,366.96940236087
1,All Population,5,Prevalence,215,Sao Tome and Principe,3,Both,27,Age-standardized,543,Alzheimer's disease and other dementias,2,Percent,1995,0.0041127868141487,0.0046958284549372,0.0035102494923451
1,All Population,5,Prevalence,215,Sao Tome and Principe,3,Both,27,Age-standardized,543,Alzheimer's disease and other dementias,3,Rate,1995,410.73297759557,468.89057656395,350.74722875726
1,All Population,5,Prevalence,205,Côte d'Ivoire,3,Both,27,Age-standardized,543,Alzheimer's disease and other dementias,2,Percent,1992,0.0041382627363935,0.0047212275098444,0.0035553220718158
1,All Population,5,Prevalence,205,Côte d'Ivoire,3,Both,27,Age-standardized,543,Alzheimer's disease and other dementias,3,Rate,1992,412.70388293177996,471.17153171999996,354.71075750312997
1,All Population,5,Prevalence,203,Cabo Verde,3,Both,27,Age-standardized,543,Alzheimer's disease and other dementias,2,Percent,1995,0.0043426567171092,0.0049498661287574,0.0037483382169537
1,All Population,5,Prevalence,203,Cabo Verde,3,Both,27,Age-standardized,543,Alzheimer's disease and other dementias,3,Rate,1995,426.48196495016,485.68418914865,368.31292086404
1,All Population,5,Prevalence,202,Cameroon,3,Both,27,Age-standardized,543,Alzheimer's disease and other dementias,2,Percent,1996,0.0040811541998058,0.0046871389739411,0.0034972562150523
1,All Population,5,Prevalence,202,Cameroon,3,Both,27,Age-standardized,543,Alzheimer's disease and other dementias,3,Rate,1996,406.94773300028004,467.26053501972996,348.91604853707
1,All Population,5,Prevalence,213,Niger,3,Both,27,Age-standardized,543,Alzheimer's disease and other dementias,2,Percent,1994,0.0044462354448419,0.005056859132511,0.0038323790324994
1,All Population,5,Prevalence,213,Niger,3,Both,27,Age-standardized,543,Alzheimer's disease and other dementias,3,Rate,1994,444.28036995345997,505.31766912922996,382.97524353217
1,All Population,5,Prevalence,217,Sierra Leone,3,Both,27,Age-standardized,543,Alzheimer's disease and other dementias,2,Percent,1997,0.0042808715474852,0.0048773785853327,0.0036869337820307
1,All Population,5,Prevalence,217,Sierra Leone,3,Both,27,Age-standardized,543,Alzheimer's disease and other dementias,3,Rate,1997,427.50065463084997,486.62207246493,368.28727645045
1,All Population,5,Prevalence,210,Liberia,3,Both,27,Age-standardized,543,Alzheimer's disease and other dementias,2,Percent,2000,0.0040922851657143,0.004674767840287,0.0035239709012503
1,All Population,5,Prevalence,210,Liberia,3,Both,27,Age-standardized,543,Alzheimer's disease and other dementias,3,Rate,2000,408.47713803886995,466.56435925354,351.54461953339
1,All Population,5,Prevalence,217,Sierra Leone,3,Both,27,Age-standardized,543,Alzheimer's disease and other dementias,2,Percent,1995,0.0042860177890628,0.0048769046516382,0.0037044969130369
1,All Population,5,Prevalence,217,Sierra Leone,3,Both,27,Age-standardized,543,Alzheimer's disease and other dementias,3,Rate,1995,428.04055600468996,486.63530064153997,370.15081354564
1,All Population,5,Prevalence,212,Mauritania,3,Both,27,Age-standardized,543,Alzheimer's disease and other dementias,2,Percent,1994,0.0042944019982438,0.0049068424873497,0.0036730880462958
1,All Population,5,Prevalence,212,Mauritania,3,Both,27,Age-standardized,543,Alzheimer's disease and other dementias,3,Rate,1994,425.48212042969004,487.21163042688005,364.31819979381
1,All Population,5,Prevalence,202,Cameroon,3,Both,27,Age-standardized,543,Alzheimer's disease and other dementias,2,Percent,1993,0.0041050886421188,0.0047069108500542,0.003533094381577
1,All Population,5,Prevalence,202,Cameroon,3,Both,27,Age-standardized,543,Alzheimer's disease and other dementias,3,Rate,1993,409.33069198868003,469.00704829202,352.43926616265003
1,All Population,5,Prevalence,214,Nigeria,3,Both,27,Age-standardized,543,Alzheimer's disease and other dementias,2,Percent,1996,0.0039010409516057,0.0044945497080601,0.0033164099456265
1,All Population,5,Prevalence,214,Nigeria,3,Both,27,Age-standardized,543,Alzheimer's disease and other dementias,3,Rate,1996,389.15418112647,448.09806434549006,330.9337911561
1,All Population,5,Prevalence,200,Benin,3,Both,27,Age-standardized,543,Alzheimer's disease and other dementias,2,Percent,1994,0.0042267189756839,0.0047581435949748,0.0036946133121412
1,All Population,5,Prevalence,200,Benin,3,Both,27,Age-standardized,543,Alzheimer's disease and other dementias,3,Rate,1994,421.63035975419,474.62342833057005,368.39141845034
1,All Population,5,Prevalence,203,Cabo Verde,3,Both,27,Age-standardized,543,Alzheimer's disease and other dementias,2,Percent,1994,0.0043488381560061,0.0049457882841333,0.0037519711766179
1,All Population,5,Prevalence,203,Cabo Verde,3,Both,27,Age-standardized,543,Alzheimer's disease and other dementias,3,Rate,1994,427.38784635470006,486.5363236813,369.28121743371
1,All Population,5,Prevalence,203,Cabo Verde,3,Both,27,Age-standardized,543,Alzheimer's disease and other dementias,2,Percent,1993,0.0043574435027258,0.0049534713825354,0.0037497168660104
1,All Population,5,Prevalence,203,Cabo Verde,3,Both,27,Age-standardized,543,Alzheimer's disease and other dementias,3,Rate,1993,428.52780610962003,487.03188194291005,369.61118566506997
1,All Population,5,Prevalence,216,Senegal,3,Both,27,Age-standardized,543,Alzheimer's disease and other dementias,2,Percent,1993,0.0042438715613945,0.0048434076230636,0.0036534520059726
1,All Population,5,Prevalence,216,Senegal,3,Both,27,Age-standardized,543,Alzheimer's disease and other dementias,3,Rate,1993,423.37289174942003,482.95655462007,364.64840817838
1,All Population,5,Prevalence,214,Nigeria,3,Both,27,Age-standardized,543,Alzheimer's disease and other dementias,2,Percent,1992,0.0039608684557851,0.0045775733060384,0.0033617737551686
1,All Population,5,Prevalence,214,Nigeria,3,Both,27,Age-standardized,543,Alzheimer's disease and other dementias,3,Rate,1992,395.30778555743996,456.83600056419,335.56555709083
1,All Population,5,Prevalence,205,Côte d'Ivoire,3,Both,27,Age-standardized,543,Alzheimer's disease and other dementias,2,Percent,1995,0.0041228517336507,0.0047120219667212,0.0035238523997581
1,All Population,5,Prevalence,205,Côte d'Ivoire,3,Both,27,Age-standardized,543,Alzheimer's disease and other dementias,3,Rate,1995,411.04019833574006,469.72617177101,351.53610923932
1,All Population,5,Prevalence,207,Ghana,3,Both,27,Age-standardized,543,Alzheimer's disease and other dementias,2,Percent,1997,0.0041972866652958,0.0048301798919422,0.0036388927780419
1,All Population,5,Prevalence,207,Ghana,3,Both,27,Age-standardized,543,Alzheimer's disease and other dementias,3,Rate,1997,418.59383910875005,481.73962346180997,362.91430589449004
1,All Population,5,Prevalence,201,Burkina Faso,3,Both,27,Age-standardized,543,Alzheimer's disease and other dementias,2,Percent,1997,0.0044061481935895,0.0050082897049716,0.0037943908708815
1,All Population,5,Prevalence,201,Burkina Faso,3,Both,27,Age-standardized,543,Alzheimer's disease and other dementias,3,Rate,1997,440.43580953193,500.61177482183,379.27040201006
1,All Population,5,Prevalence,213,Niger,3,Both,27,Age-standardized,543,Alzheimer's disease and other dementias,2,Percent,1993,0.0044600743755476,0.0050815352685978,0.0038476006142292
1,All Population,5,Prevalence,213,Niger,3,Both,27,Age-standardized,543,Alzheimer's disease and other dementias,3,Rate,1993,445.68426673660997,507.80032572072,384.50219074881
1,All Population,5,Prevalence,207,Ghana,3,Both,27,Age-standardized,543,Alzheimer's disease and other dementias,2,Percent,1995,0.0041929883216152,0.0048190340995873,0.0036230478623332
1,All Population,5,Prevalence,207,Ghana,3,Both,27,Age-standardized,543,Alzheimer's disease and other dementias,3,Rate,1995,418.36440905574005,481.22951956742,361.43185276558
1,All Population,5,Prevalence,211,Mali,3,Both,27,Age-standardized,543,Alzheimer's disease and other dementias,2,Percent,1998,0.0042332381965898,0.0048322097529679,0.0036121500790835
1,All Population,5,Prevalence,211,Mali,3,Both,27,Age-standardized,543,Alzheimer's disease and other dementias,3,Rate,1998,422.68816672699,482.39710924465,360.70628907171005
1,All Population,5,Prevalence,209,Guinea-Bissau,3,Both,27,Age-standardized,543,Alzheimer's disease and other dementias,2,Percent,1997,0.0040644283139107,0.0046299349082701,0.0034674097690388
1,All Population,5,Prevalence,209,Guinea-Bissau,3,Both,27,Age-standardized,543,Alzheimer's disease and other dementias,3,Rate,1997,405.8671810862,462.39926213034,346.43676525342
1,All Population,5,Prevalence,215,Sao Tome and Principe,3,Both,27,Age-standardized,543,Alzheimer's disease and other dementias,2,Percent,1994,0.0041210840154534,0.0046906703970959,0.0035236907830816
1,All Population,5,Prevalence,215,Sao Tome and Principe,3,Both,27,Age-standardized,543,Alzheimer's disease and other dementias,3,Rate,1994,411.59480814430003,468.39534347743,351.95017604723
1,All Population,5,Prevalence,214,Nigeria,3,Both,27,Age-standardized,543,Alzheimer's disease and other dementias,2,Percent,1998,0.0038251426879212,0.0044048089338808,0.0032569949853156
1,All Population,5,Prevalence,214,Nigeria,3,Both,27,Age-standardized,543,Alzheimer's disease and other dementias,3,Rate,1998,381.56484494797,439.61651325042,325.01427503174
1,All Population,5,Prevalence,200,Benin,3,Both,27,Age-standardized,543,Alzheimer's disease and other dementias,2,Percent,1998,0.0042072991105803,0.0047287684134634,0.0036907883139509
1,All Population,5,Prevalence,200,Benin,3,Both,27,Age-standardized,543,Alzheimer's disease and other dementias,3,Rate,1998,419.51068403367003,471.43136236975005,367.69921620032
1,All Population,5,Prevalence,213,Niger,3,Both,27,Age-standardized,543,Alzheimer's disease and other dementias,2,Percent,1996,0.0044200594884929,0.0050290574666943,0.0038130143633391
1,All Population,5,Prevalence,213,Niger,3,Both,27,Age-standardized,543,Alzheimer's disease and other dementias,3,Rate,1996,441.61475070194,502.45486110763,381.02027681859
1,All Population,5,Prevalence,207,Ghana,3,Both,27,Age-standardized,543,Alzheimer's disease and other dementias,2,Percent,1992,0.0042105281289476,0.0048087939609266,0.0036479788003151
1,All Population,5,Prevalence,207,Ghana,3,Both,27,Age-standardized,543,Alzheimer's disease and other dementias,3,Rate,1992,420.30560108608,479.93372995824006,364.12716861325
1,All Population,5,Prevalence,212,Mauritania,3,Both,27,Age-standardized,543,Alzheimer's disease and other dementias,2,Percent,1997,0.0042544986907098,0.0048390989261116,0.0036238366641682
1,All Population,5,Prevalence,212,Mauritania,3,Both,27,Age-standardized,543,Alzheimer's disease and other dementias,3,Rate,1997,421.19658131477996,479.20202013956,359.52875949567004
1,All Population,5,Prevalence,202,Cameroon,3,Both,27,Age-standardized,543,Alzheimer's disease and other dementias,2,Percent,1998,0.0040621166284073,0.0046163337612634,0.0034628074091742
1,All Population,5,Prevalence,202,Cameroon,3,Both,27,Age-standardized,543,Alzheimer's disease and other dementias,3,Rate,1998,405.05531597844003,460.26082086027,345.31897940787997
1,All Population,5,Prevalence,204,Chad,3,Both,27,Age-standardized,543,Alzheimer's disease and other dementias,2,Percent,2002,0.0042444273053546,0.0048556138708927,0.0036242872498576
1,All Population,5,Prevalence,204,Chad,3,Both,27,Age-standardized,543,Alzheimer's disease and other dementias,3,Rate,2002,423.30488002639,484.59558068841,361.45808757073
1,All Population,5,Prevalence,213,Niger,3,Both,27,Age-standardized,543,Alzheimer's disease and other dementias,2,Percent,1998,0.0043903810547641,0.005000983300642,0.0037833027371608
1,All Population,5,Prevalence,213,Niger,3,Both,27,Age-standardized,543,Alzheimer's disease and other dementias,3,Rate,1998,438.57784376036,499.7379644531,377.97060452248
1,All Population,5,Prevalence,206,Gambia,3,Both,27,Age-standardized,543,Alzheimer's disease and other dementias,2,Percent,2002,0.0041712087151208,0.0047730603267543,0.0035922390816387
1,All Population,5,Prevalence,206,Gambia,3,Both,27,Age-standardized,543,Alzheimer's disease and other dementias,3,Rate,2002,414.14898428393,473.41394574914995,356.70076909183996
1,All Population,5,Prevalence,211,Mali,3,Both,27,Age-standardized,543,Alzheimer's disease and other dementias,2,Percent,1996,0.0042586426325942,0.0048742058724179,0.0036498134718961
1,All Population,5,Prevalence,211,Mali,3,Both,27,Age-standardized,543,Alzheimer's disease and other dementias,3,Rate,1996,425.32985648846,486.85123634419,364.61383825168997
1,All Population,5,Prevalence,205,Côte d'Ivoire,3,Both,27,Age-standardized,543,Alzheimer's disease and other dementias,2,Percent,1993,0.0041322862135452,0.0047059350983621,0.0035360180158575
1,All Population,5,Prevalence,205,Côte d'Ivoire,3,Both,27,Age-standardized,543,Alzheimer's disease and other dementias,3,Rate,1993,412.06696813951,469.60732581801,352.85960088848003
1,All Population,5,Prevalence,201,Burkina Faso,3,Both,27,Age-standardized,543,Alzheimer's disease and other dementias,2,Percent,1996,0.0044168408831009,0.005046957205317,0.0038076797213041
1,All Population,5,Prevalence,201,Burkina Faso,3,Both,27,Age-standardized,543,Alzheimer's disease and other dementias,3,Rate,1996,441.52330392569,504.53872949597,380.61781350189
1,All Population,5,Prevalence,203,Cabo Verde,3,Both,27,Age-standardized,543,Alzheimer's disease and other dementias,2,Percent,1997,0.0043329211970239,0.004915305923752,0.0037447773698306
1,All Population,5,Prevalence,203,Cabo Verde,3,Both,27,Age-standardized,543,Alzheimer's disease and other dementias,3,Rate,1997,424.79447037378,482.35777455302,367.78979609869003
1,All Population,5,Prevalence,208,Guinea,3,Both,27,Age-standardized,543,Alzheimer's disease and other dementias,2,Percent,2002,0.0042007214004483,0.0047706056068077,0.0036034047146653
1,All Population,5,Prevalence,208,Guinea,3,Both,27,Age-standardized,543,Alzheimer's disease and other dementias,3,Rate,2002,418.73733489696,475.66737852048,359.25308101392
1,All Population,5,Prevalence,205,Côte d'Ivoire,3,Both,27,Age-standardized,543,Alzheimer's disease and other dementias,2,Percent,1994,0.0041268685779023,0.0047078905278812,0.0035304773460887
1,All Population,5,Prevalence,205,Côte d'Ivoire,3,Both,27,Age-standardized,543,Alzheimer's disease and other dementias,3,Rate,1994,411.48423200945,469.52897099476,352.23125663251
1,All Population,5,Prevalence,216,Senegal,3,Both,27,Age-standardized,543,Alzheimer's disease and other dementias,2,Percent,1998,0.0042102590029929,0.0048038960191584,0.0036221090191375
1,All Population,5,Prevalence,216,Senegal,3,Both,27,Age-standardized,543,Alzheimer's disease and other dementias,3,Rate,1998,419.38037222511,477.93706765667,360.91296046808003
1,All Population,5,Prevalence,216,Senegal,3,Both,27,Age-standardized,543,Alzheimer's disease and other dementias,2,Percent,1996,0.004225227225668,0.0048136103212988,0.0036324790665919
1,All Population,5,Prevalence,216,Senegal,3,Both,27,Age-standardized,543,Alzheimer's disease and other dementias,3,Rate,1996,421.23284104191004,480.29337553599004,362.23002983201
1,All Population,5,Prevalence,215,Sao Tome and Principe,3,Both,27,Age-standardized,543,Alzheimer's disease and other dementias,2,Percent,1993,0.0041317771974116,0.0046999441079712,0.0035306158287644
1,All Population,5,Prevalence,215,Sao Tome and Principe,3,Both,27,Age-standardized,543,Alzheimer's disease and other dementias,3,Rate,1993,412.69577873228,469.40874176152,352.73845483883
1,All Population,5,Prevalence,215,Sao Tome and Principe,3,Both,27,Age-standardized,543,Alzheimer's disease and other dementias,2,Percent,1998,0.0040896011185948,0.0046660783778192,0.0034915703969219
1,All Population,5,Prevalence,215,Sao Tome and Principe,3,Both,27,Age-standardized,543,Alzheimer's disease and other dementias,3,Rate,1998,408.2673205606,465.64213418539003,348.55602367119
1,All Population,5,Prevalence,217,Sierra Leone,3,Both,27,Age-standardized,543,Alzheimer's disease and other dementias,2,Percent,1999,0.0042832952525024,0.004881057527572,0.0036802483421677
1,All Population,5,Prevalence,217,Sierra Leone,3,Both,27,Age-standardized,543,Alzheimer's disease and other dementias,3,Rate,1999,427.74225108264,487.22270334992,367.71858701598
1,All Population,5,Prevalence,203,Cabo Verde,3,Both,27,Age-standardized,543,Alzheimer's disease and other dementias,2,Percent,1998,0.0043285272648333,0.004917589646635,0.0037394816556791
1,All Population,5,Prevalence,203,Cabo Verde,3,Both,27,Age-standardized,543,Alzheimer's disease and other dementias,3,Rate,1998,423.92934398654,481.5556778411,367.13348584205
1,All Population,5,Prevalence,203,Cabo Verde,3,Both,27,Age-standardized,543,Alzheimer's disease and other dementias,2,Percent,1996,0.0043377343299929,0.0049360054702365,0.0037488111603669
1,All Population,5,Prevalence,203,Cabo Verde,3,Both,27,Age-standardized,543,Alzheimer's disease and other dementias,3,Rate,1996,425.66402712632004,484.09644986794007,368.2459465397
1,All Population,5,Prevalence,214,Nigeria,3,Both,27,Age-standardized,543,Alzheimer's disease and other dementias,2,Percent,1997,0.0038653274775282,0.0044545795015973,0.0032886841297424
1,All Population,5,Prevalence,214,Nigeria,3,Both,27,Age-standardized,543,Alzheimer's disease and other dementias,3,Rate,1997,385.58072148701,444.09478395522,328.1705423336
1,All Population,5,Prevalence,218,Togo,3,Both,27,Age-standardized,543,Alzheimer's disease and other dementias,2,Percent,1993,0.0042341928135722,0.0048375683985622,0.0036563629540742
1,All Population,5,Prevalence,218,Togo,3,Both,27,Age-standardized,543,Alzheimer's disease and other dementias,3,Rate,1993,422.90204554873,483.07625103654,365.24214549395
1,All Population,5,Prevalence,205,Côte d'Ivoire,3,Both,27,Age-standardized,543,Alzheimer's disease and other dementias,2,Percent,1997,0.0041123391070657,0.0046943072496925,0.0035379730450734
1,All Population,5,Prevalence,205,Côte d'Ivoire,3,Both,27,Age-standardized,543,Alzheimer's disease and other dementias,3,Rate,1997,409.88295999042003,468.03631256119996,352.86343385413
1,All Population,5,Prevalence,218,Togo,3,Both,27,Age-standardized,543,Alzheimer's disease and other dementias,2,Percent,1998,0.0041917856986207,0.0047847286001208,0.0035768672233587
1,All Population,5,Prevalence,218,Togo,3,Both,27,Age-standardized,543,Alzheimer's disease and other dementias,3,Rate,1998,418.53036396169995,477.77680088766,357.15372239517
1,All Population,5,Prevalence,216,Senegal,3,Both,27,Age-standardized,543,Alzheimer's disease and other dementias,2,Percent,1997,0.0042183064663408,0.0048098713583922,0.0036278418996404
1,All Population,5,Prevalence,216,Senegal,3,Both,27,Age-standardized,543,Alzheimer's disease and other dementias,3,Rate,1997,420.37852590976,479.40813467495997,361.62961993243
1,All Population,5,Prevalence,204,Chad,3,Both,27,Age-standardized,543,Alzheimer's disease and other dementias,2,Percent,1994,0.0043578157226644,0.0049674427959203,0.0037707979711413
1,All Population,5,Prevalence,204,Chad,3,Both,27,Age-standardized,543,Alzheimer's disease and other dementias,3,Rate,1994,434.95300643963,495.16510785703,376.47645437963
1,All Population,5,Prevalence,217,Sierra Leone,3,Both,27,Age-standardized,543,Alzheimer's disease and other dementias,2,Percent,1998,0.0042757653652472,0.0048743872450639,0.0036748819380598
1,All Population,5,Prevalence,217,Sierra Leone,3,Both,27,Age-standardized,543,Alzheimer's disease and other dementias,3,Rate,1998,426.99358776726,486.04517838119,367.195798221
1,All Population,5,Prevalence,212,Mauritania,3,Both,27,Age-standardized,543,Alzheimer's disease and other dementias,2,Percent,1996,0.0042706900079354,0.0048797274090134,0.0036317745661865
1,All Population,5,Prevalence,212,Mauritania,3,Both,27,Age-standardized,543,Alzheimer's disease and other dementias,3,Rate,1996,422.88693017951994,483.55848885498,360.38699266895
1,All Population,5,Prevalence,204,Chad,3,Both,27,Age-standardized,543,Alzheimer's disease and other dementias,2,Percent,2003,0.0042304164323263,0.0048416777966673,0.0036132076530641
1,All Population,5,Prevalence,204,Chad,3,Both,27,Age-standardized,543,Alzheimer's disease and other dementias,3,Rate,2003,421.79554191466997,483.15345211615005,360.44206167992
1,All Population,5,Prevalence,205,Côte d'Ivoire,3,Both,27,Age-standardized,543,Alzheimer's disease and other dementias,2,Percent,1998,0.0041053319651854,0.0046809679462674,0.0035314803972954
1,All Population,5,Prevalence,205,Côte d'Ivoire,3,Both,27,Age-standardized,543,Alzheimer's disease and other dementias,3,Rate,1998,409.12031654722,466.38356103305006,352.19405849616
1,All Population,5,Prevalence,218,Togo,3,Both,27,Age-standardized,543,Alzheimer's disease and other dementias,2,Percent,1997,0.0042005490765519,0.0048106842489388,0.0036043071664158
1,All Population,5,Prevalence,218,Togo,3,Both,27,Age-standardized,543,Alzheimer's disease and other dementias,3,Rate,1997,419.43555959739996,480.40291147526,359.92968345637
1,All Population,5,Prevalence,209,Guinea-Bissau,3,Both,27,Age-standardized,543,Alzheimer's disease and other dementias,2,Percent,1992,0.0041037284828053,0.0046704849366562,0.0035256483424202
1,All Population,5,Prevalence,209,Guinea-Bissau,3,Both,27,Age-standardized,543,Alzheimer's disease and other dementias,3,Rate,1992,409.96618415571004,466.34097374704004,352.02107190152
1,All Population,5,Prevalence,201,Burkina Faso,3,Both,27,Age-standardized,543,Alzheimer's disease and other dementias,2,Percent,1998,0.0043937877909675,0.0050057636908981,0.0037799352392612
1,All Population,5,Prevalence,201,Burkina Faso,3,Both,27,Age-standardized,543,Alzheimer's disease and other dementias,3,Rate,1998,439.17706781363,500.30868554286997,377.79949583315
1,All Population,5,Prevalence,211,Mali,3,Both,27,Age-standardized,543,Alzheimer's disease and other dementias,2,Percent,1997,0.0042462063655834,0.0048512559686233,0.0036273116270469
1,All Population,5,Prevalence,211,Mali,3,Both,27,Age-standardized,543,Alzheimer's disease and other dementias,3,Rate,1997,424.03897250872,484.49369967255996,362.17764169445
1,All Population,5,Prevalence,217,Sierra Leone,3,Both,27,Age-standardized,543,Alzheimer's disease and other dementias,2,Percent,1994,0.0042931597026002,0.0048859522320826,0.003709741153148
1,All Population,5,Prevalence,217,Sierra Leone,3,Both,27,Age-standardized,543,Alzheimer's disease and other dementias,3,Rate,1994,428.76283068840996,487.80282326271004,370.67432999611
1,All Population,5,Prevalence,206,Gambia,3,Both,27,Age-standardized,543,Alzheimer's disease and other dementias,2,Percent,2003,0.0041654604189071,0.0047711919030049,0.0035862411909792
1,All Population,5,Prevalence,206,Gambia,3,Both,27,Age-standardized,543,Alzheimer's disease and other dementias,3,Rate,2003,413.29039361755997,472.88700688862,356.17928473569003
1,All Population,5,Prevalence,215,Sao Tome and Principe,3,Both,27,Age-standardized,543,Alzheimer's disease and other dementias,2,Percent,1996,0.0041056912780273,0.0046822258476739,0.0035034036137464
1,All Population,5,Prevalence,215,Sao Tome and Principe,3,Both,27,Age-standardized,543,Alzheimer's disease and other dementias,3,Rate,1996,409.98164267403,467.23411234007,349.84161715129
1,All Population,5,Prevalence,208,Guinea,3,Both,27,Age-standardized,543,Alzheimer's disease and other dementias,2,Percent,2004,0.00418129132554,0.004745837914725,0.0035624068825272
1,All Population,5,Prevalence,208,Guinea,3,Both,27,Age-standardized,543,Alzheimer's disease and other dementias,3,Rate,2004,416.43910414154,472.50254287601,354.49300470504
1,All Population,5,Prevalence,200,Benin,3,Both,27,Age-standardized,543,Alzheimer's disease and other dementias,2,Percent,1997,0.0042071251443588,0.0047284379737274,0.0036919890557242
1,All Population,5,Prevalence,200,Benin,3,Both,27,Age-standardized,543,Alzheimer's disease and other dementias,3,Rate,1997,419.54301434706,471.44627339330003,367.94603274057
1,All Population,5,Prevalence,207,Ghana,3,Both,27,Age-standardized,543,Alzheimer's disease and other dementias,2,Percent,1994,0.004195918294264,0.004809152782415,0.0036282469436574
1,All Population,5,Prevalence,207,Ghana,3,Both,27,Age-standardized,543,Alzheimer's disease and other dementias,3,Rate,1994,418.72048436199003,480.30285435402,362.01778352415
1,All Population,5,Prevalence,218,Togo,3,Both,27,Age-standardized,543,Alzheimer's disease and other dementias,2,Percent,1996,0.0042088992907948,0.0048335381644745,0.003628048886017
1,All Population,5,Prevalence,218,Togo,3,Both,27,Age-standardized,543,Alzheimer's disease and other dementias,3,Rate,1996,420.29812914816995,482.70650138380006,362.35079778710997
1,All Population,5,Prevalence,207,Ghana,3,Both,27,Age-standardized,543,Alzheimer's disease and other dementias,2,Percent,1998,0.0042019344971864,0.004839767942161,0.0036444049626053
1,All Population,5,Prevalence,207,Ghana,3,Both,27,Age-standardized,543,Alzheimer's disease and other dementias,3,Rate,1998,418.91521058331995,482.71848677553,363.55345757167004
1,All Population,5,Prevalence,207,Ghana,3,Both,27,Age-standardized,543,Alzheimer's disease and other dementias,2,Percent,1999,0.0042060760934541,0.0048504365836438,0.003645395259749
1,All Population,5,Prevalence,207,Ghana,3,Both,27,Age-standardized,543,Alzheimer's disease and other dementias,3,Rate,1999,419.17828213647,483.65563584992,363.54794822602
1,All Population,5,Prevalence,210,Liberia,3,Both,27,Age-standardized,543,Alzheimer's disease and other dementias,2,Percent,2004,0.0040684770133565,0.0046326879390217,0.0034944398330303
1,All Population,5,Prevalence,210,Liberia,3,Both,27,Age-standardized,543,Alzheimer's disease and other dementias,3,Rate,2004,405.63836114272,462.26990019799996,348.55899132043
1,All Population,5,Prevalence,208,Guinea,3,Both,27,Age-standardized,543,Alzheimer's disease and other dementias,2,Percent,2003,0.0041904984240826,0.0047569250921723,0.0035896456992828
1,All Population,5,Prevalence,208,Guinea,3,Both,27,Age-standardized,543,Alzheimer's disease and other dementias,3,Rate,2003,417.53892401449,474.26444591856,357.7405795714
1,All Population,5,Prevalence,210,Liberia,3,Both,27,Age-standardized,543,Alzheimer's disease and other dementias,2,Percent,2003,0.0040764823142392,0.0046395586890999,0.0035032080835739
1,All Population,5,Prevalence,210,Liberia,3,Both,27,Age-standardized,543,Alzheimer's disease and other dementias,3,Rate,2003,406.60858540754003,462.77139116801,349.58221543781
1,All Population,5,Prevalence,204,Chad,3,Both,27,Age-standardized,543,Alzheimer's disease and other dementias,2,Percent,1993,0.004372152636757,0.0049747486942881,0.0037805449200284
1,All Population,5,Prevalence,204,Chad,3,Both,27,Age-standardized,543,Alzheimer's disease and other dementias,3,Rate,1993,436.41709422613997,496.35559425025997,377.59476927059
1,All Population,5,Prevalence,207,Ghana,3,Both,27,Age-standardized,543,Alzheimer's disease and other dementias,2,Percent,1993,0.0042019411399076,0.0048030081611445,0.0036367042326525
1,All Population,5,Prevalence,207,Ghana,3,Both,27,Age-standardized,543,Alzheimer's disease and other dementias,3,Rate,1993,419.38580463495,479.70420260096006,362.9317767949
1,All Population,5,Prevalence,205,Côte d'Ivoire,3,Both,27,Age-standardized,543,Alzheimer's disease and other dementias,2,Percent,1996,0.0041185893736525,0.0047048425073529,0.0035335978866042
1,All Population,5,Prevalence,205,Côte d'Ivoire,3,Both,27,Age-standardized,543,Alzheimer's disease and other dementias,3,Rate,1996,410.56557550251006,469.09946424155,352.48079680261
1,All Population,5,Prevalence,217,Sierra Leone,3,Both,27,Age-standardized,543,Alzheimer's disease and other dementias,2,Percent,1993,0.0042865381130733,0.0048815872168896,0.0036975973461
1,All Population,5,Prevalence,217,Sierra Leone,3,Both,27,Age-standardized,543,Alzheimer's disease and other dementias,3,Rate,1993,428.11690522522,487.33244927263,369.39469660684
1,All Population,5,Prevalence,209,Guinea-Bissau,3,Both,27,Age-standardized,543,Alzheimer's disease and other dementias,2,Percent,1999,0.0040505693720727,0.0046247878484087,0.003464432330701
1,All Population,5,Prevalence,209,Guinea-Bissau,3,Both,27,Age-standardized,543,Alzheimer's disease and other dementias,3,Rate,1999,404.40998944992003,461.96782081551004,346.06480567196
1,All Population,5,Prevalence,209,Guinea-Bissau,3,Both,27,Age-standardized,543,Alzheimer's disease and other dementias,2,Percent,1998,0.0040565667001705,0.0046265612907071,0.0034663779664213
1,All Population,5,Prevalence,209,Guinea-Bissau,3,Both,27,Age-standardized,543,Alzheimer's disease and other dementias,3,Rate,1998,405.05032534018,462.22881996412997,346.31581445658
1,All Population,5,Prevalence,214,Nigeria,3,Both,27,Age-standardized,543,Alzheimer's disease and other dementias,2,Percent,2000,0.0037643845951366,0.0043299922955276,0.0032099190046262
1,All Population,5,Prevalence,214,Nigeria,3,Both,27,Age-standardized,543,Alzheimer's disease and other dementias,3,Rate,2000,375.45954737396,431.70384608284,320.30425549363
1,All Population,5,Prevalence,212,Mauritania,3,Both,27,Age-standardized,543,Alzheimer's disease and other dementias,2,Percent,1995,0.0042834315093858,0.0049170117230111,0.003638297031772
1,All Population,5,Prevalence,212,Mauritania,3,Both,27,Age-standardized,543,Alzheimer's disease and other dementias,3,Rate,1995,424.26900833772,487.91669192710003,360.94883925177
1,All Population,5,Prevalence,209,Guinea-Bissau,3,Both,27,Age-standardized,543,Alzheimer's disease and other dementias,2,Percent,1994,0.0040855866231557,0.0046532675236762,0.0034914473498078
1,All Population,5,Prevalence,209,Guinea-Bissau,3,Both,27,Age-standardized,543,Alzheimer's disease and other dementias,3,Rate,1994,408.08406820634997,464.88459574743996,348.54394369549
1,All Population,5,Prevalence,216,Senegal,3,Both,27,Age-standardized,543,Alzheimer's disease and other dementias,2,Percent,2000,0.0041934910699741,0.0047563128601483,0.0035852060452018
1,All Population,5,Prevalence,216,Senegal,3,Both,27,Age-standardized,543,Alzheimer's disease and other dementias,3,Rate,2000,417.37475356666994,472.77478907047004,357.10945314906
1,All Population,5,Prevalence,204,Chad,3,Both,27,Age-standardized,543,Alzheimer's disease and other dementias,2,Percent,2005,0.0042090216809063,0.0048223369444682,0.0035885593601194
1,All Population,5,Prevalence,204,Chad,3,Both,27,Age-standardized,543,Alzheimer's disease and other dementias,3,Rate,2005,419.41727599103996,481.31162950577,357.69491169542
1,All Population,5,Prevalence,203,Cabo Verde,3,Both,27,Age-standardized,543,Alzheimer's disease and other dementias,2,Percent,1999,0.004325217148613,0.0049215653850141,0.00373885836038
1,All Population,5,Prevalence,203,Cabo Verde,3,Both,27,Age-standardized,543,Alzheimer's disease and other dementias,3,Rate,1999,423.16249404607,483.09599502573,366.97043822182
1,All Population,5,Prevalence,206,Gambia,3,Both,27,Age-standardized,543,Alzheimer's disease and other dementias,2,Percent,2005,0.0041568721564405,0.0047722587186643,0.0035651517201439
1,All Population,5,Prevalence,206,Gambia,3,Both,27,Age-standardized,543,Alzheimer's disease and other dementias,3,Rate,2005,411.85473714809996,472.70026291649,353.46531287611
1,All Population,5,Prevalence,207,Ghana,3,Both,27,Age-standardized,543,Alzheimer's disease and other dementias,2,Percent,1996,0.0041937883529759,0.0048158992944664,0.0036304626771589
1,All Population,5,Prevalence,207,Ghana,3,Both,27,Age-standardized,543,Alzheimer's disease and other dementias,3,Rate,1996,418.36214017017,480.59294106946004,362.17059059549
1,All Population,5,Prevalence,208,Guinea,3,Both,27,Age-standardized,543,Alzheimer's disease and other dementias,2,Percent,2005,0.0041745596384333,0.0047322344736656,0.0035575060416919
1,All Population,5,Prevalence,208,Guinea,3,Both,27,Age-standardized,543,Alzheimer's disease and other dementias,3,Rate,2005,415.6237089656,470.37110582181,353.90787385304
1,All Population,5,Prevalence,205,Côte d'Ivoire,3,Both,27,Age-standardized,543,Alzheimer's disease and other dementias,2,Percent,1999,0.0040983715924711,0.0046701038968964,0.0035255148440105
1,All Population,5,Prevalence,205,Côte d'Ivoire,3,Both,27,Age-standardized,543,Alzheimer's disease and other dementias,3,Rate,1999,408.36347091583997,465.20234353188,351.48872670077003
1,All Population,5,Prevalence,218,Togo,3,Both,27,Age-standardized,543,Alzheimer's disease and other dementias,2,Percent,2000,0.0041783884415673,0.0047549121626245,0.003539770110961
1,All Population,5,Prevalence,218,Togo,3,Both,27,Age-standardized,543,Alzheimer's disease and other dementias,3,Rate,2000,417.13193045708,474.41077671592996,353.28721735584
1,All Population,5,Prevalence,201,Burkina Faso,3,Both,27,Age-standardized,543,Alzheimer's disease and other dementias,2,Percent,1999,0.0043816199103393,0.0050002351240794,0.0037673287131106
1,All Population,5,Prevalence,201,Burkina Faso,3,Both,27,Age-standardized,543,Alzheimer's disease and other dementias,3,Rate,1999,437.93384922776,499.71528158317005,376.5780530329
1,All Population,5,Prevalence,210,Liberia,3,Both,27,Age-standardized,543,Alzheimer's disease and other dementias,2,Percent,2005,0.0040675190124369,0.0046286480849217,0.0034887320733543
1,All Population,5,Prevalence,210,Liberia,3,Both,27,Age-standardized,543,Alzheimer's disease and other dementias,3,Rate,2005,405.39874769338996,461.71273085155997,347.79446063707
1,All Population,5,Prevalence,213,Niger,3,Both,27,Age-standardized,543,Alzheimer's disease and other dementias,2,Percent,1997,0.0044036247529213,0.0050131302767688,0.0037964905527921
1,All Population,5,Prevalence,213,Niger,3,Both,27,Age-standardized,543,Alzheimer's disease and other dementias,3,Rate,1997,439.93931478997996,500.7969967893,379.32991647102
1,All Population,5,Prevalence,202,Cameroon,3,Both,27,Age-standardized,543,Alzheimer's disease and other dementias,2,Percent,1997,0.004072849179129,0.0046695271169078,0.0034757282236359
1,All Population,5,Prevalence,202,Cameroon,3,Both,27,Age-standardized,543,Alzheimer's disease and other dementias,3,Rate,1997,406.12364049507,465.55652083968005,346.71195805766996
1,All Population,5,Prevalence,204,Chad,3,Both,27,Age-standardized,543,Alzheimer's disease and other dementias,2,Percent,1996,0.0043307381236448,0.0049517405832659,0.0037482811942103
1,All Population,5,Prevalence,204,Chad,3,Both,27,Age-standardized,543,Alzheimer's disease and other dementias,3,Rate,1996,432.19307325999995,493.71249180756,374.11824386408
1,All Population,5,Prevalence,204,Chad,3,Both,27,Age-standardized,543,Alzheimer's disease and other dementias,2,Percent,1992,0.0043882968969782,0.004992323714878,0.003789706530166
1,All Population,5,Prevalence,204,Chad,3,Both,27,Age-standardized,543,Alzheimer's disease and other dementias,3,Rate,1992,438.06699446316,498.46316302316,378.54343873754
1,All Population,5,Prevalence,204,Chad,3,Both,27,Age-standardized,543,Alzheimer's disease and other dementias,2,Percent,1997,0.0043139398463537,0.0049402534620329,0.0037222687987436
1,All Population,5,Prevalence,204,Chad,3,Both,27,Age-standardized,543,Alzheimer's disease and other dementias,3,Rate,1997,430.49129592786005,492.90294842888,371.67632661715
1,All Population,5,Prevalence,201,Burkina Faso,3,Both,27,Age-standardized,543,Alzheimer's disease and other dementias,2,Percent,2002,0.004346559952687,0.0049385784296441,0.0037621710105498
1,All Population,5,Prevalence,201,Burkina Faso,3,Both,27,Age-standardized,543,Alzheimer's disease and other dementias,3,Rate,2002,434.25992217661,493.40118982483995,375.8978750561
1,All Population,5,Prevalence,200,Benin,3,Both,27,Age-standardized,543,Alzheimer's disease and other dementias,2,Percent,1999,0.0042082573673756,0.0047322664562516,0.0036872279948444
1,All Population,5,Prevalence,200,Benin,3,Both,27,Age-standardized,543,Alzheimer's disease and other dementias,3,Rate,1999,419.55157648109997,471.72365038951,367.28563598028
1,All Population,5,Prevalence,211,Mali,3,Both,27,Age-standardized,543,Alzheimer's disease and other dementias,2,Percent,1999,0.004222248809024,0.0048395748431621,0.003597809269277
1,All Population,5,Prevalence,211,Mali,3,Both,27,Age-standardized,543,Alzheimer's disease and other dementias,3,Rate,1999,421.51352371768996,483.00465589195005,359.20585847969
1,All Population,5,Prevalence,217,Sierra Leone,3,Both,27,Age-standardized,543,Alzheimer's disease and other dementias,2,Percent,1996,0.0042846368716383,0.0048795269289571,0.0036967012985506
1,All Population,5,Prevalence,217,Sierra Leone,3,Both,27,Age-standardized,543,Alzheimer's disease and other dementias,3,Rate,1996,427.88719220646,486.87238168223996,369.36100581359
1,All Population,5,Prevalence,209,Guinea-Bissau,3,Both,27,Age-standardized,543,Alzheimer's disease and other dementias,2,Percent,1996,0.0040726714799934,0.0046428137831176,0.0034743184376
1,All Population,5,Prevalence,209,Guinea-Bissau,3,Both,27,Age-standardized,543,Alzheimer's disease and other dementias,3,Rate,1996,406.72659247876004,463.77585899764,347.01751197334
1,All Population,5,Prevalence,211,Mali,3,Both,27,Age-standardized,543,Alzheimer's disease and other dementias,2,Percent,2000,0.0042144861425883,0.0048248653624241,0.0035896726106101
1,All Population,5,Prevalence,211,Mali,3,Both,27,Age-standardized,543,Alzheimer's disease and other dementias,3,Rate,2000,420.66264549476,481.76009659305,358.24203962014
1,All Population,5,Prevalence,211,Mali,3,Both,27,Age-standardized,543,Alzheimer's disease and other dementias,2,Percent,2001,0.0042079593450755,0.004800984728468,0.003580986909289
1,All Population,5,Prevalence,211,Mali,3,Both,27,Age-standardized,543,Alzheimer's disease and other dementias,3,Rate,2001,419.92557743763,479.43991182771003,357.41805792061
1,All Population,5,Prevalence,212,Mauritania,3,Both,27,Age-standardized,543,Alzheimer's disease and other dementias,2,Percent,1998,0.0042382900661892,0.0048169992304942,0.0036121829156292
1,All Population,5,Prevalence,212,Mauritania,3,Both,27,Age-standardized,543,Alzheimer's disease and other dementias,3,Rate,1998,419.50860271632,476.29429253732,358.50542170536
1,All Population,5,Prevalence,214,Nigeria,3,Both,27,Age-standardized,543,Alzheimer's disease and other dementias,2,Percent,2002,0.0037328172183843,0.0043022698326225,0.0031811427074144
1,All Population,5,Prevalence,214,Nigeria,3,Both,27,Age-standardized,543,Alzheimer's disease and other dementias,3,Rate,2002,372.13195873256,428.58564453907,317.25940756395
1,All Population,5,Prevalence,212,Mauritania,3,Both,27,Age-standardized,543,Alzheimer's disease and other dementias,2,Percent,1999,0.0042243711284133,0.0047909387506041,0.0036008877621878
1,All Population,5,Prevalence,212,Mauritania,3,Both,27,Age-standardized,543,Alzheimer's disease and other dementias,3,Rate,1999,418.06601669594005,474.93516752296,357.30536890791
1,All Population,5,Prevalence,200,Benin,3,Both,27,Age-standardized,543,Alzheimer's disease and other dementias,2,Percent,2000,0.0042084400960433,0.0047447935379403,0.0036834576811325
1,All Population,5,Prevalence,200,Benin,3,Both,27,Age-standardized,543,Alzheimer's disease and other dementias,3,Rate,2000,419.50610740079003,472.93774650564006,366.84512421245
1,All Population,5,Prevalence,201,Burkina Faso,3,Both,27,Age-standardized,543,Alzheimer's disease and other dementias,2,Percent,2000,0.0043715285242107,0.0049995469522803,0.0037640849192875
1,All Population,5,Prevalence,201,Burkina Faso,3,Both,27,Age-standardized,543,Alzheimer's disease and other dementias,3,Rate,2000,436.89435512648004,499.63912618411,376.22644306525
1,All Population,5,Prevalence,213,Niger,3,Both,27,Age-standardized,543,Alzheimer's disease and other dementias,2,Percent,2001,0.0043535834995268,0.0049591782804611,0.0037616468452536
1,All Population,5,Prevalence,213,Niger,3,Both,27,Age-standardized,543,Alzheimer's disease and other dementias,3,Rate,2001,434.75458769595997,495.04110124049,375.61565247576
1,All Population,5,Prevalence,215,Sao Tome and Principe,3,Both,27,Age-standardized,543,Alzheimer's disease and other dementias,2,Percent,2001,0.0040684201579455,0.0046586054340574,0.0034533391010765
1,All Population,5,Prevalence,215,Sao Tome and Principe,3,Both,27,Age-standardized,543,Alzheimer's disease and other dementias,3,Rate,2001,406.00534254064,464.80662686274997,344.7817449145
1,All Population,5,Prevalence,215,Sao Tome and Principe,3,Both,27,Age-standardized,543,Alzheimer's disease and other dementias,2,Percent,2003,0.0040490171089188,0.0046214514282802,0.003480911510048
1,All Population,5,Prevalence,215,Sao Tome and Principe,3,Both,27,Age-standardized,543,Alzheimer's disease and other dementias,3,Rate,2003,403.89753321194,460.88715004145,347.40558061096
1,All Population,5,Prevalence,214,Nigeria,3,Both,27,Age-standardized,543,Alzheimer's disease and other dementias,2,Percent,1995,0.0039233399861455,0.0045192040524397,0.0033326316965655
1,All Population,5,Prevalence,214,Nigeria,3,Both,27,Age-standardized,543,Alzheimer's disease and other dementias,3,Rate,1995,391.4036270749,450.5967238618,332.5601230402
1,All Population,5,Prevalence,205,Côte d'Ivoire,3,Both,27,Age-standardized,543,Alzheimer's disease and other dementias,2,Percent,2001,0.0040887089482655,0.0046694997796923,0.0035199267221506
1,All Population,5,Prevalence,205,Côte d'Ivoire,3,Both,27,Age-standardized,543,Alzheimer's disease and other dementias,3,Rate,2001,407.28942676044,465.17605831162,350.72983087107997
1,All Population,5,Prevalence,216,Senegal,3,Both,27,Age-standardized,543,Alzheimer's disease and other dementias,2,Percent,2002,0.0041740534900005,0.0047405569346103,0.0035853284276268
1,All Population,5,Prevalence,216,Senegal,3,Both,27,Age-standardized,543,Alzheimer's disease and other dementias,3,Rate,2002,415.13574124956,471.23583785312996,356.77809898134996
1,All Population,5,Prevalence,217,Sierra Leone,3,Both,27,Age-standardized,543,Alzheimer's disease and other dementias,2,Percent,2003,0.0042679712005387,0.0048546116754243,0.0036716050460776
1,All Population,5,Prevalence,217,Sierra Leone,3,Both,27,Age-standardized,543,Alzheimer's disease and other dementias,3,Rate,2003,425.95639026103,484.73054254256,366.37637687554
1,All Population,5,Prevalence,203,Cabo Verde,3,Both,27,Age-standardized,543,Alzheimer's disease and other dementias,2,Percent,2000,0.0043235894677737,0.0049475673202066,0.0037508962384406
1,All Population,5,Prevalence,203,Cabo Verde,3,Both,27,Age-standardized,543,Alzheimer's disease and other dementias,3,Rate,2000,422.58597112257996,484.04600640751,366.50318639914997
1,All Population,5,Prevalence,204,Chad,3,Both,27,Age-standardized,543,Alzheimer's disease and other dementias,2,Percent,1999,0.0042814213020024,0.0048745075382464,0.00366188656248
1,All Population,5,Prevalence,204,Chad,3,Both,27,Age-standardized,543,Alzheimer's disease and other dementias,3,Rate,1999,427.18857265900004,486.94336217298996,365.55294337423004
1,All Population,5,Prevalence,218,Togo,3,Both,27,Age-standardized,543,Alzheimer's disease and other dementias,2,Percent,2002,0.0041632360271285,0.0047419161361759,0.0035463386735554
1,All Population,5,Prevalence,218,Togo,3,Both,27,Age-standardized,543,Alzheimer's disease and other dementias,3,Rate,2002,415.59920161085,472.92018202687996,354.13847072504
1,All Population,5,Prevalence,203,Cabo Verde,3,Both,27,Age-standardized,543,Alzheimer's disease and other dementias,2,Percent,2001,0.0043217191963858,0.0049213350062009,0.0037336421872446
1,All Population,5,Prevalence,203,Cabo Verde,3,Both,27,Age-standardized,543,Alzheimer's disease and other dementias,3,Rate,2001,421.94845831961,481.7127184416,365.75503908824
1,All Population,5,Prevalence,215,Sao Tome and Principe,3,Both,27,Age-standardized,543,Alzheimer's disease and other dementias,2,Percent,1997,0.0040976762736971,0.0046754872170043,0.0034976768582066
1,All Population,5,Prevalence,215,Sao Tome and Principe,3,Both,27,Age-standardized,543,Alzheimer's disease and other dementias,3,Rate,1997,409.13047715352,466.71076575261,349.20631157427
1,All Population,5,Prevalence,201,Burkina Faso,3,Both,27,Age-standardized,543,Alzheimer's disease and other dementias,2,Percent,2001,0.0043572611098033,0.0049634657025957,0.0037656894007567
1,All Population,5,Prevalence,201,Burkina Faso,3,Both,27,Age-standardized,543,Alzheimer's disease and other dementias,3,Rate,2001,435.41712079317,495.81780227395,376.34929380222
1,All Population,5,Prevalence,212,Mauritania,3,Both,27,Age-standardized,543,Alzheimer's disease and other dementias,2,Percent,2001,0.0042045056474473,0.0047663146246958,0.0035864115603133
1,All Population,5,Prevalence,212,Mauritania,3,Both,27,Age-standardized,543,Alzheimer's disease and other dementias,3,Rate,2001,415.90627709023,472.4462125655,355.61554178104
1,All Population,5,Prevalence,207,Ghana,3,Both,27,Age-standardized,543,Alzheimer's disease and other dementias,2,Percent,2001,0.0042073130586331,0.0048397011282728,0.003628891900381
1,All Population,5,Prevalence,207,Ghana,3,Both,27,Age-standardized,543,Alzheimer's disease and other dementias,3,Rate,2001,419.03013689936995,482.3062699965,361.69442199214
1,All Population,5,Prevalence,206,Gambia,3,Both,27,Age-standardized,543,Alzheimer's disease and other dementias,2,Percent,1993,0.0042691676090543,0.004860054718067,0.00367155169477
1,All Population,5,Prevalence,206,Gambia,3,Both,27,Age-standardized,543,Alzheimer's disease and other dementias,3,Rate,1993,425.37545108200004,484.65725078946997,365.94597001564
1,All Population,5,Prevalence,206,Gambia,3,Both,27,Age-standardized,543,Alzheimer's disease and other dementias,2,Percent,1994,0.0042578552744739,0.0048513454237414,0.0036722555849013
1,All Population,5,Prevalence,206,Gambia,3,Both,27,Age-standardized,543,Alzheimer's disease and other dementias,3,Rate,1994,424.13300153072,483.67120456982,365.89947359022
1,All Population,5,Prevalence,214,Nigeria,3,Both,27,Age-standardized,543,Alzheimer's disease and other dementias,2,Percent,1999,0.0037887136793821,0.0043574300594528,0.0032283345510546
1,All Population,5,Prevalence,214,Nigeria,3,Both,27,Age-standardized,543,Alzheimer's disease and other dementias,3,Rate,1999,377.91810321833,434.89951795045005,322.15531520926
1,All Population,5,Prevalence,200,Benin,3,Both,27,Age-standardized,543,Alzheimer's disease and other dementias,2,Percent,2001,0.0042052142737704,0.0047361721840535,0.003686473690466
1,All Population,5,Prevalence,200,Benin,3,Both,27,Age-standardized,543,Alzheimer's disease and other dementias,3,Rate,2001,419.13963088232,471.94814344442005,367.15169927854
1,All Population,5,Prevalence,200,Benin,3,Both,27,Age-standardized,543,Alzheimer's disease and other dementias,2,Percent,2002,0.0041980925514005,0.0047308828567868,0.0036854965905916
1,All Population,5,Prevalence,200,Benin,3,Both,27,Age-standardized,543,Alzheimer's disease and other dementias,3,Rate,2002,418.41307712863,471.48096305475997,367.07802758304
1,All Population,5,Prevalence,211,Mali,3,Both,27,Age-standardized,543,Alzheimer's disease and other dementias,2,Percent,2002,0.0042002674065791,0.0047844460661009,0.0035767100466375
1,All Population,5,Prevalence,211,Mali,3,Both,27,Age-standardized,543,Alzheimer's disease and other dementias,3,Rate,2002,419.04749781074,477.65481171752003,356.8929746079
1,All Population,5,Prevalence,201,Burkina Faso,3,Both,27,Age-standardized,543,Alzheimer's disease and other dementias,2,Percent,2003,0.0043350474539615,0.0049274415953361,0.0037354679220481
1,All Population,5,Prevalence,201,Burkina Faso,3,Both,27,Age-standardized,543,Alzheimer's disease and other dementias,3,Rate,2003,432.99050575232997,492.14321347172,373.0789888753
1,All Population,5,Prevalence,205,Côte d'Ivoire,3,Both,27,Age-standardized,543,Alzheimer's disease and other dementias,2,Percent,2000,0.0040933372437213,0.0046704990642546,0.0035391062296375
1,All Population,5,Prevalence,205,Côte d'Ivoire,3,Both,27,Age-standardized,543,Alzheimer's disease and other dementias,3,Rate,2000,407.80681340107,465.36121360431997,352.63368744547
1,All Population,5,Prevalence,201,Burkina Faso,3,Both,27,Age-standardized,543,Alzheimer's disease and other dementias,2,Percent,2004,0.004324145964651,0.004910438010446,0.0037082088565831
1,All Population,5,Prevalence,201,Burkina Faso,3,Both,27,Age-standardized,543,Alzheimer's disease and other dementias,3,Rate,2004,431.76624829017004,490.48456426939003,370.23386650386
1,All Population,5,Prevalence,212,Mauritania,3,Both,27,Age-standardized,543,Alzheimer's disease and other dementias,2,Percent,2004,0.004176611345854,0.0047441445759336,0.0035709706482357
1,All Population,5,Prevalence,212,Mauritania,3,Both,27,Age-standardized,543,Alzheimer's disease and other dementias,3,Rate,2004,412.70153041738,468.94919992671004,353.57820359013
1,All Population,5,Prevalence,212,Mauritania,3,Both,27,Age-standardized,543,Alzheimer's disease and other dementias,2,Percent,2003,0.0041833672122765,0.0047413840762879,0.0035747452319086
1,All Population,5,Prevalence,212,Mauritania,3,Both,27,Age-standardized,543,Alzheimer's disease and other dementias,3,Rate,2003,413.55042629818,469.28328146195,354.06735757673
1,All Population,5,Prevalence,214,Nigeria,3,Both,27,Age-standardized,543,Alzheimer's disease and other dementias,2,Percent,2004,0.0037073137578577,0.0042681465835752,0.003151268507246
1,All Population,5,Prevalence,214,Nigeria,3,Both,27,Age-standardized,543,Alzheimer's disease and other dementias,3,Rate,2004,369.32031317654,425.03928324134,314.05204585782997
1,All Population,5,Prevalence,205,Côte d'Ivoire,3,Both,27,Age-standardized,543,Alzheimer's disease and other dementias,2,Percent,2003,0.0040747970370454,0.0046561740853747,0.003488501122754
1,All Population,5,Prevalence,205,Côte d'Ivoire,3,Both,27,Age-standardized,543,Alzheimer's disease and other dementias,3,Rate,2003,405.75854395188,463.8229519298,347.50099787964
1,All Population,5,Prevalence,216,Senegal,3,Both,27,Age-standardized,543,Alzheimer's disease and other dementias,2,Percent,1995,0.0042317284878689,0.0048325008586572,0.0036372054034101
1,All Population,5,Prevalence,216,Senegal,3,Both,27,Age-standardized,543,Alzheimer's disease and other dementias,3,Rate,1995,421.99391640933004,482.29284660977004,362.7943018541
1,All Population,5,Prevalence,203,Cabo Verde,3,Both,27,Age-standardized,543,Alzheimer's disease and other dementias,2,Percent,2002,0.0043183041877488,0.0049168272561174,0.0037238888112179
1,All Population,5,Prevalence,203,Cabo Verde,3,Both,27,Age-standardized,543,Alzheimer's disease and other dementias,3,Rate,2002,421.06226987052,479.20276089467,364.41923454919
1,All Population,5,Prevalence,218,Togo,3,Both,27,Age-standardized,543,Alzheimer's disease and other dementias,2,Percent,2003,0.0041552496406317,0.0047372542124556,0.0035501906410057
1,All Population,5,Prevalence,218,Togo,3,Both,27,Age-standardized,543,Alzheimer's disease and other dementias,3,Rate,2003,414.80915129195,472.60005021585,354.34744145831
1,All Population,5,Prevalence,214,Nigeria,3,Both,27,Age-standardized,543,Alzheimer's disease and other dementias,2,Percent,2003,0.0037186440563876,0.0042835315242891,0.0031661479679167
1,All Population,5,Prevalence,214,Nigeria,3,Both,27,Age-standardized,543,Alzheimer's disease and other dementias,3,Rate,2003,370.58596759440996,426.53346141520996,315.65353408632
1,All Population,5,Prevalence,209,Guinea-Bissau,3,Both,27,Age-standardized,543,Alzheimer's disease and other dementias,2,Percent,2001,0.0040456148861344,0.0046173022734345,0.0034638977922306
1,All Population,5,Prevalence,209,Guinea-Bissau,3,Both,27,Age-standardized,543,Alzheimer's disease and other dementias,3,Rate,2001,403.77952805336,461.20957168358,345.91261183723003
1,All Population,5,Prevalence,214,Nigeria,3,Both,27,Age-standardized,543,Alzheimer's disease and other dementias,2,Percent,2001,0.0037487004561957,0.0043202037744331,0.0031964005389087
1,All Population,5,Prevalence,214,Nigeria,3,Both,27,Age-standardized,543,Alzheimer's disease and other dementias,3,Rate,2001,373.82558113201,430.66519706286,318.88640413699
1,All Population,5,Prevalence,203,Cabo Verde,3,Both,27,Age-standardized,543,Alzheimer's disease and other dementias,2,Percent,2003,0.0043147411113589,0.004899353972021,0.0037182935473261
1,All Population,5,Prevalence,203,Cabo Verde,3,Both,27,Age-standardized,543,Alzheimer's disease and other dementias,3,Rate,2003,420.10983508186,476.52593759664006,363.44243167648
1,All Population,5,Prevalence,212,Mauritania,3,Both,27,Age-standardized,543,Alzheimer's disease and other dementias,2,Percent,2002,0.0041946100896679,0.0047490118489933,0.0035820619635033
1,All Population,5,Prevalence,212,Mauritania,3,Both,27,Age-standardized,543,Alzheimer's disease and other dementias,3,Rate,2002,414.79518636428,469.98258951098,354.87707385642
1,All Population,5,Prevalence,205,Côte d'Ivoire,3,Both,27,Age-standardized,543,Alzheimer's disease and other dementias,2,Percent,2005,0.0040635252302106,0.0046547540969945,0.0034610915080804
1,All Population,5,Prevalence,205,Côte d'Ivoire,3,Both,27,Age-standardized,543,Alzheimer's disease and other dementias,3,Rate,2005,404.4691526165,463.41379964056006,344.59582827592
1,All Population,5,Prevalence,204,Chad,3,Both,27,Age-standardized,543,Alzheimer's disease and other dementias,2,Percent,2001,0.0042577538281771,0.0048610655016366,0.0036403122991343
1,All Population,5,Prevalence,204,Chad,3,Both,27,Age-standardized,543,Alzheimer's disease and other dementias,3,Rate,2001,424.72683801796995,484.85396698241,363.17087871742
1,All Population,5,Prevalence,204,Chad,3,Both,27,Age-standardized,543,Alzheimer's disease and other dementias,2,Percent,2000,0.0042693087480767,0.0048785195346906,0.0036426578121377
1,All Population,5,Prevalence,204,Chad,3,Both,27,Age-standardized,543,Alzheimer's disease and other dementias,3,Rate,2000,425.94039194476,485.88078260663997,363.58526502036
1,All Population,5,Prevalence,204,Chad,3,Both,27,Age-standardized,543,Alzheimer's disease and other dementias,2,Percent,2004,0.00421873596434,0.0048201836005693,0.0036012524155733
1,All Population,5,Prevalence,204,Chad,3,Both,27,Age-standardized,543,Alzheimer's disease and other dementias,3,Rate,2004,420.50837463934005,481.14406455311996,359.15808508206004
1,All Population,5,Prevalence,210,Liberia,3,Both,27,Age-standardized,543,Alzheimer's disease and other dementias,2,Percent,2002,0.0040863548869624,0.0046587879500084,0.0035076264260157
1,All Population,5,Prevalence,210,Liberia,3,Both,27,Age-standardized,543,Alzheimer's disease and other dementias,3,Rate,2002,407.71536562197,464.86507317181,350.02044958474
1,All Population,5,Prevalence,216,Senegal,3,Both,27,Age-standardized,543,Alzheimer's disease and other dementias,2,Percent,2004,0.0041508356622526,0.0047278243930937,0.0035523342164053
1,All Population,5,Prevalence,216,Senegal,3,Both,27,Age-standardized,543,Alzheimer's disease and other dementias,3,Rate,2004,412.51294700324,469.64934837516,353.11032721826
1,All Population,5,Prevalence,200,Benin,3,Both,27,Age-standardized,543,Alzheimer's disease and other dementias,2,Percent,2005,0.0041739763009681,0.0047585368433574,0.0036654442762502
1,All Population,5,Prevalence,200,Benin,3,Both,27,Age-standardized,543,Alzheimer's disease and other dementias,3,Rate,2005,415.98348517825997,474.43993984539,365.00034062066
1,All Population,5,Prevalence,216,Senegal,3,Both,27,Age-standardized,543,Alzheimer's disease and other dementias,2,Percent,1999,0.0042011443408021,0.0047794395800113,0.0036078814513411
1,All Population,5,Prevalence,216,Senegal,3,Both,27,Age-standardized,543,Alzheimer's disease and other dementias,3,Rate,1999,418.27760073856996,475.24613377785,359.35542577825
1,All Population,5,Prevalence,200,Benin,3,Both,27,Age-standardized,543,Alzheimer's disease and other dementias,2,Percent,2006,0.0041671726392416,0.004734792114188,0.0036665377761267
1,All Population,5,Prevalence,200,Benin,3,Both,27,Age-standardized,543,Alzheimer's disease and other dementias,3,Rate,2006,415.18873404166004,471.96889779993,365.13514492223004
1,All Population,5,Prevalence,207,Ghana,3,Both,27,Age-standardized,543,Alzheimer's disease and other dementias,2,Percent,2000,0.0042082188168479,0.004852522978147,0.00364200796188
1,All Population,5,Prevalence,207,Ghana,3,Both,27,Age-standardized,543,Alzheimer's disease and other dementias,3,Rate,2000,419.25636441215994,483.88943846324,363.11346880418
1,All Population,5,Prevalence,216,Senegal,3,Both,27,Age-standardized,543,Alzheimer's disease and other dementias,2,Percent,2003,0.0041618054387676,0.004732659115577,0.0035724797058717
1,All Population,5,Prevalence,216,Senegal,3,Both,27,Age-standardized,543,Alzheimer's disease and other dementias,3,Rate,2003,413.76771763935994,470.47742335973,355.29135635308
1,All Population,5,Prevalence,206,Gambia,3,Both,27,Age-standardized,543,Alzheimer's disease and other dementias,2,Percent,1996,0.0042363241648485,0.0048317641870505,0.0036524469803744
1,All Population,5,Prevalence,206,Gambia,3,Both,27,Age-standardized,543,Alzheimer's disease and other dementias,3,Rate,1996,421.71719690208,480.82984128684996,363.78032332292
1,All Population,5,Prevalence,202,Cameroon,3,Both,27,Age-standardized,543,Alzheimer's disease and other dementias,2,Percent,2006,0.0040119056880281,0.0045591386643475,0.003421762230606
1,All Population,5,Prevalence,202,Cameroon,3,Both,27,Age-standardized,543,Alzheimer's disease and other dementias,3,Rate,2006,399.25509826901003,453.74536961442,340.31539123604
1,All Population,5,Prevalence,218,Togo,3,Both,27,Age-standardized,543,Alzheimer's disease and other dementias,2,Percent,2005,0.0041422455638866,0.0047441233224188,0.0035569605469695
1,All Population,5,Prevalence,218,Togo,3,Both,27,Age-standardized,543,Alzheimer's disease and other dementias,3,Rate,2005,413.49285975587,473.52726006059,355.14642685891
1,All Population,5,Prevalence,218,Togo,3,Both,27,Age-standardized,543,Alzheimer's disease and other dementias,2,Percent,2004,0.0041475928305729,0.0047300483753501,0.0035556600972461
1,All Population,5,Prevalence,218,Togo,3,Both,27,Age-standardized,543,Alzheimer's disease and other dementias,3,Rate,2004,414.04499244270005,471.73675309275,355.02376347789
1,All Population,5,Prevalence,207,Ghana,3,Both,27,Age-standardized,543,Alzheimer's disease and other dementias,2,Percent,2005,0.0041940895676644,0.0047922031052034,0.0035493371439137
1,All Population,5,Prevalence,207,Ghana,3,Both,27,Age-standardized,543,Alzheimer's disease and other dementias,3,Rate,2005,417.06741830615,476.79479003037005,353.26259335044
1,All Population,5,Prevalence,207,Ghana,3,Both,27,Age-standardized,543,Alzheimer's disease and other dementias,2,Percent,2003,0.0042002121292779,0.004803478130574,0.003587022319386
1,All Population,5,Prevalence,207,Ghana,3,Both,27,Age-standardized,543,Alzheimer's disease and other dementias,3,Rate,2003,417.98088655822,477.98603630657004,357.29268925727
1,All Population,5,Prevalence,200,Benin,3,Both,27,Age-standardized,543,Alzheimer's disease and other dementias,2,Percent,2007,0.0041581911449023,0.0047070420929692,0.0036642901625384
1,All Population,5,Prevalence,200,Benin,3,Both,27,Age-standardized,543,Alzheimer's disease and other dementias,3,Rate,2007,414.10257087999,468.88255391091997,364.7365750126
1,All Population,5,Prevalence,209,Guinea-Bissau,3,Both,27,Age-standardized,543,Alzheimer's disease and other dementias,2,Percent,2005,0.0040376983928656,0.0046193276978882,0.0034487644704587
1,All Population,5,Prevalence,209,Guinea-Bissau,3,Both,27,Age-standardized,543,Alzheimer's disease and other dementias,3,Rate,2005,402.40515393242,460.41295966362,343.72842504314
1,All Population,5,Prevalence,212,Mauritania,3,Both,27,Age-standardized,543,Alzheimer's disease and other dementias,2,Percent,2000,0.0042136666092327,0.0047983875363333,0.0035925180257229
1,All Population,5,Prevalence,212,Mauritania,3,Both,27,Age-standardized,543,Alzheimer's disease and other dementias,3,Rate,2000,416.92421016458,473.98375282048005,356.06073837787
1,All Population,5,Prevalence,202,Cameroon,3,Both,27,Age-standardized,543,Alzheimer's disease and other dementias,2,Percent,2007,0.0040099577923008,0.0045625580615095,0.0034373861534929
1,All Population,5,Prevalence,202,Cameroon,3,Both,27,Age-standardized,543,Alzheimer's disease and other dementias,3,Rate,2007,398.73370953709,453.80220149844,341.40960674908
1,All Population,5,Prevalence,205,Côte d'Ivoire,3,Both,27,Age-standardized,543,Alzheimer's disease and other dementias,2,Percent,2002,0.0040820537529387,0.0046634080409218,0.0035038083962685
1,All Population,5,Prevalence,205,Côte d'Ivoire,3,Both,27,Age-standardized,543,Alzheimer's disease and other dementias,3,Rate,2002,406.55948882483,464.60946468769,349.10936630334004
1,All Population,5,Prevalence,216,Senegal,3,Both,27,Age-standardized,543,Alzheimer's disease and other dementias,2,Percent,2001,0.004184996784751,0.0047498648231263,0.0035859444834544
1,All Population,5,Prevalence,216,Senegal,3,Both,27,Age-standardized,543,Alzheimer's disease and other dementias,3,Rate,2001,416.37129381383,472.46392276498,357.04589661517
1,All Population,5,Prevalence,218,Togo,3,Both,27,Age-standardized,543,Alzheimer's disease and other dementias,2,Percent,1995,0.0042173238054757,0.004852425279818,0.0036436685292462
1,All Population,5,Prevalence,218,Togo,3,Both,27,Age-standardized,543,Alzheimer's disease and other dementias,3,Rate,1995,421.16481896446,484.62330918117,363.91148276727
1,All Population,5,Prevalence,218,Togo,3,Both,27,Age-standardized,543,Alzheimer's disease and other dementias,2,Percent,1999,0.0041841515749421,0.0047673250554259,0.003551022623468
1,All Population,5,Prevalence,218,Togo,3,Both,27,Age-standardized,543,Alzheimer's disease and other dementias,3,Rate,1999,417.73787581409,475.84653018394,354.53627573355
1,All Population,5,Prevalence,209,Guinea-Bissau,3,Both,27,Age-standardized,543,Alzheimer's disease and other dementias,2,Percent,2000,0.0040474833722501,0.0046266404484764,0.0034661307157291
1,All Population,5,Prevalence,209,Guinea-Bissau,3,Both,27,Age-standardized,543,Alzheimer's disease and other dementias,3,Rate,2000,404.05372091511003,462.04076969177,345.93219432175005
1,All Population,5,Prevalence,206,Gambia,3,Both,27,Age-standardized,543,Alzheimer's disease and other dementias,2,Percent,1999,0.0041932570048834,0.004790569292343,0.003598174168935
1,All Population,5,Prevalence,206,Gambia,3,Both,27,Age-standardized,543,Alzheimer's disease and other dementias,3,Rate,1999,416.91801102516,476.00299484126,357.71541408135
1,All Population,5,Prevalence,203,Cabo Verde,3,Both,27,Age-standardized,543,Alzheimer's disease and other dementias,2,Percent,2004,0.0043123450254945,0.0048748381476737,0.0036982379196895
1,All Population,5,Prevalence,203,Cabo Verde,3,Both,27,Age-standardized,543,Alzheimer's disease and other dementias,3,Rate,2004,419.27832216675,473.88903315760996,361.74351944448
1,All Population,5,Prevalence,201,Burkina Faso,3,Both,27,Age-standardized,543,Alzheimer's disease and other dementias,2,Percent,2005,0.0043149975522525,0.0049139854885391,0.0036871765838744
1,All Population,5,Prevalence,201,Burkina Faso,3,Both,27,Age-standardized,543,Alzheimer's disease and other dementias,3,Rate,2005,430.74113450766,490.57867590443004,368.12041728982
1,All Population,5,Prevalence,203,Cabo Verde,3,Both,27,Age-standardized,543,Alzheimer's disease and other dementias,2,Percent,2005,0.0043123615923277,0.0048611805380087,0.0036790152045701
1,All Population,5,Prevalence,203,Cabo Verde,3,Both,27,Age-standardized,543,Alzheimer's disease and other dementias,3,Rate,2005,418.76434871912,472.21939194519007,359.61074194868
1,All Population,5,Prevalence,204,Chad,3,Both,27,Age-standardized,543,Alzheimer's disease and other dementias,2,Percent,2012,0.0041205504131256,0.0046693492444705,0.0035303858107314
1,All Population,5,Prevalence,204,Chad,3,Both,27,Age-standardized,543,Alzheimer's disease and other dementias,3,Rate,2012,409.40326753866,464.32752467686,350.5632712065
1,All Population,5,Prevalence,200,Benin,3,Both,27,Age-standardized,543,Alzheimer's disease and other dementias,2,Percent,2009,0.0041410564051151,0.0046880199807998,0.0036531686250881
1,All Population,5,Prevalence,200,Benin,3,Both,27,Age-standardized,543,Alzheimer's disease and other dementias,3,Rate,2009,411.93776703266,466.07600218839,363.56614614032003
1,All Population,5,Prevalence,206,Gambia,3,Both,27,Age-standardized,543,Alzheimer's disease and other dementias,2,Percent,2012,0.0041076338704634,0.0046968736035978,0.003500995788317
1,All Population,5,Prevalence,206,Gambia,3,Both,27,Age-standardized,543,Alzheimer's disease and other dementias,3,Rate,2012,405.34619872268996,463.36398016742004,346.22753349296
1,All Population,5,Prevalence,211,Mali,3,Both,27,Age-standardized,543,Alzheimer's disease and other dementias,2,Percent,2007,0.0041748654759409,0.0047347267803172,0.0035793555234318
1,All Population,5,Prevalence,211,Mali,3,Both,27,Age-standardized,543,Alzheimer's disease and other dementias,3,Rate,2007,415.72001815388,471.22543654656005,356.40417807247997
1,All Population,5,Prevalence,208,Guinea,3,Both,27,Age-standardized,543,Alzheimer's disease and other dementias,2,Percent,2012,0.0041112661705069,0.0046622487947711,0.0035507595991665
1,All Population,5,Prevalence,208,Guinea,3,Both,27,Age-standardized,543,Alzheimer's disease and other dementias,3,Rate,2012,408.69718901166004,463.47278454858997,353.19504325151
1,All Population,5,Prevalence,204,Chad,3,Both,27,Age-standardized,543,Alzheimer's disease and other dementias,2,Percent,2006,0.0041973492750706,0.0048019393353314,0.0035785930750826
1,All Population,5,Prevalence,204,Chad,3,Both,27,Age-standardized,543,Alzheimer's disease and other dementias,3,Rate,2006,418.1403868777,479.19318239370006,356.75101715646
1,All Population,5,Prevalence,202,Cameroon,3,Both,27,Age-standardized,543,Alzheimer's disease and other dementias,2,Percent,2009,0.004000567280755,0.004563440324174,0.0033855972769173
1,All Population,5,Prevalence,202,Cameroon,3,Both,27,Age-standardized,543,Alzheimer's disease and other dementias,3,Rate,2009,396.95128094041996,453.27207926989996,335.74481444457
1,All Population,5,Prevalence,210,Liberia,3,Both,27,Age-standardized,543,Alzheimer's disease and other dementias,2,Percent,2012,0.0040324372144709,0.0046136921480533,0.0034392611184524
1,All Population,5,Prevalence,210,Liberia,3,Both,27,Age-standardized,543,Alzheimer's disease and other dementias,3,Rate,2012,400.82686737615,458.61488284893,342.09863496172
1,All Population,5,Prevalence,209,Guinea-Bissau,3,Both,27,Age-standardized,543,Alzheimer's disease and other dementias,2,Percent,2003,0.0040398033393425,0.0045985656135961,0.0034563773667576
1,All Population,5,Prevalence,209,Guinea-Bissau,3,Both,27,Age-standardized,543,Alzheimer's disease and other dementias,3,Rate,2003,402.90410177861,459.01779646694996,344.77679709818
1,All Population,5,Prevalence,206,Gambia,3,Both,27,Age-standardized,543,Alzheimer's disease and other dementias,2,Percent,2008,0.0041352624785802,0.0047193873812156,0.0035144523286954
1,All Population,5,Prevalence,206,Gambia,3,Both,27,Age-standardized,543,Alzheimer's disease and other dementias,3,Rate,2008,409.00570198594,467.06865589219,347.84673200454
1,All Population,5,Prevalence,208,Guinea,3,Both,27,Age-standardized,543,Alzheimer's disease and other dementias,2,Percent,1994,0.0042657572227958,0.0048675594431338,0.003673904194804
1,All Population,5,Prevalence,208,Guinea,3,Both,27,Age-standardized,543,Alzheimer's disease and other dementias,3,Rate,1994,425.91407144941,485.90705607849003,367.05418753391996
1,All Population,5,Prevalence,218,Togo,3,Both,27,Age-standardized,543,Alzheimer's disease and other dementias,2,Percent,2001,0.0041706034986256,0.0047491258506559,0.0035432441708388
1,All Population,5,Prevalence,218,Togo,3,Both,27,Age-standardized,543,Alzheimer's disease and other dementias,3,Rate,2001,416.33682816949,474.0610478818,353.65723958137
1,All Population,5,Prevalence,207,Ghana,3,Both,27,Age-standardized,543,Alzheimer's disease and other dementias,2,Percent,2002,0.0042042763372819,0.0048238583652445,0.0036082156951561
1,All Population,5,Prevalence,207,Ghana,3,Both,27,Age-standardized,543,Alzheimer's disease and other dementias,3,Rate,2002,418.55917873815,480.39414834381,359.51961034880003
1,All Population,5,Prevalence,206,Gambia,3,Both,27,Age-standardized,543,Alzheimer's disease and other dementias,2,Percent,2006,0.0041518885707313,0.004758143254611,0.0035509132255695
1,All Population,5,Prevalence,206,Gambia,3,Both,27,Age-standardized,543,Alzheimer's disease and other dementias,3,Rate,2006,411.11543695637,470.78237828058997,351.85183811535
1,All Population,5,Prevalence,201,Burkina Faso,3,Both,27,Age-standardized,543,Alzheimer's disease and other dementias,2,Percent,2006,0.0043012493386934,0.0048860643709232,0.0036851305640219
1,All Population,5,Prevalence,201,Burkina Faso,3,Both,27,Age-standardized,543,Alzheimer's disease and other dementias,3,Rate,2006,429.27733856714997,487.82395204134,367.7932154767
1,All Population,5,Prevalence,212,Mauritania,3,Both,27,Age-standardized,543,Alzheimer's disease and other dementias,2,Percent,2005,0.0041712062219049,0.0047453169423742,0.0035690051181391
1,All Population,5,Prevalence,212,Mauritania,3,Both,27,Age-standardized,543,Alzheimer's disease and other dementias,3,Rate,2005,412.0022476499,469.18575124670997,353.06141390793
1,All Population,5,Prevalence,212,Mauritania,3,Both,27,Age-standardized,543,Alzheimer's disease and other dementias,2,Percent,2006,0.0041656309347616,0.0047330916974913,0.0035612289385817
1,All Population,5,Prevalence,212,Mauritania,3,Both,27,Age-standardized,543,Alzheimer's disease and other dementias,3,Rate,2006,411.23892315913,468.05474116971004,352.33702192517
1,All Population,5,Prevalence,213,Niger,3,Both,27,Age-standardized,543,Alzheimer's disease and other dementias,2,Percent,2000,0.0043643663749827,0.0049692467101657,0.0037611714277346
1,All Population,5,Prevalence,213,Niger,3,Both,27,Age-standardized,543,Alzheimer's disease and other dementias,3,Rate,2000,435.89034752285,496.30140152712,375.62327452923
1,All Population,5,Prevalence,202,Cameroon,3,Both,27,Age-standardized,543,Alzheimer's disease and other dementias,2,Percent,2000,0.0040455355114036,0.0045939681180747,0.0034501645712444
1,All Population,5,Prevalence,202,Cameroon,3,Both,27,Age-standardized,543,Alzheimer's disease and other dementias,3,Rate,2000,403.37843896679,458.00256563477996,343.86161492177996
1,All Population,5,Prevalence,213,Niger,3,Both,27,Age-standardized,543,Alzheimer's disease and other dementias,2,Percent,1999,0.0043756845180458,0.0049789443472577,0.003776090729878
1,All Population,5,Prevalence,213,Niger,3,Both,27,Age-standardized,543,Alzheimer's disease and other dementias,3,Rate,1999,437.06726007055,497.23532644157,377.19953665360003
1,All Population,5,Prevalence,202,Cameroon,3,Both,27,Age-standardized,543,Alzheimer's disease and other dementias,2,Percent,2003,0.0040278345730776,0.0045585447030319,0.0034264010884981
1,All Population,5,Prevalence,202,Cameroon,3,Both,27,Age-standardized,543,Alzheimer's disease and other dementias,3,Rate,2003,401.32290770240996,454.36384187396004,341.25872474871
1,All Population,5,Prevalence,206,Gambia,3,Both,27,Age-standardized,543,Alzheimer's disease and other dementias,2,Percent,2004,0.0041606175616917,0.0047660923051129,0.0035736636791977
1,All Population,5,Prevalence,206,Gambia,3,Both,27,Age-standardized,543,Alzheimer's disease and other dementias,3,Rate,2004,412.50360328663004,473.04649535974,354.76417002885
1,All Population,5,Prevalence,206,Gambia,3,Both,27,Age-standardized,543,Alzheimer's disease and other dementias,2,Percent,2000,0.0041839318602881,0.0047937013627189,0.0035875939040384
1,All Population,5,Prevalence,206,Gambia,3,Both,27,Age-standardized,543,Alzheimer's disease and other dementias,3,Rate,2000,415.83556500113997,475.69207629848995,356.55014340111
1,All Population,5,Prevalence,206,Gambia,3,Both,27,Age-standardized,543,Alzheimer's disease and other dementias,2,Percent,2001,0.0041776017556193,0.0047826931896387,0.0035900199048968
1,All Population,5,Prevalence,206,Gambia,3,Both,27,Age-standardized,543,Alzheimer's disease and other dementias,3,Rate,2001,415.01702358247,474.41279175512994,356.65590862493
1,All Population,5,Prevalence,204,Chad,3,Both,27,Age-standardized,543,Alzheimer's disease and other dementias,2,Percent,2007,0.0041820498451581,0.0047717738010282,0.0035688798596531
1,All Population,5,Prevalence,204,Chad,3,Both,27,Age-standardized,543,Alzheimer's disease and other dementias,3,Rate,2007,416.46447808651004,475.80267129492,355.2888982938
1,All Population,5,Prevalence,205,Côte d'Ivoire,3,Both,27,Age-standardized,543,Alzheimer's disease and other dementias,2,Percent,2004,0.0040680622381918,0.0046513095107237,0.0034724987162366
1,All Population,5,Prevalence,205,Côte d'Ivoire,3,Both,27,Age-standardized,543,Alzheimer's disease and other dementias,3,Rate,2004,405.00374438880004,463.0184932603,345.85713532169
1,All Population,5,Prevalence,201,Burkina Faso,3,Both,27,Age-standardized,543,Alzheimer's disease and other dementias,2,Percent,2007,0.0042910806166418,0.0048677628033465,0.0036907745448939
1,All Population,5,Prevalence,201,Burkina Faso,3,Both,27,Age-standardized,543,Alzheimer's disease and other dementias,3,Rate,2007,428.15800390737996,485.81858710528,368.27007075889
1,All Population,5,Prevalence,203,Cabo Verde,3,Both,27,Age-standardized,543,Alzheimer's disease and other dementias,2,Percent,2009,0.0043140079873638,0.0049019190754336,0.0036876298150521
1,All Population,5,Prevalence,203,Cabo Verde,3,Both,27,Age-standardized,543,Alzheimer's disease and other dementias,3,Rate,2009,416.82314325862,474.47201774616,358.41381232302
1,All Population,5,Prevalence,202,Cameroon,3,Both,27,Age-standardized,543,Alzheimer's disease and other dementias,2,Percent,1999,0.0040523951574189,0.0045977604763358,0.0034471582860108
1,All Population,5,Prevalence,202,Cameroon,3,Both,27,Age-standardized,543,Alzheimer's disease and other dementias,3,Rate,1999,404.08116593228004,458.70256075403,343.69913647029
1,All Population,5,Prevalence,217,Sierra Leone,3,Both,27,Age-standardized,543,Alzheimer's disease and other dementias,2,Percent,2001,0.0042767932322747,0.004867815571225,0.0036826896611733
1,All Population,5,Prevalence,217,Sierra Leone,3,Both,27,Age-standardized,543,Alzheimer's disease and other dementias,3,Rate,2001,427.02836428642996,486.11071275401997,367.85574981442
1,All Population,5,Prevalence,201,Burkina Faso,3,Both,27,Age-standardized,543,Alzheimer's disease and other dementias,2,Percent,2008,0.0042800660408275,0.0048531587043915,0.0036954802413888
1,All Population,5,Prevalence,201,Burkina Faso,3,Both,27,Age-standardized,543,Alzheimer's disease and other dementias,3,Rate,2008,426.95078969750995,484.28208074382,368.64918771601
1,All Population,5,Prevalence,206,Gambia,3,Both,27,Age-standardized,543,Alzheimer's disease and other dementias,2,Percent,1992,0.0042810029229884,0.0048747207420761,0.0036739164624127
1,All Population,5,Prevalence,206,Gambia,3,Both,27,Age-standardized,543,Alzheimer's disease and other dementias,3,Rate,1992,426.66528112303,485.40311982979,366.43203792603
1,All Population,5,Prevalence,203,Cabo Verde,3,Both,27,Age-standardized,543,Alzheimer's disease and other dementias,2,Percent,2006,0.0043136236811561,0.0048654965430024,0.0036927782669746
1,All Population,5,Prevalence,203,Cabo Verde,3,Both,27,Age-standardized,543,Alzheimer's disease and other dementias,3,Rate,2006,418.39713827739,473.63303157741,359.60775487479
1,All Population,5,Prevalence,205,Côte d'Ivoire,3,Both,27,Age-standardized,543,Alzheimer's disease and other dementias,2,Percent,2009,0.0040397525388539,0.004587197394319,0.0034758275087621
1,All Population,5,Prevalence,205,Côte d'Ivoire,3,Both,27,Age-standardized,543,Alzheimer's disease and other dementias,3,Rate,2009,401.82155593208,456.24424028889996,345.83065351954
1,All Population,5,Prevalence,203,Cabo Verde,3,Both,27,Age-standardized,543,Alzheimer's disease and other dementias,2,Percent,2007,0.0043142800302475,0.0048788230395014,0.0036922441618682
1,All Population,5,Prevalence,203,Cabo Verde,3,Both,27,Age-standardized,543,Alzheimer's disease and other dementias,3,Rate,2007,417.92373321961,473.59291462618,359.50772678766003
1,All Population,5,Prevalence,209,Guinea-Bissau,3,Both,27,Age-standardized,543,Alzheimer's disease and other dementias,2,Percent,2008,0.0040357652158993,0.0046329779704081,0.0034494550859727
1,All Population,5,Prevalence,209,Guinea-Bissau,3,Both,27,Age-standardized,543,Alzheimer's disease and other dementias,3,Rate,2008,401.79470463024,461.08380847282996,343.352252614
1,All Population,5,Prevalence,207,Ghana,3,Both,27,Age-standardized,543,Alzheimer's disease and other dementias,2,Percent,2009,0.0041780095996249,0.0047574701978342,0.0035896181886912
1,All Population,5,Prevalence,207,Ghana,3,Both,27,Age-standardized,543,Alzheimer's disease and other dementias,3,Rate,2009,415.07644899946996,472.27380809538,356.72732656543
1,All Population,5,Prevalence,209,Guinea-Bissau,3,Both,27,Age-standardized,543,Alzheimer's disease and other dementias,2,Percent,2002,0.0040427294541539,0.0046025974427765,0.0034631529483336
1,All Population,5,Prevalence,209,Guinea-Bissau,3,Both,27,Age-standardized,543,Alzheimer's disease and other dementias,3,Rate,2002,403.35675642284997,459.50369397072,345.60148997226
1,All Population,5,Prevalence,209,Guinea-Bissau,3,Both,27,Age-standardized,543,Alzheimer's disease and other dementias,2,Percent,2009,0.0040348003008417,0.004631008123032,0.0034502911287672
1,All Population,5,Prevalence,209,Guinea-Bissau,3,Both,27,Age-standardized,543,Alzheimer's disease and other dementias,3,Rate,2009,401.53605179513,460.66138933262005,343.24954558228
1,All Population,5,Prevalence,203,Cabo Verde,3,Both,27,Age-standardized,543,Alzheimer's disease and other dementias,2,Percent,2008,0.0043144035510994,0.0049001888158914,0.0036903387856232
1,All Population,5,Prevalence,203,Cabo Verde,3,Both,27,Age-standardized,543,Alzheimer's disease and other dementias,3,Rate,2008,417.38768840149004,474.37787893824003,359.53168627875004
1,All Population,5,Prevalence,214,Nigeria,3,Both,27,Age-standardized,543,Alzheimer's disease and other dementias,2,Percent,2005,0.0036998753506094,0.0042578489394555,0.0031422750956183
1,All Population,5,Prevalence,214,Nigeria,3,Both,27,Age-standardized,543,Alzheimer's disease and other dementias,3,Rate,2005,368.46550940338,424.13056693178,312.70450951683
1,All Population,5,Prevalence,218,Togo,3,Both,27,Age-standardized,543,Alzheimer's disease and other dementias,2,Percent,2009,0.0041234896155597,0.0046967659294224,0.0035420507317045
1,All Population,5,Prevalence,218,Togo,3,Both,27,Age-standardized,543,Alzheimer's disease and other dementias,3,Rate,2009,411.02882632014996,468.35463339081997,353.19656836504
1,All Population,5,Prevalence,208,Guinea,3,Both,27,Age-standardized,543,Alzheimer's disease and other dementias,2,Percent,1996,0.0042546272784134,0.0048502528605697,0.0036555525090315
1,All Population,5,Prevalence,208,Guinea,3,Both,27,Age-standardized,543,Alzheimer's disease and other dementias,3,Rate,1996,424.70882478622997,484.39665858882,365.14663021114995
1,All Population,5,Prevalence,204,Chad,3,Both,27,Age-standardized,543,Alzheimer's disease and other dementias,2,Percent,2008,0.0041653024049067,0.0047292665180478,0.0035657667051627
1,All Population,5,Prevalence,204,Chad,3,Both,27,Age-standardized,543,Alzheimer's disease and other dementias,3,Rate,2008,414.64149386002003,471.18224802897004,354.73280373008
1,All Population,5,Prevalence,204,Chad,3,Both,27,Age-standardized,543,Alzheimer's disease and other dementias,2,Percent,2015,0.0040891416408778,0.0046835628354306,0.0035189262662537
1,All Population,5,Prevalence,204,Chad,3,Both,27,Age-standardized,543,Alzheimer's disease and other dementias,3,Rate,2015,405.54654763176,464.95755697299,348.30028250689
1,All Population,5,Prevalence,218,Togo,3,Both,27,Age-standardized,543,Alzheimer's disease and other dementias,2,Percent,2007,0.0041317944059437,0.0047094568602172,0.0035417012873487
1,All Population,5,Prevalence,218,Togo,3,Both,27,Age-standardized,543,Alzheimer's disease and other dementias,3,Rate,2007,412.23341364397,469.61472263362003,353.35986016297
1,All Population,5,Prevalence,206,Gambia,3,Both,27,Age-standardized,543,Alzheimer's disease and other dementias,2,Percent,2015,0.0040861809043998,0.0046788941439094,0.0035223398778292
1,All Population,5,Prevalence,206,Gambia,3,Both,27,Age-standardized,543,Alzheimer's disease and other dementias,3,Rate,2015,402.25776839959997,460.28462543809997,347.14568627566
1,All Population,5,Prevalence,205,Côte d'Ivoire,3,Both,27,Age-standardized,543,Alzheimer's disease and other dementias,2,Percent,2007,0.004053159402468,0.0046096912928051,0.0034616137014938
1,All Population,5,Prevalence,205,Côte d'Ivoire,3,Both,27,Age-standardized,543,Alzheimer's disease and other dementias,3,Rate,2007,403.26654803722994,458.61890006374995,344.16596735183
1,All Population,5,Prevalence,207,Ghana,3,Both,27,Age-standardized,543,Alzheimer's disease and other dementias,2,Percent,2004,0.0041963806660937,0.0048092961547881,0.0035671596796742
1,All Population,5,Prevalence,207,Ghana,3,Both,27,Age-standardized,543,Alzheimer's disease and other dementias,3,Rate,2004,417.43418433551994,478.31733103753,355.20366624183004
1,All Population,5,Prevalence,204,Chad,3,Both,27,Age-standardized,543,Alzheimer's disease and other dementias,2,Percent,2009,0.0041509880842594,0.0046964246068245,0.003564471561517
1,All Population,5,Prevalence,204,Chad,3,Both,27,Age-standardized,543,Alzheimer's disease and other dementias,3,Rate,2009,413.04799558963,467.63568018630997,354.4323410118
1,All Population,5,Prevalence,214,Nigeria,3,Both,27,Age-standardized,543,Alzheimer's disease and other dementias,2,Percent,2006,0.0037036868359983,0.0042608553219895,0.0031476431326244
1,All Population,5,Prevalence,214,Nigeria,3,Both,27,Age-standardized,543,Alzheimer's disease and other dementias,3,Rate,2006,368.71874419008,424.28840693518,313.18663670053
1,All Population,5,Prevalence,212,Mauritania,3,Both,27,Age-standardized,543,Alzheimer's disease and other dementias,2,Percent,2007,0.0041584318627453,0.0047230538424251,0.0035529164398373
1,All Population,5,Prevalence,212,Mauritania,3,Both,27,Age-standardized,543,Alzheimer's disease and other dementias,3,Rate,2007,410.31282267660004,467.10749270415,351.27867116977
1,All Population,5,Prevalence,204,Chad,3,Both,27,Age-standardized,543,Alzheimer's disease and other dementias,2,Percent,2010,0.0041408671260959,0.0046803701437597,0.0035606881860124
1,All Population,5,Prevalence,204,Chad,3,Both,27,Age-standardized,543,Alzheimer's disease and other dementias,3,Rate,2010,411.86623556101995,465.26542359466,353.71707016606
1,All Population,5,Prevalence,204,Chad,3,Both,27,Age-standardized,543,Alzheimer's disease and other dementias,2,Percent,2011,0.0041315838191752,0.0046713998697622,0.0035459815882676
1,All Population,5,Prevalence,204,Chad,3,Both,27,Age-standardized,543,Alzheimer's disease and other dementias,3,Rate,2011,410.74180883644993,464.00844862078,352.09462735979
1,All Population,5,Prevalence,210,Liberia,3,Both,27,Age-standardized,543,Alzheimer's disease and other dementias,2,Percent,2011,0.0040347516459877,0.0046168491203576,0.0034385869989789
1,All Population,5,Prevalence,210,Liberia,3,Both,27,Age-standardized,543,Alzheimer's disease and other dementias,3,Rate,2011,401.21841609897,459.11509204444997,341.68567441607
1,All Population,5,Prevalence,212,Mauritania,3,Both,27,Age-standardized,543,Alzheimer's disease and other dementias,2,Percent,2008,0.0041476758631707,0.0047214569670723,0.003541582863881
1,All Population,5,Prevalence,212,Mauritania,3,Both,27,Age-standardized,543,Alzheimer's disease and other dementias,3,Rate,2008,409.0036048767,466.04626527629995,349.80187308176
1,All Population,5,Prevalence,201,Burkina Faso,3,Both,27,Age-standardized,543,Alzheimer's disease and other dementias,2,Percent,2009,0.0042696925264452,0.0048457552162628,0.0036959162031774
1,All Population,5,Prevalence,201,Burkina Faso,3,Both,27,Age-standardized,543,Alzheimer's disease and other dementias,3,Rate,2009,425.80827214351,483.40732344160995,368.35282975022
1,All Population,5,Prevalence,211,Mali,3,Both,27,Age-standardized,543,Alzheimer's disease and other dementias,2,Percent,2012,0.0041497633353732,0.0047308391036295,0.0035789015710553
1,All Population,5,Prevalence,211,Mali,3,Both,27,Age-standardized,543,Alzheimer's disease and other dementias,3,Rate,2012,412.13437106785995,469.82602709643,354.86103170173
1,All Population,5,Prevalence,213,Niger,3,Both,27,Age-standardized,543,Alzheimer's disease and other dementias,2,Percent,2012,0.0042421846137962,0.0048146326533658,0.0036300473180857
1,All Population,5,Prevalence,213,Niger,3,Both,27,Age-standardized,543,Alzheimer's disease and other dementias,3,Rate,2012,422.20887586515994,478.73922418561995,361.51871019902
1,All Population,5,Prevalence,205,Côte d'Ivoire,3,Both,27,Age-standardized,543,Alzheimer's disease and other dementias,2,Percent,2006,0.0040593539671629,0.0046340702011785,0.003462029129662
1,All Population,5,Prevalence,205,Côte d'Ivoire,3,Both,27,Age-standardized,543,Alzheimer's disease and other dementias,3,Rate,2006,403.96486156720005,461.32144480403,344.3776837736
1,All Population,5,Prevalence,216,Senegal,3,Both,27,Age-standardized,543,Alzheimer's disease and other dementias,2,Percent,2005,0.0041431425937012,0.0047306147678757,0.0035344903155593
1,All Population,5,Prevalence,216,Senegal,3,Both,27,Age-standardized,543,Alzheimer's disease and other dementias,3,Rate,2005,411.61031401851994,470.20689832913,351.18629289207996
1,All Population,5,Prevalence,212,Mauritania,3,Both,27,Age-standardized,543,Alzheimer's disease and other dementias,2,Percent,2009,0.0041424628881428,0.0047335863228153,0.0035312901840215
1,All Population,5,Prevalence,212,Mauritania,3,Both,27,Age-standardized,543,Alzheimer's disease and other dementias,3,Rate,2009,408.19781588560005,465.43170827650005,348.34768457306
1,All Population,5,Prevalence,216,Senegal,3,Both,27,Age-standardized,543,Alzheimer's disease and other dementias,2,Percent,2006,0.0041367190321277,0.0047310807144662,0.0035415486994139
1,All Population,5,Prevalence,216,Senegal,3,Both,27,Age-standardized,543,Alzheimer's disease and other dementias,3,Rate,2006,410.82863451599997,469.57352715510996,351.78112722253996
1,All Population,5,Prevalence,206,Gambia,3,Both,27,Age-standardized,543,Alzheimer's disease and other dementias,2,Percent,2017,0.0040767645204326,0.0046610225020739,0.0035150007582698
1,All Population,5,Prevalence,206,Gambia,3,Both,27,Age-standardized,543,Alzheimer's disease and other dementias,3,Rate,2017,400.42541788444,456.31483263111,345.41593351416
1,All Population,5,Prevalence,208,Guinea,3,Both,27,Age-standardized,543,Alzheimer's disease and other dementias,2,Percent,2017,0.0040527671562495,0.0046031246174734,0.0034772496804488
1,All Population,5,Prevalence,208,Guinea,3,Both,27,Age-standardized,543,Alzheimer's disease and other dementias,3,Rate,2017,401.62553568344003,456.39532907946,344.75981186322
1,All Population,5,Prevalence,214,Nigeria,3,Both,27,Age-standardized,543,Alzheimer's disease and other dementias,2,Percent,2008,0.0037388293631091,0.0042999586992977,0.0031815199277312
1,All Population,5,Prevalence,214,Nigeria,3,Both,27,Age-standardized,543,Alzheimer's disease and other dementias,3,Rate,2008,371.85385528127,427.72691203113004,316.52630386691
1,All Population,5,Prevalence,210,Liberia,3,Both,27,Age-standardized,543,Alzheimer's disease and other dementias,2,Percent,2017,0.0039997106362387,0.0045715742779156,0.0034400498330865
1,All Population,5,Prevalence,210,Liberia,3,Both,27,Age-standardized,543,Alzheimer's disease and other dementias,3,Rate,2017,396.93593981861,453.56638928114995,341.7725355703
1,All Population,5,Prevalence,214,Nigeria,3,Both,27,Age-standardized,543,Alzheimer's disease and other dementias,2,Percent,2007,0.0037191273732644,0.0042777623527115,0.0031627297786249
1,All Population,5,Prevalence,214,Nigeria,3,Both,27,Age-standardized,543,Alzheimer's disease and other dementias,3,Rate,2007,370.08516454078,425.77417039576005,314.69120647482
1,All Population,5,Prevalence,208,Guinea,3,Both,27,Age-standardized,543,Alzheimer's disease and other dementias,2,Percent,2008,0.0041516007955577,0.0046994435062285,0.0035600782431951
1,All Population,5,Prevalence,208,Guinea,3,Both,27,Age-standardized,543,Alzheimer's disease and other dementias,3,Rate,2008,413.1216951387,467.78957316871004,354.18096010279004
1,All Population,5,Prevalence,208,Guinea,3,Both,27,Age-standardized,543,Alzheimer's disease and other dementias,2,Percent,1999,0.0042252166229883,0.00480411044784,0.003628592922296
1,All Population,5,Prevalence,208,Guinea,3,Both,27,Age-standardized,543,Alzheimer's disease and other dementias,3,Rate,1999,421.53644925393,478.84933367854006,362.08770960135
1,All Population,5,Prevalence,209,Guinea-Bissau,3,Both,27,Age-standardized,543,Alzheimer's disease and other dementias,2,Percent,2010,0.0040350240830641,0.0046306211775296,0.0034514675137421
1,All Population,5,Prevalence,209,Guinea-Bissau,3,Both,27,Age-standardized,543,Alzheimer's disease and other dementias,3,Rate,2010,401.4062181117,460.76537084316,343.17709191269
1,All Population,5,Prevalence,204,Chad,3,Both,27,Age-standardized,543,Alzheimer's disease and other dementias,2,Percent,2017,0.0040693115630778,0.0046482175512404,0.0034864807666714
1,All Population,5,Prevalence,204,Chad,3,Both,27,Age-standardized,543,Alzheimer's disease and other dementias,3,Rate,2017,403.16750621672,459.92208201014,345.44352509395003
1,All Population,5,Prevalence,214,Nigeria,3,Both,27,Age-standardized,543,Alzheimer's disease and other dementias,2,Percent,2009,0.0037548394638226,0.004318866091919,0.0031975071217409
1,All Population,5,Prevalence,214,Nigeria,3,Both,27,Age-standardized,543,Alzheimer's disease and other dementias,3,Rate,2009,373.25362206912,429.23665228427,317.86343973078
1,All Population,5,Prevalence,203,Cabo Verde,3,Both,27,Age-standardized,543,Alzheimer's disease and other dementias,2,Percent,2012,0.0043143507287777,0.0049063945268699,0.0036892055762135
1,All Population,5,Prevalence,203,Cabo Verde,3,Both,27,Age-standardized,543,Alzheimer's disease and other dementias,3,Rate,2012,415.50246494954,472.51381272079,357.49979646884
1,All Population,5,Prevalence,205,Côte d'Ivoire,3,Both,27,Age-standardized,543,Alzheimer's disease and other dementias,2,Percent,2008,0.0040462007588254,0.0045930773543447,0.0034648464754289
1,All Population,5,Prevalence,205,Côte d'Ivoire,3,Both,27,Age-standardized,543,Alzheimer's disease and other dementias,3,Rate,2008,402.51416399387006,456.87290403157,344.79906179897
1,All Population,5,Prevalence,207,Ghana,3,Both,27,Age-standardized,543,Alzheimer's disease and other dementias,2,Percent,2007,0.0041874075444379,0.0047771630016784,0.003568709075567
1,All Population,5,Prevalence,207,Ghana,3,Both,27,Age-standardized,543,Alzheimer's disease and other dementias,3,Rate,2007,416.19085749011,474.84635460127,354.54567736607
1,All Population,5,Prevalence,208,Guinea,3,Both,27,Age-standardized,543,Alzheimer's disease and other dementias,2,Percent,2000,0.004217752738828,0.0047886488240775,0.0036345241118011
1,All Population,5,Prevalence,208,Guinea,3,Both,27,Age-standardized,543,Alzheimer's disease and other dementias,3,Rate,2000,420.70105535872,476.84754908414,362.59609742937
1,All Population,5,Prevalence,210,Liberia,3,Both,27,Age-standardized,543,Alzheimer's disease and other dementias,2,Percent,1994,0.0041375978444296,0.0047304954034455,0.003545680025376
1,All Population,5,Prevalence,210,Liberia,3,Both,27,Age-standardized,543,Alzheimer's disease and other dementias,3,Rate,1994,413.19290568242,472.57995886095995,354.13532385479
1,All Population,5,Prevalence,213,Niger,3,Both,27,Age-standardized,543,Alzheimer's disease and other dementias,2,Percent,2002,0.0043416218656991,0.0049484158257394,0.0037608886294631
1,All Population,5,Prevalence,213,Niger,3,Both,27,Age-standardized,543,Alzheimer's disease and other dementias,3,Rate,2002,433.47698368872,494.05393443223,375.46499628576004
1,All Population,5,Prevalence,202,Cameroon,3,Both,27,Age-standardized,543,Alzheimer's disease and other dementias,2,Percent,2002,0.0040351216919851,0.0045779626792081,0.0034343813365965
1,All Population,5,Prevalence,202,Cameroon,3,Both,27,Age-standardized,543,Alzheimer's disease and other dementias,3,Rate,2002,402.18501666422,456.10152222988,342.19307125672
1,All Population,5,Prevalence,200,Benin,3,Both,27,Age-standardized,543,Alzheimer's disease and other dementias,2,Percent,2004,0.0041813561733703,0.0047440622913377,0.0036744541696143
1,All Population,5,Prevalence,200,Benin,3,Both,27,Age-standardized,543,Alzheimer's disease and other dementias,3,Rate,2004,416.75297020029996,473.04207276372006,365.92301646149
1,All Population,5,Prevalence,200,Benin,3,Both,27,Age-standardized,543,Alzheimer's disease and other dementias,2,Percent,2003,0.0041895271630438,0.0047329768372254,0.0036823394086435
1,All Population,5,Prevalence,200,Benin,3,Both,27,Age-standardized,543,Alzheimer's disease and other dementias,3,Rate,2003,417.56401918404,471.73348283064996,366.79501111576
1,All Population,5,Prevalence,216,Senegal,3,Both,27,Age-standardized,543,Alzheimer's disease and other dementias,2,Percent,2009,0.0041151969209078,0.0047368173703201,0.0035135264992809
1,All Population,5,Prevalence,216,Senegal,3,Both,27,Age-standardized,543,Alzheimer's disease and other dementias,3,Rate,2009,408.05663836523,469.24194784493994,348.50334620483
1,All Population,5,Prevalence,201,Burkina Faso,3,Both,27,Age-standardized,543,Alzheimer's disease and other dementias,2,Percent,2010,0.0042616391692304,0.0048391865808947,0.003679434559609
1,All Population,5,Prevalence,201,Burkina Faso,3,Both,27,Age-standardized,543,Alzheimer's disease and other dementias,3,Rate,2010,424.90202612818,482.65837624261,366.97482572599
1,All Population,5,Prevalence,212,Mauritania,3,Both,27,Age-standardized,543,Alzheimer's disease and other dementias,2,Percent,2010,0.0041384018954688,0.0047227966785748,0.0035205573116555
1,All Population,5,Prevalence,212,Mauritania,3,Both,27,Age-standardized,543,Alzheimer's disease and other dementias,3,Rate,2010,407.53200946331003,464.33109646066,347.02822906381
1,All Population,5,Prevalence,203,Cabo Verde,3,Both,27,Age-standardized,543,Alzheimer's disease and other dementias,2,Percent,2013,0.0043072752862213,0.0049071541631093,0.0036822732173822
1,All Population,5,Prevalence,203,Cabo Verde,3,Both,27,Age-standardized,543,Alzheimer's disease and other dementias,3,Rate,2013,414.36354593635997,472.21977129612,356.13368275025
1,All Population,5,Prevalence,205,Côte d'Ivoire,3,Both,27,Age-standardized,543,Alzheimer's disease and other dementias,2,Percent,2012,0.0040352725409331,0.0045769174829126,0.0034725374793893
1,All Population,5,Prevalence,205,Côte d'Ivoire,3,Both,27,Age-standardized,543,Alzheimer's disease and other dementias,3,Rate,2012,400.40618192368,454.41941944975997,344.63575748757
1,All Population,5,Prevalence,205,Côte d'Ivoire,3,Both,27,Age-standardized,543,Alzheimer's disease and other dementias,2,Percent,2013,0.0040364122773827,0.0045878759670862,0.0034615233924043
1,All Population,5,Prevalence,205,Côte d'Ivoire,3,Both,27,Age-standardized,543,Alzheimer's disease and other dementias,3,Rate,2013,399.7740691628,454.33703572918995,342.96708506338
1,All Population,5,Prevalence,218,Togo,3,Both,27,Age-standardized,543,Alzheimer's disease and other dementias,2,Percent,2006,0.0041358818655328,0.0047248300767032,0.0035543553100956
1,All Population,5,Prevalence,218,Togo,3,Both,27,Age-standardized,543,Alzheimer's disease and other dementias,3,Rate,2006,412.78023033172,471.56304250135,354.78064738832
1,All Population,5,Prevalence,207,Ghana,3,Both,27,Age-standardized,543,Alzheimer's disease and other dementias,2,Percent,2013,0.0041723855209965,0.0047542158196781,0.0035992514418046
1,All Population,5,Prevalence,207,Ghana,3,Both,27,Age-standardized,543,Alzheimer's disease and other dementias,3,Rate,2013,413.24445031597,470.48594033578,356.5834376244
1,All Population,5,Prevalence,202,Cameroon,3,Both,27,Age-standardized,543,Alzheimer's disease and other dementias,2,Percent,2001,0.0040395448417094,0.0045850391330503,0.0034376847182144
1,All Population,5,Prevalence,202,Cameroon,3,Both,27,Age-standardized,543,Alzheimer's disease and other dementias,3,Rate,2001,402.73135377723,457.34264942094,342.58233516573
1,All Population,5,Prevalence,201,Burkina Faso,3,Both,27,Age-standardized,543,Alzheimer's disease and other dementias,2,Percent,2011,0.0042513449899261,0.0048264762784341,0.0036693572844015
1,All Population,5,Prevalence,201,Burkina Faso,3,Both,27,Age-standardized,543,Alzheimer's disease and other dementias,3,Rate,2011,423.70750361043,481.19321282465995,365.77758333152
1,All Population,5,Prevalence,216,Senegal,3,Both,27,Age-standardized,543,Alzheimer's disease and other dementias,2,Percent,2008,0.0041206250218945,0.0047257986586854,0.0035232406668071
1,All Population,5,Prevalence,216,Senegal,3,Both,27,Age-standardized,543,Alzheimer's disease and other dementias,3,Rate,2008,408.82861799036993,468.45391322635004,349.72964455031996
1,All Population,5,Prevalence,209,Guinea-Bissau,3,Both,27,Age-standardized,543,Alzheimer's disease and other dementias,2,Percent,2013,0.0040307975264093,0.0046252228868301,0.0034327466426122
1,All Population,5,Prevalence,209,Guinea-Bissau,3,Both,27,Age-standardized,543,Alzheimer's disease and other dementias,3,Rate,2013,400.42262288989,458.99917074498,340.7793755327
1,All Population,5,Prevalence,204,Chad,3,Both,27,Age-standardized,543,Alzheimer's disease and other dementias,2,Percent,2019,0.0040427532367807,0.0045923495206138,0.0034683960362755
1,All Population,5,Prevalence,204,Chad,3,Both,27,Age-standardized,543,Alzheimer's disease and other dementias,3,Rate,2019,400.10510507819,455.0898389392,344.28984808008
1,All Population,5,Prevalence,216,Senegal,3,Both,27,Age-standardized,543,Alzheimer's disease and other dementias,2,Percent,2007,0.0041288163803452,0.0047268915916259,0.0035294117510256
1,All Population,5,Prevalence,216,Senegal,3,Both,27,Age-standardized,543,Alzheimer's disease and other dementias,3,Rate,2007,409.85656000836,468.65539803183003,350.69124273337997
1,All Population,5,Prevalence,204,Chad,3,Both,27,Age-standardized,543,Alzheimer's disease and other dementias,2,Percent,2013,0.0041089227085805,0.0046711065422588,0.003522100734257
1,All Population,5,Prevalence,204,Chad,3,Both,27,Age-standardized,543,Alzheimer's disease and other dementias,3,Rate,2013,407.98238727912,464.21497843464005,349.78501722361
1,All Population,5,Prevalence,208,Guinea,3,Both,27,Age-standardized,543,Alzheimer's disease and other dementias,2,Percent,2001,0.0042103124573548,0.0047713683908066,0.0036250374078417
1,All Population,5,Prevalence,208,Guinea,3,Both,27,Age-standardized,543,Alzheimer's disease and other dementias,3,Rate,2001,419.84782484543996,475.57720714937,361.614223346
1,All Population,5,Prevalence,218,Togo,3,Both,27,Age-standardized,543,Alzheimer's disease and other dementias,2,Percent,2011,0.0041151811380575,0.0046858080881199,0.0035207354514047
1,All Population,5,Prevalence,218,Togo,3,Both,27,Age-standardized,543,Alzheimer's disease and other dementias,3,Rate,2011,409.88393359891,466.92767985069,350.87844728375
1,All Population,5,Prevalence,214,Nigeria,3,Both,27,Age-standardized,543,Alzheimer's disease and other dementias,2,Percent,2010,0.0037593208457739,0.0043241793262673,0.0032038541476494
1,All Population,5,Prevalence,214,Nigeria,3,Both,27,Age-standardized,543,Alzheimer's disease and other dementias,3,Rate,2010,373.54198402924004,429.42472439263,318.29559408865003
1,All Population,5,Prevalence,209,Guinea-Bissau,3,Both,27,Age-standardized,543,Alzheimer's disease and other dementias,2,Percent,2004,0.0040378308575428,0.0046081347410478,0.0034514985025092
1,All Population,5,Prevalence,209,Guinea-Bissau,3,Both,27,Age-standardized,543,Alzheimer's disease and other dementias,3,Rate,2004,402.54556254319,459.42898414203,344.12866768659
1,All Population,5,Prevalence,207,Ghana,3,Both,27,Age-standardized,543,Alzheimer's disease and other dementias,2,Percent,2006,0.0041916474780011,0.0047847382145125,0.0035555367763643
1,All Population,5,Prevalence,207,Ghana,3,Both,27,Age-standardized,543,Alzheimer's disease and other dementias,3,Rate,2006,416.71294868053,475.58162521181004,353.84380668859
1,All Population,5,Prevalence,203,Cabo Verde,3,Both,27,Age-standardized,543,Alzheimer's disease and other dementias,2,Percent,2010,0.0043131663134191,0.0049165810871556,0.0036726312663867
1,All Population,5,Prevalence,203,Cabo Verde,3,Both,27,Age-standardized,543,Alzheimer's disease and other dementias,3,Rate,2010,416.28506192419,475.3553869889,355.95713313888
1,All Population,5,Prevalence,218,Togo,3,Both,27,Age-standardized,543,Alzheimer's disease and other dementias,2,Percent,2008,0.0041280770172232,0.0047019670541502,0.0035444407120367
1,All Population,5,Prevalence,218,Togo,3,Both,27,Age-standardized,543,Alzheimer's disease and other dementias,3,Rate,2008,411.67974104626995,468.48771271269,353.6280625919
1,All Population,5,Prevalence,208,Guinea,3,Both,27,Age-standardized,543,Alzheimer's disease and other dementias,2,Percent,2006,0.0041682962452938,0.0047266874098275,0.0035527567234163
1,All Population,5,Prevalence,208,Guinea,3,Both,27,Age-standardized,543,Alzheimer's disease and other dementias,3,Rate,2006,414.90418590507005,470.25504972146,353.31944225321
1,All Population,5,Prevalence,210,Liberia,3,Both,27,Age-standardized,543,Alzheimer's disease and other dementias,2,Percent,1996,0.0041250372367751,0.0047002841462892,0.0035425466918908
1,All Population,5,Prevalence,210,Liberia,3,Both,27,Age-standardized,543,Alzheimer's disease and other dementias,3,Rate,1996,411.92655325248,469.33436455413,353.73411464036
1,All Population,5,Prevalence,203,Cabo Verde,3,Both,27,Age-standardized,543,Alzheimer's disease and other dementias,2,Percent,2011,0.0043092417143532,0.0049007638493121,0.0036773941766914
1,All Population,5,Prevalence,203,Cabo Verde,3,Both,27,Age-standardized,543,Alzheimer's disease and other dementias,3,Rate,2011,415.48138490925,472.08833046316,356.3764923291
1,All Population,5,Prevalence,207,Ghana,3,Both,27,Age-standardized,543,Alzheimer's disease and other dementias,2,Percent,2008,0.0041824683967739,0.0047677266657671,0.0035834158904609
1,All Population,5,Prevalence,207,Ghana,3,Both,27,Age-standardized,543,Alzheimer's disease and other dementias,3,Rate,2008,415.60995065850005,473.93343516805004,355.94498192175
1,All Population,5,Prevalence,209,Guinea-Bissau,3,Both,27,Age-standardized,543,Alzheimer's disease and other dementias,2,Percent,2007,0.0040371507841333,0.0046276917914662,0.003449307206359
1,All Population,5,Prevalence,209,Guinea-Bissau,3,Both,27,Age-standardized,543,Alzheimer's disease and other dementias,3,Rate,2007,402.09052849456003,460.34838960637,343.50299537633003
1,All Population,5,Prevalence,207,Ghana,3,Both,27,Age-standardized,543,Alzheimer's disease and other dementias,2,Percent,2012,0.0041730175445947,0.0047484702716814,0.0035878020316519
1,All Population,5,Prevalence,207,Ghana,3,Both,27,Age-standardized,543,Alzheimer's disease and other dementias,3,Rate,2012,413.83291571195,470.66704573232,355.6892249254
1,All Population,5,Prevalence,216,Senegal,3,Both,27,Age-standardized,543,Alzheimer's disease and other dementias,2,Percent,2010,0.0041116069559049,0.0047503949570302,0.0035015477638736
1,All Population,5,Prevalence,216,Senegal,3,Both,27,Age-standardized,543,Alzheimer's disease and other dementias,3,Rate,2010,407.4810219697,470.54893150011003,347.12691599709
1,All Population,5,Prevalence,212,Mauritania,3,Both,27,Age-standardized,543,Alzheimer's disease and other dementias,2,Percent,2011,0.0041331068250082,0.0047165326651711,0.0035250080655207
1,All Population,5,Prevalence,212,Mauritania,3,Both,27,Age-standardized,543,Alzheimer's disease and other dementias,3,Rate,2011,406.73392410229997,463.46696406518,347.6103774877
1,All Population,5,Prevalence,201,Burkina Faso,3,Both,27,Age-standardized,543,Alzheimer's disease and other dementias,2,Percent,2012,0.0042437886633074,0.0048086076964733,0.0036589956221288
1,All Population,5,Prevalence,201,Burkina Faso,3,Both,27,Age-standardized,543,Alzheimer's disease and other dementias,3,Rate,2012,422.67656798819,479.17365361653003,364.48226549085996
1,All Population,5,Prevalence,201,Burkina Faso,3,Both,27,Age-standardized,543,Alzheimer's disease and other dementias,2,Percent,2013,0.0042362365399022,0.0047997447683015,0.0036430233872828
1,All Population,5,Prevalence,201,Burkina Faso,3,Both,27,Age-standardized,543,Alzheimer's disease and other dementias,3,Rate,2013,421.57560470810995,477.75114610265996,362.53730369898
1,All Population,5,Prevalence,202,Cameroon,3,Both,27,Age-standardized,543,Alzheimer's disease and other dementias,2,Percent,2005,0.0040162675380501,0.0045690742378479,0.0034071503111035
1,All Population,5,Prevalence,202,Cameroon,3,Both,27,Age-standardized,543,Alzheimer's disease and other dementias,3,Rate,2005,399.88661992679,454.72608930112,339.22212014092
1,All Population,5,Prevalence,213,Niger,3,Both,27,Age-standardized,543,Alzheimer's disease and other dementias,2,Percent,2005,0.0043121759197736,0.0049335350040127,0.0037435291559641
1,All Population,5,Prevalence,213,Niger,3,Both,27,Age-standardized,543,Alzheimer's disease and other dementias,3,Rate,2005,430.22578791961996,492.40068076016996,373.72608928727
1,All Population,5,Prevalence,211,Mali,3,Both,27,Age-standardized,543,Alzheimer's disease and other dementias,2,Percent,2006,0.0041791418377007,0.0047294369975928,0.0035789448836403
1,All Population,5,Prevalence,211,Mali,3,Both,27,Age-standardized,543,Alzheimer's disease and other dementias,3,Rate,2006,416.37714138935,470.71756789783996,356.64243228892997
1,All Population,5,Prevalence,211,Mali,3,Both,27,Age-standardized,543,Alzheimer's disease and other dementias,2,Percent,2004,0.0041864450202315,0.0047403544564252,0.0035784249500417
1,All Population,5,Prevalence,211,Mali,3,Both,27,Age-standardized,543,Alzheimer's disease and other dementias,3,Rate,2004,417.40204990876,473.10259779316,356.91906850415
1,All Population,5,Prevalence,215,Sao Tome and Principe,3,Both,27,Age-standardized,543,Alzheimer's disease and other dementias,2,Percent,2000,0.0040755051835904,0.0046748854728871,0.0034471070515339
1,All Population,5,Prevalence,215,Sao Tome and Principe,3,Both,27,Age-standardized,543,Alzheimer's disease and other dementias,3,Rate,2000,406.76886570205005,466.51886711277996,344.04770124675
1,All Population,5,Prevalence,212,Mauritania,3,Both,27,Age-standardized,543,Alzheimer's disease and other dementias,2,Percent,2012,0.0041264007104815,0.0047179533332636,0.0035346157237969
1,All Population,5,Prevalence,212,Mauritania,3,Both,27,Age-standardized,543,Alzheimer's disease and other dementias,3,Rate,2012,405.71362856432,462.6534337737,348.17995462961
1,All Population,5,Prevalence,213,Niger,3,Both,27,Age-standardized,543,Alzheimer's disease and other dementias,2,Percent,2007,0.0042917390649101,0.0048886140427961,0.0037180827812396
1,All Population,5,Prevalence,213,Niger,3,Both,27,Age-standardized,543,Alzheimer's disease and other dementias,3,Rate,2007,427.93538564815,487.54311645907995,370.86938949902
1,All Population,5,Prevalence,212,Mauritania,3,Both,27,Age-standardized,543,Alzheimer's disease and other dementias,2,Percent,2013,0.0041152745146461,0.0046951009631739,0.0035339887511078
1,All Population,5,Prevalence,212,Mauritania,3,Both,27,Age-standardized,543,Alzheimer's disease and other dementias,3,Rate,2013,404.25056795923,461.09341125632,347.90828963134
1,All Population,5,Prevalence,217,Sierra Leone,3,Both,27,Age-standardized,543,Alzheimer's disease and other dementias,2,Percent,2008,0.004255525916387,0.0048495420712569,0.0036537521483398
1,All Population,5,Prevalence,217,Sierra Leone,3,Both,27,Age-standardized,543,Alzheimer's disease and other dementias,3,Rate,2008,424.1404539778,483.77838660031,363.99459766503
1,All Population,5,Prevalence,206,Gambia,3,Both,27,Age-standardized,543,Alzheimer's disease and other dementias,2,Percent,2009,0.0041273636064432,0.0047067485254026,0.0034961694172482
1,All Population,5,Prevalence,206,Gambia,3,Both,27,Age-standardized,543,Alzheimer's disease and other dementias,3,Rate,2009,407.98362674627003,466.19470378697,345.90399489494
1,All Population,5,Prevalence,218,Togo,3,Both,27,Age-standardized,543,Alzheimer's disease and other dementias,2,Percent,2013,0.0041130986030229,0.0046766552416183,0.0035250373987753
1,All Population,5,Prevalence,218,Togo,3,Both,27,Age-standardized,543,Alzheimer's disease and other dementias,3,Rate,2013,409.1020255648,464.40968282779,350.63908460679
1,All Population,5,Prevalence,214,Nigeria,3,Both,27,Age-standardized,543,Alzheimer's disease and other dementias,2,Percent,2013,0.0037276279191979,0.0042873871228185,0.0031779528102886
1,All Population,5,Prevalence,214,Nigeria,3,Both,27,Age-standardized,543,Alzheimer's disease and other dementias,3,Rate,2013,370.06599896381,426.10420119211,315.47844142465
1,All Population,5,Prevalence,206,Gambia,3,Both,27,Age-standardized,543,Alzheimer's disease and other dementias,2,Percent,2007,0.0041441703386007,0.0047369044140226,0.0035334846988248
1,All Population,5,Prevalence,206,Gambia,3,Both,27,Age-standardized,543,Alzheimer's disease and other dementias,3,Rate,2007,410.10837139092,468.66321855474,349.8984686972
1,All Population,5,Prevalence,208,Guinea,3,Both,27,Age-standardized,543,Alzheimer's disease and other dementias,2,Percent,2013,0.0040965422367019,0.004639245040231,0.0035278803698335
1,All Population,5,Prevalence,208,Guinea,3,Both,27,Age-standardized,543,Alzheimer's disease and other dementias,3,Rate,2013,407.04292364174995,461.47889394981996,350.70723853092
1,All Population,5,Prevalence,208,Guinea,3,Both,27,Age-standardized,543,Alzheimer's disease and other dementias,2,Percent,2015,0.004073274992214,0.0046226004047931,0.0034830900145969
1,All Population,5,Prevalence,208,Guinea,3,Both,27,Age-standardized,543,Alzheimer's disease and other dementias,3,Rate,2015,404.31447188419,459.05137873841,345.98417883891
1,All Population,5,Prevalence,216,Senegal,3,Both,27,Age-standardized,543,Alzheimer's disease and other dementias,2,Percent,2013,0.0040917155372269,0.0046737112969901,0.003492793782588
1,All Population,5,Prevalence,216,Senegal,3,Both,27,Age-standardized,543,Alzheimer's disease and other dementias,3,Rate,2013,404.57680203581,462.00554486167,345.67084825938
1,All Population,5,Prevalence,209,Guinea-Bissau,3,Both,27,Age-standardized,543,Alzheimer's disease and other dementias,2,Percent,2006,0.0040380031595628,0.0046199670715073,0.0034497010704696
1,All Population,5,Prevalence,209,Guinea-Bissau,3,Both,27,Age-standardized,543,Alzheimer's disease and other dementias,3,Rate,2006,402.32161178609005,460.18239065469,343.68404236195
1,All Population,5,Prevalence,211,Mali,3,Both,27,Age-standardized,543,Alzheimer's disease and other dementias,2,Percent,2008,0.0041702561996412,0.0047397900048143,0.0035795440921241
1,All Population,5,Prevalence,211,Mali,3,Both,27,Age-standardized,543,Alzheimer's disease and other dementias,3,Rate,2008,414.98834053352005,471.04963534211004,356.25944400589
1,All Population,5,Prevalence,206,Gambia,3,Both,27,Age-standardized,543,Alzheimer's disease and other dementias,2,Percent,2011,0.0041156436382233,0.004696358785709,0.0034875831786117
1,All Population,5,Prevalence,206,Gambia,3,Both,27,Age-standardized,543,Alzheimer's disease and other dementias,3,Rate,2011,406.40796226798,464.25531498878996,345.17964328054
1,All Population,5,Prevalence,208,Guinea,3,Both,27,Age-standardized,543,Alzheimer's disease and other dementias,2,Percent,1992,0.004279232527601,0.0048877559778439,0.0037025546920596
1,All Population,5,Prevalence,208,Guinea,3,Both,27,Age-standardized,543,Alzheimer's disease and other dementias,3,Rate,1992,427.32774698677997,487.92263859245,369.92598410749997
1,All Population,5,Prevalence,205,Côte d'Ivoire,3,Both,27,Age-standardized,543,Alzheimer's disease and other dementias,2,Percent,2020,0.0040096311487406,0.0045630662496585,0.0034407288810843
1,All Population,5,Prevalence,205,Côte d'Ivoire,3,Both,27,Age-standardized,543,Alzheimer's disease and other dementias,3,Rate,2020,394.17215384952004,449.1043864011,338.23407881600997
1,All Population,5,Prevalence,205,Côte d'Ivoire,3,Both,27,Age-standardized,543,Alzheimer's disease and other dementias,2,Percent,2010,0.0040357211575141,0.0045768449420031,0.0034699338998269
1,All Population,5,Prevalence,205,Côte d'Ivoire,3,Both,27,Age-standardized,543,Alzheimer's disease and other dementias,3,Rate,2010,401.36300429035,455.11125160562,345.24325864938004
1,All Population,5,Prevalence,200,Benin,3,Both,27,Age-standardized,543,Alzheimer's disease and other dementias,2,Percent,2008,0.0041489060794639,0.0046965984108985,0.0036601904958911
1,All Population,5,Prevalence,200,Benin,3,Both,27,Age-standardized,543,Alzheimer's disease and other dementias,3,Rate,2008,412.94787654833,467.20193570538,364.27541097841
1,All Population,5,Prevalence,217,Sierra Leone,3,Both,27,Age-standardized,543,Alzheimer's disease and other dementias,2,Percent,2010,0.0042459973382097,0.0048406337142957,0.003659371236551
1,All Population,5,Prevalence,217,Sierra Leone,3,Both,27,Age-standardized,543,Alzheimer's disease and other dementias,3,Rate,2010,422.89865300675996,481.99686772921996,364.71470735583
1,All Population,5,Prevalence,207,Ghana,3,Both,27,Age-standardized,543,Alzheimer's disease and other dementias,2,Percent,2020,0.0041052481668459,0.0046600723615086,0.0035282588593715
1,All Population,5,Prevalence,207,Ghana,3,Both,27,Age-standardized,543,Alzheimer's disease and other dementias,3,Rate,2020,402.30740161495,456.95922878203,345.8460361087
1,All Population,5,Prevalence,204,Chad,3,Both,27,Age-standardized,543,Alzheimer's disease and other dementias,2,Percent,2014,0.0040966733765696,0.004673560896458,0.0035173789873288
1,All Population,5,Prevalence,204,Chad,3,Both,27,Age-standardized,543,Alzheimer's disease and other dementias,3,Rate,2014,406.50793004742,464.10666243722,348.36580760858004
1,All Population,5,Prevalence,206,Gambia,3,Both,27,Age-standardized,543,Alzheimer's disease and other dementias,2,Percent,2010,0.0041217118988087,0.0046992198488057,0.003488900557269
1,All Population,5,Prevalence,206,Gambia,3,Both,27,Age-standardized,543,Alzheimer's disease and other dementias,3,Rate,2010,407.19755677366004,465.29012643633007,344.14230491126
1,All Population,5,Prevalence,203,Cabo Verde,3,Both,27,Age-standardized,543,Alzheimer's disease and other dementias,2,Percent,2015,0.0042943832335495,0.0049345536949118,0.0036430421001478
1,All Population,5,Prevalence,203,Cabo Verde,3,Both,27,Age-standardized,543,Alzheimer's disease and other dementias,3,Rate,2015,412.44475545380004,472.72514197269,350.48177981379
1,All Population,5,Prevalence,214,Nigeria,3,Both,27,Age-standardized,543,Alzheimer's disease and other dementias,2,Percent,2012,0.0037407571159125,0.0043015331801542,0.0031885054605716
1,All Population,5,Prevalence,214,Nigeria,3,Both,27,Age-standardized,543,Alzheimer's disease and other dementias,3,Rate,2012,371.46967122406,427.24877102741,316.73951373337
1,All Population,5,Prevalence,214,Nigeria,3,Both,27,Age-standardized,543,Alzheimer's disease and other dementias,2,Percent,2011,0.0037519635833305,0.0043149612172778,0.0031963429815463
1,All Population,5,Prevalence,214,Nigeria,3,Both,27,Age-standardized,543,Alzheimer's disease and other dementias,3,Rate,2011,372.69238890164,428.48625274775,317.72392309690997
1,All Population,5,Prevalence,209,Guinea-Bissau,3,Both,27,Age-standardized,543,Alzheimer's disease and other dementias,2,Percent,2020,0.0039930272193487,0.0045450987357211,0.0034133611731272
1,All Population,5,Prevalence,209,Guinea-Bissau,3,Both,27,Age-standardized,543,Alzheimer's disease and other dementias,3,Rate,2020,395.29158580234997,448.61211035767,337.6961810522
1,All Population,5,Prevalence,205,Côte d'Ivoire,3,Both,27,Age-standardized,543,Alzheimer's disease and other dementias,2,Percent,2011,0.0040344491678349,0.004571908119621,0.0034741957390549
1,All Population,5,Prevalence,205,Côte d'Ivoire,3,Both,27,Age-standardized,543,Alzheimer's disease and other dementias,3,Rate,2011,400.96121896609,454.31391439029,345.34850830413
1,All Population,5,Prevalence,218,Togo,3,Both,27,Age-standardized,543,Alzheimer's disease and other dementias,2,Percent,2010,0.0041198902079729,0.0046973615297793,0.0035228905305773
1,All Population,5,Prevalence,218,Togo,3,Both,27,Age-standardized,543,Alzheimer's disease and other dementias,3,Rate,2010,410.5195434323,468.17603972799003,350.83092301374
1,All Population,5,Prevalence,212,Mauritania,3,Both,27,Age-standardized,543,Alzheimer's disease and other dementias,2,Percent,2014,0.0041092952954547,0.0046860135528209,0.0035276558732745
1,All Population,5,Prevalence,212,Mauritania,3,Both,27,Age-standardized,543,Alzheimer's disease and other dementias,3,Rate,2014,403.31129809822,460.24382218217005,347.68324650593996
1,All Population,5,Prevalence,211,Mali,3,Both,27,Age-standardized,543,Alzheimer's disease and other dementias,2,Percent,2023,0.0040765000037573,0.0046512344568394,0.0034994269270783
1,All Population,5,Prevalence,211,Mali,3,Both,27,Age-standardized,543,Alzheimer's disease and other dementias,3,Rate,2023,402.77718399045006,458.25124276938,345.41898525721
1,All Population,5,Prevalence,201,Burkina Faso,3,Both,27,Age-standardized,543,Alzheimer's disease and other dementias,2,Percent,2014,0.004229290544161,0.0047954952817459,0.0036333891347777
1,All Population,5,Prevalence,201,Burkina Faso,3,Both,27,Age-standardized,543,Alzheimer's disease and other dementias,3,Rate,2014,420.53010406066005,477.18082960111997,361.42642339372003
1,All Population,5,Prevalence,203,Cabo Verde,3,Both,27,Age-standardized,543,Alzheimer's disease and other dementias,2,Percent,2014,0.0043001030515167,0.0049189829686,0.0036644610291644
1,All Population,5,Prevalence,203,Cabo Verde,3,Both,27,Age-standardized,543,Alzheimer's disease and other dementias,3,Rate,2014,413.2711978429,473.00442820364003,353.20205578399
1,All Population,5,Prevalence,207,Ghana,3,Both,27,Age-standardized,543,Alzheimer's disease and other dementias,2,Percent,2014,0.0041719292220324,0.0047565443046424,0.0036128852513538
1,All Population,5,Prevalence,207,Ghana,3,Both,27,Age-standardized,543,Alzheimer's disease and other dementias,3,Rate,2014,412.60110167966,470.35895996808,357.72846204542003
1,All Population,5,Prevalence,209,Guinea-Bissau,3,Both,27,Age-standardized,543,Alzheimer's disease and other dementias,2,Percent,2012,0.0040331819055198,0.0046211915012035,0.003443898115963
1,All Population,5,Prevalence,209,Guinea-Bissau,3,Both,27,Age-standardized,543,Alzheimer's disease and other dementias,3,Rate,2012,400.87447132525006,459.37952817347997,342.02629834294
1,All Population,5,Prevalence,213,Niger,3,Both,27,Age-standardized,543,Alzheimer's disease and other dementias,2,Percent,2023,0.0041529461354918,0.0047544632768281,0.0035605244144643
1,All Population,5,Prevalence,213,Niger,3,Both,27,Age-standardized,543,Alzheimer's disease and other dementias,3,Rate,2023,411.23741180968,471.01333333758004,352.46530653312
1,All Population,5,Prevalence,216,Senegal,3,Both,27,Age-standardized,543,Alzheimer's disease and other dementias,2,Percent,2015,0.0040830533369135,0.004638037441422,0.0034883325722558
1,All Population,5,Prevalence,216,Senegal,3,Both,27,Age-standardized,543,Alzheimer's disease and other dementias,3,Rate,2015,402.96030157304,456.54239754032994,343.80266258901
1,All Population,5,Prevalence,201,Burkina Faso,3,Both,27,Age-standardized,543,Alzheimer's disease and other dementias,2,Percent,2015,0.0042238451497587,0.0048041612653396,0.0036279565653042
1,All Population,5,Prevalence,201,Burkina Faso,3,Both,27,Age-standardized,543,Alzheimer's disease and other dementias,3,Rate,2015,419.69719878118,476.89846852508003,360.4463883103
1,All Population,5,Prevalence,201,Burkina Faso,3,Both,27,Age-standardized,543,Alzheimer's disease and other dementias,2,Percent,2017,0.0042068770695164,0.0048126230543581,0.003603372416787
1,All Population,5,Prevalence,201,Burkina Faso,3,Both,27,Age-standardized,543,Alzheimer's disease and other dementias,3,Rate,2017,417.31567720826996,476.47102643210997,357.23798274771
1,All Population,5,Prevalence,206,Gambia,3,Both,27,Age-standardized,543,Alzheimer's disease and other dementias,2,Percent,2019,0.0040645349411341,0.0046156440806697,0.003488680756369
1,All Population,5,Prevalence,206,Gambia,3,Both,27,Age-standardized,543,Alzheimer's disease and other dementias,3,Rate,2019,398.21748799338997,452.76989059681,342.37821463656
1,All Population,5,Prevalence,204,Chad,3,Both,27,Age-standardized,543,Alzheimer's disease and other dementias,2,Percent,2016,0.0040805548725064,0.0046622908909633,0.003497435773722
1,All Population,5,Prevalence,204,Chad,3,Both,27,Age-standardized,543,Alzheimer's disease and other dementias,3,Rate,2016,404.49449584913003,461.92997563423995,345.94193847281997
1,All Population,5,Prevalence,205,Côte d'Ivoire,3,Both,27,Age-standardized,543,Alzheimer's disease and other dementias,2,Percent,2018,0.0040193515731838,0.0045739207565097,0.0034648934853917
1,All Population,5,Prevalence,205,Côte d'Ivoire,3,Both,27,Age-standardized,543,Alzheimer's disease and other dementias,3,Rate,2018,395.80364831851006,450.99859859159005,341.3369949728
1,All Population,5,Prevalence,207,Ghana,3,Both,27,Age-standardized,543,Alzheimer's disease and other dementias,2,Percent,2016,0.0041640390996763,0.0047243969810311,0.0036029239685451
1,All Population,5,Prevalence,207,Ghana,3,Both,27,Age-standardized,543,Alzheimer's disease and other dementias,3,Rate,2016,410.64116104169,465.85026502419004,355.79374546729997
1,All Population,5,Prevalence,203,Cabo Verde,3,Both,27,Age-standardized,543,Alzheimer's disease and other dementias,2,Percent,2016,0.0042885682139727,0.0049161817122233,0.0036481261334362
1,All Population,5,Prevalence,203,Cabo Verde,3,Both,27,Age-standardized,543,Alzheimer's disease and other dementias,3,Rate,2016,411.69402007255,471.65945892881,350.77175025068
1,All Population,5,Prevalence,203,Cabo Verde,3,Both,27,Age-standardized,543,Alzheimer's disease and other dementias,2,Percent,2017,0.0042813788099723,0.0049007430421628,0.0036448340822314
1,All Population,5,Prevalence,203,Cabo Verde,3,Both,27,Age-standardized,543,Alzheimer's disease and other dementias,3,Rate,2017,410.78398011896,469.77837733398997,349.79198276009004
1,All Population,5,Prevalence,203,Cabo Verde,3,Both,27,Age-standardized,543,Alzheimer's disease and other dementias,2,Percent,2019,0.0042673204772978,0.0049048295646687,0.0036206235257967
1,All Population,5,Prevalence,203,Cabo Verde,3,Both,27,Age-standardized,543,Alzheimer's disease and other dementias,3,Rate,2019,409.03689901169,470.12864214910996,347.2654081055
1,All Population,5,Prevalence,203,Cabo Verde,3,Both,27,Age-standardized,543,Alzheimer's disease and other dementias,2,Percent,2018,0.0042740740990782,0.0049010570206961,0.0036269935501116
1,All Population,5,Prevalence,203,Cabo Verde,3,Both,27,Age-standardized,543,Alzheimer's disease and other dementias,3,Rate,2018,409.87759110274,470.60173813943,348.74671966175
1,All Population,5,Prevalence,210,Liberia,3,Both,27,Age-standardized,543,Alzheimer's disease and other dementias,2,Percent,1999,0.004095627563713,0.0046741354229051,0.0035294808315938
1,All Population,5,Prevalence,210,Liberia,3,Both,27,Age-standardized,543,Alzheimer's disease and other dementias,3,Rate,1999,408.86428262537,466.54985136243994,352.44241482101
1,All Population,5,Prevalence,215,Sao Tome and Principe,3,Both,27,Age-standardized,543,Alzheimer's disease and other dementias,2,Percent,1999,0.0040820921546787,0.0046737233254458,0.003471096770306
1,All Population,5,Prevalence,215,Sao Tome and Principe,3,Both,27,Age-standardized,543,Alzheimer's disease and other dementias,3,Rate,1999,407.45722670666,466.34319050069996,346.45589719614003
1,All Population,5,Prevalence,211,Mali,3,Both,27,Age-standardized,543,Alzheimer's disease and other dementias,2,Percent,2009,0.0041665113641246,0.0047292342312819,0.0035806084821405
1,All Population,5,Prevalence,211,Mali,3,Both,27,Age-standardized,543,Alzheimer's disease and other dementias,3,Rate,2009,414.33845363326,470.22055229059004,356.20406423043
1,All Population,5,Prevalence,211,Mali,3,Both,27,Age-standardized,543,Alzheimer's disease and other dementias,2,Percent,2003,0.0041925451099038,0.0047609317816517,0.0035770858365158
1,All Population,5,Prevalence,211,Mali,3,Both,27,Age-standardized,543,Alzheimer's disease and other dementias,3,Rate,2003,418.14968321998003,475.13823079504,356.72611272142996
1,All Population,5,Prevalence,200,Benin,3,Both,27,Age-standardized,543,Alzheimer's disease and other dementias,2,Percent,2010,0.004133432400592,0.0046797300181431,0.0036431695278325
1,All Population,5,Prevalence,200,Benin,3,Both,27,Age-standardized,543,Alzheimer's disease and other dementias,3,Rate,2010,410.99186177052997,465.02050867609,362.39092629873
1,All Population,5,Prevalence,211,Mali,3,Both,27,Age-standardized,543,Alzheimer's disease and other dementias,2,Percent,2010,0.0041633615991492,0.004731305828885,0.0035871690615468
1,All Population,5,Prevalence,211,Mali,3,Both,27,Age-standardized,543,Alzheimer's disease and other dementias,3,Rate,2010,413.80261738893995,470.36027973032003,356.35128418426
1,All Population,5,Prevalence,212,Mauritania,3,Both,27,Age-standardized,543,Alzheimer's disease and other dementias,2,Percent,2019,0.0040727301987694,0.0046641265448836,0.0034623535192059
1,All Population,5,Prevalence,212,Mauritania,3,Both,27,Age-standardized,543,Alzheimer's disease and other dementias,3,Rate,2019,398.08829404397,455.8609350024,338.56907334896
1,All Population,5,Prevalence,214,Nigeria,3,Both,27,Age-standardized,543,Alzheimer's disease and other dementias,2,Percent,2019,0.003670638342615,0.0042423068807083,0.003136408075595
1,All Population,5,Prevalence,214,Nigeria,3,Both,27,Age-standardized,543,Alzheimer's disease and other dementias,3,Rate,2019,363.61344070702,419.41985454243,310.49137571515
1,All Population,5,Prevalence,212,Mauritania,3,Both,27,Age-standardized,543,Alzheimer's disease and other dementias,2,Percent,2015,0.0041047061138723,0.0046897999627332,0.0035222709651565
1,All Population,5,Prevalence,212,Mauritania,3,Both,27,Age-standardized,543,Alzheimer's disease and other dementias,3,Rate,2015,402.53308503138,460.37164949812,347.0179477418
1,All Population,5,Prevalence,216,Senegal,3,Both,27,Age-standardized,543,Alzheimer's disease and other dementias,2,Percent,2012,0.0040997706446028,0.0047037437563135,0.0034963627416903
1,All Population,5,Prevalence,216,Senegal,3,Both,27,Age-standardized,543,Alzheimer's disease and other dementias,3,Rate,2012,405.73958485422,465.12339181955,346.12881569958
1,All Population,5,Prevalence,205,Côte d'Ivoire,3,Both,27,Age-standardized,543,Alzheimer's disease and other dementias,2,Percent,2015,0.0040355825708023,0.0046179227717892,0.0034420403496267
1,All Population,5,Prevalence,205,Côte d'Ivoire,3,Both,27,Age-standardized,543,Alzheimer's disease and other dementias,3,Rate,2015,398.6268677677,456.5126184586,339.96607906893996
1,All Population,5,Prevalence,209,Guinea-Bissau,3,Both,27,Age-standardized,543,Alzheimer's disease and other dementias,2,Percent,2014,0.0040284203396554,0.0046161225306842,0.0034190752550192
1,All Population,5,Prevalence,209,Guinea-Bissau,3,Both,27,Age-standardized,543,Alzheimer's disease and other dementias,3,Rate,2014,399.97148328719,457.66676659707997,339.20441203357996
1,All Population,5,Prevalence,207,Ghana,3,Both,27,Age-standardized,543,Alzheimer's disease and other dementias,2,Percent,2011,0.0041740704267053,0.004747923058931,0.0035863411897545
1,All Population,5,Prevalence,207,Ghana,3,Both,27,Age-standardized,543,Alzheimer's disease and other dementias,3,Rate,2011,414.33393456910005,471.41888815438995,356.06006916052
1,All Population,5,Prevalence,205,Côte d'Ivoire,3,Both,27,Age-standardized,543,Alzheimer's disease and other dementias,2,Percent,2014,0.0040364138918776,0.004604531956984,0.0034506605889113
1,All Population,5,Prevalence,205,Côte d'Ivoire,3,Both,27,Age-standardized,543,Alzheimer's disease and other dementias,3,Rate,2014,399.12998391568,455.42981322454006,341.36530809134996
1,All Population,5,Prevalence,207,Ghana,3,Both,27,Age-standardized,543,Alzheimer's disease and other dementias,2,Percent,2010,0.0041753925210309,0.0047554080849651,0.0035796636677931
1,All Population,5,Prevalence,207,Ghana,3,Both,27,Age-standardized,543,Alzheimer's disease and other dementias,3,Rate,2010,414.6967951403,472.51574357693,355.64389530683
1,All Population,5,Prevalence,201,Burkina Faso,3,Both,27,Age-standardized,543,Alzheimer's disease and other dementias,2,Percent,2022,0.0041854939543637,0.0047694526333014,0.0035982262951443
1,All Population,5,Prevalence,201,Burkina Faso,3,Both,27,Age-standardized,543,Alzheimer's disease and other dementias,3,Rate,2022,414.31756669936,471.57523370191,356.07391667652
1,All Population,5,Prevalence,210,Liberia,3,Both,27,Age-standardized,543,Alzheimer's disease and other dementias,2,Percent,2008,0.0040486336602929,0.0046093406190959,0.0034566029819587
1,All Population,5,Prevalence,210,Liberia,3,Both,27,Age-standardized,543,Alzheimer's disease and other dementias,3,Rate,2008,403.04083279831,458.96698060263,344.11235620742
1,All Population,5,Prevalence,204,Chad,3,Both,27,Age-standardized,543,Alzheimer's disease and other dementias,2,Percent,2018,0.0040573128507236,0.0046204405203079,0.0034810836446352
1,All Population,5,Prevalence,204,Chad,3,Both,27,Age-standardized,543,Alzheimer's disease and other dementias,3,Rate,2018,401.76370404188003,457.95752734551,344.94889365351
1,All Population,5,Prevalence,210,Liberia,3,Both,27,Age-standardized,543,Alzheimer's disease and other dementias,2,Percent,2001,0.0040898801754523,0.0046693416412633,0.0035160135307451
1,All Population,5,Prevalence,210,Liberia,3,Both,27,Age-standardized,543,Alzheimer's disease and other dementias,3,Rate,2001,408.16513431951006,466.02330700618995,351.07197777016
1,All Population,5,Prevalence,208,Guinea,3,Both,27,Age-standardized,543,Alzheimer's disease and other dementias,2,Percent,2009,0.0041428249580794,0.0046833767145968,0.0035612645723239
1,All Population,5,Prevalence,208,Guinea,3,Both,27,Age-standardized,543,Alzheimer's disease and other dementias,3,Rate,2009,412.19641256567996,465.88248803527,354.45467694552997
1,All Population,5,Prevalence,204,Chad,3,Both,27,Age-standardized,543,Alzheimer's disease and other dementias,2,Percent,2020,0.0040370760086072,0.0045880447838944,0.0034583827123809
1,All Population,5,Prevalence,204,Chad,3,Both,27,Age-standardized,543,Alzheimer's disease and other dementias,3,Rate,2020,399.51364852989997,455.32950575646004,343.37916267353
1,All Population,5,Prevalence,210,Liberia,3,Both,27,Age-standardized,543,Alzheimer's disease and other dementias,2,Percent,2006,0.0040655278398118,0.0046399782119869,0.003480579343054
1,All Population,5,Prevalence,210,Liberia,3,Both,27,Age-standardized,543,Alzheimer's disease and other dementias,3,Rate,2006,405.05611941733997,462.3515941603,346.90960393779
1,All Population,5,Prevalence,210,Liberia,3,Both,27,Age-standardized,543,Alzheimer's disease and other dementias,2,Percent,2015,0.0040100719149873,0.0045780636621043,0.0034559659467822
1,All Population,5,Prevalence,210,Liberia,3,Both,27,Age-standardized,543,Alzheimer's disease and other dementias,3,Rate,2015,398.17659691041996,454.59345704461,343.37019026402
1,All Population,5,Prevalence,206,Gambia,3,Both,27,Age-standardized,543,Alzheimer's disease and other dementias,2,Percent,2013,0.0040994164536787,0.0046882698538914,0.0035138207177725
1,All Population,5,Prevalence,206,Gambia,3,Both,27,Age-standardized,543,Alzheimer's disease and other dementias,3,Rate,2013,404.18289941857,462.34821605511996,347.13948775836
1,All Population,5,Prevalence,210,Liberia,3,Both,27,Age-standardized,543,Alzheimer's disease and other dementias,2,Percent,2020,0.003974624481287,0.0045520743720336,0.0034004336700434
1,All Population,5,Prevalence,210,Liberia,3,Both,27,Age-standardized,543,Alzheimer's disease and other dementias,3,Rate,2020,394.11869832951,451.69552099883,337.26158558122
1,All Population,5,Prevalence,203,Cabo Verde,3,Both,27,Age-standardized,543,Alzheimer's disease and other dementias,2,Percent,2020,0.0042547125284943,0.0048873964915709,0.0036272247359388
1,All Population,5,Prevalence,203,Cabo Verde,3,Both,27,Age-standardized,543,Alzheimer's disease and other dementias,3,Rate,2020,408.48035201524,469.56438535686,348.80529206382
1,All Population,5,Prevalence,209,Guinea-Bissau,3,Both,27,Age-standardized,543,Alzheimer's disease and other dementias,2,Percent,2023,0.0039941882427156,0.0045626864633039,0.0034168172371996
1,All Population,5,Prevalence,209,Guinea-Bissau,3,Both,27,Age-standardized,543,Alzheimer's disease and other dementias,3,Rate,2023,395.03433420261007,449.92053773493,337.92422439011
1,All Population,5,Prevalence,215,Sao Tome and Principe,3,Both,27,Age-standardized,543,Alzheimer's disease and other dementias,2,Percent,2002,0.0040588086916774,0.0046387059184133,0.0034675755637324
1,All Population,5,Prevalence,215,Sao Tome and Principe,3,Both,27,Age-standardized,543,Alzheimer's disease and other dementias,3,Rate,2002,404.97515903684,462.67571987665,346.14829739838
1,All Population,5,Prevalence,205,Côte d'Ivoire,3,Both,27,Age-standardized,543,Alzheimer's disease and other dementias,2,Percent,2022,0.0040053176286143,0.0046042375570693,0.0033838113200059
1,All Population,5,Prevalence,205,Côte d'Ivoire,3,Both,27,Age-standardized,543,Alzheimer's disease and other dementias,3,Rate,2022,393.39312796189,451.83188262217,332.88029600558997
1,All Population,5,Prevalence,202,Cameroon,3,Both,27,Age-standardized,543,Alzheimer's disease and other dementias,2,Percent,2004,0.0040211446819331,0.004561534857978,0.0034154369621777
1,All Population,5,Prevalence,202,Cameroon,3,Both,27,Age-standardized,543,Alzheimer's disease and other dementias,3,Rate,2004,400.50743053268,454.59412269003997,340.055371176
1,All Population,5,Prevalence,208,Guinea,3,Both,27,Age-standardized,543,Alzheimer's disease and other dementias,2,Percent,2010,0.0041350066359417,0.0046759266990463,0.0035588615092201
1,All Population,5,Prevalence,208,Guinea,3,Both,27,Age-standardized,543,Alzheimer's disease and other dementias,3,Rate,2010,411.33444824916,465.41246067622,354.17708581185
1,All Population,5,Prevalence,208,Guinea,3,Both,27,Age-standardized,543,Alzheimer's disease and other dementias,2,Percent,2011,0.0041249502656831,0.0046699003646385,0.0035592432879275
1,All Population,5,Prevalence,208,Guinea,3,Both,27,Age-standardized,543,Alzheimer's disease and other dementias,3,Rate,2011,410.21144254252994,464.37833844918,354.11650500236
1,All Population,5,Prevalence,206,Gambia,3,Both,27,Age-standardized,543,Alzheimer's disease and other dementias,2,Percent,2014,0.0040923470870003,0.0046924183723782,0.0035264427176108
1,All Population,5,Prevalence,206,Gambia,3,Both,27,Age-standardized,543,Alzheimer's disease and other dementias,3,Rate,2014,403.09569795347005,461.66157191023007,347.97673708521
1,All Population,5,Prevalence,210,Liberia,3,Both,27,Age-standardized,543,Alzheimer's disease and other dementias,2,Percent,2022,0.0039738560547339,0.0045314428232031,0.0033649553620264
1,All Population,5,Prevalence,210,Liberia,3,Both,27,Age-standardized,543,Alzheimer's disease and other dementias,3,Rate,2022,393.39686209969,449.38225043503996,333.8823888615
1,All Population,5,Prevalence,204,Chad,3,Both,27,Age-standardized,543,Alzheimer's disease and other dementias,2,Percent,2022,0.0040281751086699,0.0046086461990505,0.0034169329533863
1,All Population,5,Prevalence,204,Chad,3,Both,27,Age-standardized,543,Alzheimer's disease and other dementias,3,Rate,2022,398.37215219013,454.37315401356994,337.76013593658
1,All Population,5,Prevalence,204,Chad,3,Both,27,Age-standardized,543,Alzheimer's disease and other dementias,2,Percent,2021,0.0040332561418363,0.0045947355023001,0.0034508560071939
1,All Population,5,Prevalence,204,Chad,3,Both,27,Age-standardized,543,Alzheimer's disease and other dementias,3,Rate,2021,398.95904829330004,454.94416174135,342.05916815161
1,All Population,5,Prevalence,212,Mauritania,3,Both,27,Age-standardized,543,Alzheimer's disease and other dementias,2,Percent,2016,0.0040986306032826,0.0046902272190494,0.0035267830508676
1,All Population,5,Prevalence,212,Mauritania,3,Both,27,Age-standardized,543,Alzheimer's disease and other dementias,3,Rate,2016,401.63803228655,459.31286424491003,346.48228008854
1,All Population,5,Prevalence,201,Burkina Faso,3,Both,27,Age-standardized,543,Alzheimer's disease and other dementias,2,Percent,2016,0.0042159305187621,0.004812154168399,0.0036153740120393
1,All Population,5,Prevalence,201,Burkina Faso,3,Both,27,Age-standardized,543,Alzheimer's disease and other dementias,3,Rate,2016,418.60731679967,477.68664186401,359.12950798186
1,All Population,5,Prevalence,205,Côte d'Ivoire,3,Both,27,Age-standardized,543,Alzheimer's disease and other dementias,2,Percent,2019,0.0040135636895919,0.004567876408065,0.0034528751230033
1,All Population,5,Prevalence,205,Côte d'Ivoire,3,Both,27,Age-standardized,543,Alzheimer's disease and other dementias,3,Rate,2019,394.75791478408,449.53257868154,339.65606264336003
1,All Population,5,Prevalence,209,Guinea-Bissau,3,Both,27,Age-standardized,543,Alzheimer's disease and other dementias,2,Percent,2016,0.0040226859420981,0.0045984273939587,0.0034152134300187
1,All Population,5,Prevalence,209,Guinea-Bissau,3,Both,27,Age-standardized,543,Alzheimer's disease and other dementias,3,Rate,2016,398.99702053146,455.65452594881,338.67246706722
1,All Population,5,Prevalence,205,Côte d'Ivoire,3,Both,27,Age-standardized,543,Alzheimer's disease and other dementias,2,Percent,2017,0.0040259186263811,0.0045994270474101,0.0034581545801859
1,All Population,5,Prevalence,205,Côte d'Ivoire,3,Both,27,Age-standardized,543,Alzheimer's disease and other dementias,3,Rate,2017,396.93302828954,453.84644162669,341.24206179175
1,All Population,5,Prevalence,207,Ghana,3,Both,27,Age-standardized,543,Alzheimer's disease and other dementias,2,Percent,2018,0.0041321906831204,0.004674804316986,0.0035556069640362
1,All Population,5,Prevalence,207,Ghana,3,Both,27,Age-standardized,543,Alzheimer's disease and other dementias,3,Rate,2018,405.98226810628,460.24241129918,349.70058702731
1,All Population,5,Prevalence,205,Côte d'Ivoire,3,Both,27,Age-standardized,543,Alzheimer's disease and other dementias,2,Percent,2016,0.004031981048537,0.0046110488899549,0.0034505984683636
1,All Population,5,Prevalence,205,Côte d'Ivoire,3,Both,27,Age-standardized,543,Alzheimer's disease and other dementias,3,Rate,2016,397.95519532093,455.43382070071,340.81011994777003
1,All Population,5,Prevalence,203,Cabo Verde,3,Both,27,Age-standardized,543,Alzheimer's disease and other dementias,2,Percent,2021,0.0042410816159284,0.0048554930369021,0.0036297316368999
1,All Population,5,Prevalence,203,Cabo Verde,3,Both,27,Age-standardized,543,Alzheimer's disease and other dementias,3,Rate,2021,407.28456804620004,466.32798381418,347.88016330093
1,All Population,5,Prevalence,203,Cabo Verde,3,Both,27,Age-standardized,543,Alzheimer's disease and other dementias,2,Percent,2022,0.0042314435822822,0.0048349808937098,0.0036040913362882
1,All Population,5,Prevalence,203,Cabo Verde,3,Both,27,Age-standardized,543,Alzheimer's disease and other dementias,3,Rate,2022,406.10093494641995,464.26035637135,347.63591537126
1,All Population,5,Prevalence,203,Cabo Verde,3,Both,27,Age-standardized,543,Alzheimer's disease and other dementias,2,Percent,2023,0.0042444669760518,0.0048460802530649,0.0036293778969521
1,All Population,5,Prevalence,203,Cabo Verde,3,Both,27,Age-standardized,543,Alzheimer's disease and other dementias,3,Rate,2023,407.07091278381995,463.98971630276,348.25190031485
1,All Population,5,Prevalence,207,Ghana,3,Both,27,Age-standardized,543,Alzheimer's disease and other dementias,2,Percent,2015,0.0041709260634599,0.0047635093389711,0.0036100783265732
1,All Population,5,Prevalence,207,Ghana,3,Both,27,Age-standardized,543,Alzheimer's disease and other dementias,3,Rate,2015,411.92970321818996,470.31701265188,357.12691972485
1,All Population,5,Prevalence,218,Togo,3,Both,27,Age-standardized,543,Alzheimer's disease and other dementias,2,Percent,2015,0.0041032057152544,0.0046780925139923,0.0035008219472162
1,All Population,5,Prevalence,218,Togo,3,Both,27,Age-standardized,543,Alzheimer's disease and other dementias,3,Rate,2015,407.45099486591,464.96604698622,347.3573233292
1,All Population,5,Prevalence,216,Senegal,3,Both,27,Age-standardized,543,Alzheimer's disease and other dementias,2,Percent,2011,0.0041074741768359,0.0047297386096075,0.0035003793340679
1,All Population,5,Prevalence,216,Senegal,3,Both,27,Age-standardized,543,Alzheimer's disease and other dementias,3,Rate,2011,406.81277984558,468.18464101113,346.79447660497
1,All Population,5,Prevalence,214,Nigeria,3,Both,27,Age-standardized,543,Alzheimer's disease and other dementias,2,Percent,2014,0.0037151393459518,0.0042763294397869,0.003167154361167
1,All Population,5,Prevalence,214,Nigeria,3,Both,27,Age-standardized,543,Alzheimer's disease and other dementias,3,Rate,2014,368.73137848799,425.01160111572,314.29724937044
1,All Population,5,Prevalence,216,Senegal,3,Both,27,Age-standardized,543,Alzheimer's disease and other dementias,2,Percent,2017,0.0040712734325654,0.0046224344882487,0.003473981793119
1,All Population,5,Prevalence,216,Senegal,3,Both,27,Age-standardized,543,Alzheimer's disease and other dementias,3,Rate,2017,401.0225494895,454.81625426691005,342.44572726234003
1,All Population,5,Prevalence,212,Mauritania,3,Both,27,Age-standardized,543,Alzheimer's disease and other dementias,2,Percent,2017,0.0040906880731015,0.004678409501506,0.0034961192033914
1,All Population,5,Prevalence,212,Mauritania,3,Both,27,Age-standardized,543,Alzheimer's disease and other dementias,3,Rate,2017,400.52178549287,458.35112128853,342.99856578414
1,All Population,5,Prevalence,201,Burkina Faso,3,Both,27,Age-standardized,543,Alzheimer's disease and other dementias,2,Percent,2018,0.0041973880637084,0.0047899576491289,0.003590970668957
1,All Population,5,Prevalence,201,Burkina Faso,3,Both,27,Age-standardized,543,Alzheimer's disease and other dementias,3,Rate,2018,415.95375645083,473.81623775752996,355.66402393991
1,All Population,5,Prevalence,212,Mauritania,3,Both,27,Age-standardized,543,Alzheimer's disease and other dementias,2,Percent,2018,0.0040794744748755,0.0046630668350492,0.0034763093533155
1,All Population,5,Prevalence,212,Mauritania,3,Both,27,Age-standardized,543,Alzheimer's disease and other dementias,3,Rate,2018,399.09784565590996,456.24114103603,340.16775558505
1,All Population,5,Prevalence,210,Liberia,3,Both,27,Age-standardized,543,Alzheimer's disease and other dementias,2,Percent,2013,0.0040221360987871,0.0045899995060042,0.0034461311777913
1,All Population,5,Prevalence,210,Liberia,3,Both,27,Age-standardized,543,Alzheimer's disease and other dementias,3,Rate,2013,399.64363395034997,456.67295729651,342.5125397329
1,All Population,5,Prevalence,204,Chad,3,Both,27,Age-standardized,543,Alzheimer's disease and other dementias,2,Percent,2023,0.0040306296120273,0.0045815178739472,0.0034457628387883
1,All Population,5,Prevalence,204,Chad,3,Both,27,Age-standardized,543,Alzheimer's disease and other dementias,3,Rate,2023,398.38348585691,452.79774574046,341.00799512074
1,All Population,5,Prevalence,208,Guinea,3,Both,27,Age-standardized,543,Alzheimer's disease and other dementias,2,Percent,2007,0.0041603948187651,0.0047106800839944,0.0035531876275166
1,All Population,5,Prevalence,208,Guinea,3,Both,27,Age-standardized,543,Alzheimer's disease and other dementias,3,Rate,2007,414.04933878667,469.13801659499,353.57909223275
1,All Population,5,Prevalence,200,Benin,3,Both,27,Age-standardized,543,Alzheimer's disease and other dementias,2,Percent,2012,0.0041176102404729,0.0046526606753989,0.0036156366685738
1,All Population,5,Prevalence,200,Benin,3,Both,27,Age-standardized,543,Alzheimer's disease and other dementias,3,Rate,2012,409.04681887023,462.28191771621005,359.37796444786
1,All Population,5,Prevalence,211,Mali,3,Both,27,Age-standardized,543,Alzheimer's disease and other dementias,2,Percent,2011,0.0041582804032236,0.0047323689684287,0.0035871158516753
1,All Population,5,Prevalence,211,Mali,3,Both,27,Age-standardized,543,Alzheimer's disease and other dementias,3,Rate,2011,413.13192817424,469.41691747273,355.9545899727
1,All Population,5,Prevalence,202,Cameroon,3,Both,27,Age-standardized,543,Alzheimer's disease and other dementias,2,Percent,2014,0.0039767712992986,0.0045346505787192,0.0034162952589012
1,All Population,5,Prevalence,202,Cameroon,3,Both,27,Age-standardized,543,Alzheimer's disease and other dementias,3,Rate,2014,393.23870972634,448.00110742758,337.90091707415
1,All Population,5,Prevalence,215,Sao Tome and Principe,3,Both,27,Age-standardized,543,Alzheimer's disease and other dementias,2,Percent,2014,0.0040118740315766,0.0045694378281554,0.0034511161213702
1,All Population,5,Prevalence,215,Sao Tome and Principe,3,Both,27,Age-standardized,543,Alzheimer's disease and other dementias,3,Rate,2014,397.71620445676,452.43278395769,342.36776727381
1,All Population,5,Prevalence,200,Benin,3,Both,27,Age-standardized,543,Alzheimer's disease and other dementias,2,Percent,2011,0.0041262467368476,0.0046713255946229,0.0036326557267471
1,All Population,5,Prevalence,200,Benin,3,Both,27,Age-standardized,543,Alzheimer's disease and other dementias,3,Rate,2011,410.10948316913,464.40643111528004,361.18835771668
1,All Population,5,Prevalence,200,Benin,3,Both,27,Age-standardized,543,Alzheimer's disease and other dementias,2,Percent,2013,0.0041078453348608,0.0046337271284081,0.0035945230270278
1,All Population,5,Prevalence,200,Benin,3,Both,27,Age-standardized,543,Alzheimer's disease and other dementias,3,Rate,2013,407.84648533011006,460.05735162727996,356.87842781067997
1,All Population,5,Prevalence,215,Sao Tome and Principe,3,Both,27,Age-standardized,543,Alzheimer's disease and other dementias,2,Percent,2012,0.004021895867757,0.0045896617543404,0.0034494584945783
1,All Population,5,Prevalence,215,Sao Tome and Principe,3,Both,27,Age-standardized,543,Alzheimer's disease and other dementias,3,Rate,2012,399.41959878615995,456.26066126485,342.80625355890004
1,All Population,5,Prevalence,211,Mali,3,Both,27,Age-standardized,543,Alzheimer's disease and other dementias,2,Percent,2013,0.0041400826063639,0.004734565910131,0.0035479536703448
1,All Population,5,Prevalence,211,Mali,3,Both,27,Age-standardized,543,Alzheimer's disease and other dementias,3,Rate,2013,411.02750430955,469.20437198840006,352.31060785213
1,All Population,5,Prevalence,200,Benin,3,Both,27,Age-standardized,543,Alzheimer's disease and other dementias,2,Percent,2016,0.0040809670908286,0.0046071300151853,0.0035670687555161
1,All Population,5,Prevalence,200,Benin,3,Both,27,Age-standardized,543,Alzheimer's disease and other dementias,3,Rate,2016,404.39762891185,456.14860499465,353.68842779659
1,All Population,5,Prevalence,200,Benin,3,Both,27,Age-standardized,543,Alzheimer's disease and other dementias,2,Percent,2014,0.0040997871297187,0.0046200561491376,0.0035746285327073
1,All Population,5,Prevalence,200,Benin,3,Both,27,Age-standardized,543,Alzheimer's disease and other dementias,3,Rate,2014,406.80044274192994,458.20484295448,354.92658194227
1,All Population,5,Prevalence,213,Niger,3,Both,27,Age-standardized,543,Alzheimer's disease and other dementias,2,Percent,2016,0.0042076348791822,0.0047845050588734,0.0035897702101238
1,All Population,5,Prevalence,213,Niger,3,Both,27,Age-standardized,543,Alzheimer's disease and other dementias,3,Rate,2016,418.04546549536997,475.74601553292996,356.22304509729
1,All Population,5,Prevalence,209,Guinea-Bissau,3,Both,27,Age-standardized,543,Alzheimer's disease and other dementias,2,Percent,2011,0.0040349399398709,0.0046269556074176,0.0034487448638686
1,All Population,5,Prevalence,209,Guinea-Bissau,3,Both,27,Age-standardized,543,Alzheimer's disease and other dementias,3,Rate,2011,401.23971498399,460.37615732718,342.72231412384
1,All Population,5,Prevalence,207,Ghana,3,Both,27,Age-standardized,543,Alzheimer's disease and other dementias,2,Percent,2019,0.0041162697334923,0.0046720953419607,0.0035331412828178
1,All Population,5,Prevalence,207,Ghana,3,Both,27,Age-standardized,543,Alzheimer's disease and other dementias,3,Rate,2019,403.71221611167,457.71093686358,346.72702931552
1,All Population,5,Prevalence,207,Ghana,3,Both,27,Age-standardized,543,Alzheimer's disease and other dementias,2,Percent,2022,0.0040999492926852,0.0046868597633151,0.0035092069605498
1,All Population,5,Prevalence,207,Ghana,3,Both,27,Age-standardized,543,Alzheimer's disease and other dementias,3,Rate,2022,401.22992385913,457.07462614996,343.13986312661
1,All Population,5,Prevalence,208,Guinea,3,Both,27,Age-standardized,543,Alzheimer's disease and other dementias,2,Percent,2019,0.0040328556355871,0.0045839521160377,0.0034724894654195
1,All Population,5,Prevalence,208,Guinea,3,Both,27,Age-standardized,543,Alzheimer's disease and other dementias,3,Rate,2019,398.74259410392,453.6589363283,343.49782804758
1,All Population,5,Prevalence,206,Gambia,3,Both,27,Age-standardized,543,Alzheimer's disease and other dementias,2,Percent,2016,0.0040823152975886,0.0046676757389808,0.0035248812712499
1,All Population,5,Prevalence,206,Gambia,3,Both,27,Age-standardized,543,Alzheimer's disease and other dementias,3,Rate,2016,401.46694758006,458.17222157364995,346.5347957391
1,All Population,5,Prevalence,208,Guinea,3,Both,27,Age-standardized,543,Alzheimer's disease and other dementias,2,Percent,2014,0.0040831779475988,0.0046307172923979,0.0035039415909802
1,All Population,5,Prevalence,208,Guinea,3,Both,27,Age-standardized,543,Alzheimer's disease and other dementias,3,Rate,2014,405.51028360494,460.32168199398,348.11768557306
1,All Population,5,Prevalence,209,Guinea-Bissau,3,Both,27,Age-standardized,543,Alzheimer's disease and other dementias,2,Percent,2015,0.0040266076899848,0.0046120719592042,0.0034114427490472
1,All Population,5,Prevalence,209,Guinea-Bissau,3,Both,27,Age-standardized,543,Alzheimer's disease and other dementias,3,Rate,2015,399.58973374000004,457.40389047135,338.25028793781
1,All Population,5,Prevalence,207,Ghana,3,Both,27,Age-standardized,543,Alzheimer's disease and other dementias,2,Percent,2017,0.0041495732296789,0.0046896093890468,0.003583457382068
1,All Population,5,Prevalence,207,Ghana,3,Both,27,Age-standardized,543,Alzheimer's disease and other dementias,3,Rate,2017,408.47622188117003,462.15429234173,353.08116027009
1,All Population,5,Prevalence,205,Côte d'Ivoire,3,Both,27,Age-standardized,543,Alzheimer's disease and other dementias,2,Percent,2023,0.0040110351707449,0.0045705449793873,0.003452430444158
1,All Population,5,Prevalence,205,Côte d'Ivoire,3,Both,27,Age-standardized,543,Alzheimer's disease and other dementias,3,Rate,2023,393.58043486533995,447.9190910339,338.12919088624
1,All Population,5,Prevalence,209,Guinea-Bissau,3,Both,27,Age-standardized,543,Alzheimer's disease and other dementias,2,Percent,2022,0.0039886849670518,0.004539858610338,0.0034291749644074
1,All Population,5,Prevalence,209,Guinea-Bissau,3,Both,27,Age-standardized,543,Alzheimer's disease and other dementias,3,Rate,2022,394.72783625938996,448.95924360492995,338.09943339793
1,All Population,5,Prevalence,209,Guinea-Bissau,3,Both,27,Age-standardized,543,Alzheimer's disease and other dementias,2,Percent,2018,0.0040061038998635,0.0045791832805884,0.0034182817401887
1,All Population,5,Prevalence,209,Guinea-Bissau,3,Both,27,Age-standardized,543,Alzheimer's disease and other dementias,3,Rate,2018,396.87722394056,452.8011997102,337.98759547252
1,All Population,5,Prevalence,216,Senegal,3,Both,27,Age-standardized,543,Alzheimer's disease and other dementias,2,Percent,2019,0.0040556017820042,0.0046198450487522,0.003451147408665
1,All Population,5,Prevalence,216,Senegal,3,Both,27,Age-standardized,543,Alzheimer's disease and other dementias,3,Rate,2019,398.69382427793994,454.17650025804,339.34458557689
1,All Population,5,Prevalence,201,Burkina Faso,3,Both,27,Age-standardized,543,Alzheimer's disease and other dementias,2,Percent,2020,0.0041835786092362,0.0047988203380945,0.003573082733897
1,All Population,5,Prevalence,201,Burkina Faso,3,Both,27,Age-standardized,543,Alzheimer's disease and other dementias,3,Rate,2020,414.19214926929004,475.23258939342,353.55507984822003
1,All Population,5,Prevalence,212,Mauritania,3,Both,27,Age-standardized,543,Alzheimer's disease and other dementias,2,Percent,2020,0.0040684036863916,0.004676501238928,0.0034498860947815
1,All Population,5,Prevalence,212,Mauritania,3,Both,27,Age-standardized,543,Alzheimer's disease and other dementias,3,Rate,2020,397.74607528334,455.60241911972,337.53897872196
1,All Population,5,Prevalence,201,Burkina Faso,3,Both,27,Age-standardized,543,Alzheimer's disease and other dementias,2,Percent,2019,0.0041887651222077,0.0047861363486794,0.003579620631472
1,All Population,5,Prevalence,201,Burkina Faso,3,Both,27,Age-standardized,543,Alzheimer's disease and other dementias,3,Rate,2019,414.76292828197,473.76267032225,354.28493017359
1,All Population,5,Prevalence,205,Côte d'Ivoire,3,Both,27,Age-standardized,543,Alzheimer's disease and other dementias,2,Percent,2021,0.0040057608427211,0.00455998762777,0.0034165483899529
1,All Population,5,Prevalence,205,Côte d'Ivoire,3,Both,27,Age-standardized,543,Alzheimer's disease and other dementias,3,Rate,2021,393.72233682312,448.6600416099,335.41707962116004
1,All Population,5,Prevalence,206,Gambia,3,Both,27,Age-standardized,543,Alzheimer's disease and other dementias,2,Percent,2020,0.0040584140780759,0.0046244156575313,0.0034776615460534
1,All Population,5,Prevalence,206,Gambia,3,Both,27,Age-standardized,543,Alzheimer's disease and other dementias,3,Rate,2020,397.5874631488,453.31043848108,341.08378007006
1,All Population,5,Prevalence,210,Liberia,3,Both,27,Age-standardized,543,Alzheimer's disease and other dementias,2,Percent,2010,0.0040359453300122,0.0046302242305331,0.0034369809982135
1,All Population,5,Prevalence,210,Liberia,3,Both,27,Age-standardized,543,Alzheimer's disease and other dementias,3,Rate,2010,401.47551658208994,460.51986093106996,342.03577507911
1,All Population,5,Prevalence,206,Gambia,3,Both,27,Age-standardized,543,Alzheimer's disease and other dementias,2,Percent,2018,0.0040702972810422,0.0046386462067308,0.003501946665974
1,All Population,5,Prevalence,206,Gambia,3,Both,27,Age-standardized,543,Alzheimer's disease and other dementias,3,Rate,2018,399.29047627433005,454.59302978690005,344.04191914004
1,All Population,5,Prevalence,206,Gambia,3,Both,27,Age-standardized,543,Alzheimer's disease and other dementias,2,Percent,2021,0.0040509636017422,0.0046131764672997,0.00348370159292
1,All Population,5,Prevalence,206,Gambia,3,Both,27,Age-standardized,543,Alzheimer's disease and other dementias,3,Rate,2021,396.8712553876,452.78716581620995,341.7695393782
1,All Population,5,Prevalence,206,Gambia,3,Both,27,Age-standardized,543,Alzheimer's disease and other dementias,2,Percent,2022,0.0040505910920035,0.004647669494357,0.0034776528863165
1,All Population,5,Prevalence,206,Gambia,3,Both,27,Age-standardized,543,Alzheimer's disease and other dementias,3,Rate,2022,396.0805130806,453.19862955277006,340.97770722702
1,All Population,5,Prevalence,210,Liberia,3,Both,27,Age-standardized,543,Alzheimer's disease and other dementias,2,Percent,2009,0.0040377885651368,0.0046155781455956,0.0034389455945088
1,All Population,5,Prevalence,210,Liberia,3,Both,27,Age-standardized,543,Alzheimer's disease and other dementias,3,Rate,2009,401.79859103414003,459.29504777623004,342.38952951476
1,All Population,5,Prevalence,210,Liberia,3,Both,27,Age-standardized,543,Alzheimer's disease and other dementias,2,Percent,1992,0.0041593761892176,0.0047517450583026,0.0035654553424718
1,All Population,5,Prevalence,210,Liberia,3,Both,27,Age-standardized,543,Alzheimer's disease and other dementias,3,Rate,1992,415.32396581893005,474.28976675613,356.09187361346
1,All Population,5,Prevalence,210,Liberia,3,Both,27,Age-standardized,543,Alzheimer's disease and other dementias,2,Percent,2007,0.0040611524823257,0.0046247446177732,0.003471147179299
1,All Population,5,Prevalence,210,Liberia,3,Both,27,Age-standardized,543,Alzheimer's disease and other dementias,3,Rate,2007,404.45718610222997,460.95459883239,345.91491197329003
1,All Population,5,Prevalence,216,Senegal,3,Both,27,Age-standardized,543,Alzheimer's disease and other dementias,2,Percent,2021,0.0040417226164576,0.0045841578213748,0.0034595050167263
1,All Population,5,Prevalence,216,Senegal,3,Both,27,Age-standardized,543,Alzheimer's disease and other dementias,3,Rate,2021,397.14165162283996,451.61369919072,339.83592244429997
1,All Population,5,Prevalence,216,Senegal,3,Both,27,Age-standardized,543,Alzheimer's disease and other dementias,2,Percent,2023,0.0040498860854242,0.0046594273425594,0.003437250067231
1,All Population,5,Prevalence,216,Senegal,3,Both,27,Age-standardized,543,Alzheimer's disease and other dementias,3,Rate,2023,397.08402566713005,456.55571233322,337.43626737338
1,All Population,5,Prevalence,201,Burkina Faso,3,Both,27,Age-standardized,543,Alzheimer's disease and other dementias,2,Percent,2023,0.0041817066150582,0.0047798653718492,0.0035893460628239
1,All Population,5,Prevalence,201,Burkina Faso,3,Both,27,Age-standardized,543,Alzheimer's disease and other dementias,3,Rate,2023,413.84480124462,472.86289497397,355.57280406239
1,All Population,5,Prevalence,212,Mauritania,3,Both,27,Age-standardized,543,Alzheimer's disease and other dementias,2,Percent,2023,0.0040758631032692,0.0046501253593359,0.0034548238930355
1,All Population,5,Prevalence,212,Mauritania,3,Both,27,Age-standardized,543,Alzheimer's disease and other dementias,3,Rate,2023,397.41507223747,452.65504441542004,337.22425282328
1,All Population,5,Prevalence,212,Mauritania,3,Both,27,Age-standardized,543,Alzheimer's disease and other dementias,2,Percent,2021,0.0040693755831093,0.0046736276726278,0.003464693944622
1,All Population,5,Prevalence,212,Mauritania,3,Both,27,Age-standardized,543,Alzheimer's disease and other dementias,3,Rate,2021,397.67586116394,456.21894983935005,339.63636003010004
1,All Population,5,Prevalence,214,Nigeria,3,Both,27,Age-standardized,543,Alzheimer's disease and other dementias,2,Percent,2015,0.0037060926956842,0.004270919776705,0.0031594495615147
1,All Population,5,Prevalence,214,Nigeria,3,Both,27,Age-standardized,543,Alzheimer's disease and other dementias,3,Rate,2015,367.72938770877,424.35593112180004,313.41234273220005
1,All Population,5,Prevalence,202,Cameroon,3,Both,27,Age-standardized,543,Alzheimer's disease and other dementias,2,Percent,2016,0.0039679576722319,0.0045225199251581,0.0034058787960655
1,All Population,5,Prevalence,202,Cameroon,3,Both,27,Age-standardized,543,Alzheimer's disease and other dementias,3,Rate,2016,391.79660224885,446.57323578646,336.85726934119003
1,All Population,5,Prevalence,211,Mali,3,Both,27,Age-standardized,543,Alzheimer's disease and other dementias,2,Percent,2015,0.00412575221934,0.0047111608050193,0.0035066683598424
1,All Population,5,Prevalence,211,Mali,3,Both,27,Age-standardized,543,Alzheimer's disease and other dementias,3,Rate,2015,409.24233633448,467.00033059892996,347.29561444128
1,All Population,5,Prevalence,209,Guinea-Bissau,3,Both,27,Age-standardized,543,Alzheimer's disease and other dementias,2,Percent,2019,0.0039978283871069,0.0045565286340577,0.0034209583357256
1,All Population,5,Prevalence,209,Guinea-Bissau,3,Both,27,Age-standardized,543,Alzheimer's disease and other dementias,3,Rate,2019,395.82189386056,449.94760999587993,337.33149343345997
1,All Population,5,Prevalence,213,Niger,3,Both,27,Age-standardized,543,Alzheimer's disease and other dementias,2,Percent,2004,0.0043208530670786,0.0049299577597363,0.0037560384771322
1,All Population,5,Prevalence,213,Niger,3,Both,27,Age-standardized,543,Alzheimer's disease and other dementias,3,Rate,2004,431.195959331,492.12125523473003,374.92709477083
1,All Population,5,Prevalence,200,Benin,3,Both,27,Age-standardized,543,Alzheimer's disease and other dementias,2,Percent,2019,0.0040390914295005,0.0045909657182259,0.0035293946342006
1,All Population,5,Prevalence,200,Benin,3,Both,27,Age-standardized,543,Alzheimer's disease and other dementias,3,Rate,2019,398.93893622852005,453.62022249913,348.01732812889003
1,All Population,5,Prevalence,211,Mali,3,Both,27,Age-standardized,543,Alzheimer's disease and other dementias,2,Percent,2019,0.0040883225558393,0.0046449318431647,0.0035236546151996
1,All Population,5,Prevalence,211,Mali,3,Both,27,Age-standardized,543,Alzheimer's disease and other dementias,3,Rate,2019,404.37171336696,458.96117822006,348.51793638531
1,All Population,5,Prevalence,200,Benin,3,Both,27,Age-standardized,543,Alzheimer's disease and other dementias,2,Percent,2017,0.0040668478098741,0.0046040044079229,0.0035671394017652
1,All Population,5,Prevalence,200,Benin,3,Both,27,Age-standardized,543,Alzheimer's disease and other dementias,3,Rate,2017,402.59685710070994,455.26257716422,353.32667114047
1,All Population,5,Prevalence,211,Mali,3,Both,27,Age-standardized,543,Alzheimer's disease and other dementias,2,Percent,2017,0.0041085834459266,0.004668042097729,0.0035135886412144
1,All Population,5,Prevalence,211,Mali,3,Both,27,Age-standardized,543,Alzheimer's disease and other dementias,3,Rate,2017,406.98358217448,462.05216611186,347.51394558475
1,All Population,5,Prevalence,206,Gambia,3,Both,27,Age-standardized,543,Alzheimer's disease and other dementias,2,Percent,2023,0.0040541900012089,0.0046007565854759,0.0034698965454478
1,All Population,5,Prevalence,206,Gambia,3,Both,27,Age-standardized,543,Alzheimer's disease and other dementias,3,Rate,2023,396.05245050329,447.8110716101,339.1479319884
1,All Population,5,Prevalence,209,Guinea-Bissau,3,Both,27,Age-standardized,543,Alzheimer's disease and other dementias,2,Percent,2017,0.0040151142834674,0.0045901485181155,0.0034136802655479
1,All Population,5,Prevalence,209,Guinea-Bissau,3,Both,27,Age-standardized,543,Alzheimer's disease and other dementias,3,Rate,2017,398.0132523117,454.39893671858,338.55582535474
1,All Population,5,Prevalence,207,Ghana,3,Both,27,Age-standardized,543,Alzheimer's disease and other dementias,2,Percent,2023,0.0041056939913311,0.0046887222826924,0.0035134102703543
1,All Population,5,Prevalence,207,Ghana,3,Both,27,Age-standardized,543,Alzheimer's disease and other dementias,3,Rate,2023,401.34252079108,458.27939282579,343.06932937226
1,All Population,5,Prevalence,207,Ghana,3,Both,27,Age-standardized,543,Alzheimer's disease and other dementias,2,Percent,2021,0.0040998248329721,0.0046661440137152,0.0035202258541323
1,All Population,5,Prevalence,207,Ghana,3,Both,27,Age-standardized,543,Alzheimer's disease and other dementias,3,Rate,2021,401.63645575996,456.37390640723004,344.67733283214
1,All Population,5,Prevalence,201,Burkina Faso,3,Both,27,Age-standardized,543,Alzheimer's disease and other dementias,2,Percent,2021,0.0041831013748121,0.0047710792857731,0.0035834273155643
1,All Population,5,Prevalence,201,Burkina Faso,3,Both,27,Age-standardized,543,Alzheimer's disease and other dementias,3,Rate,2021,414.22365994585994,472.26945653478003,355.24798491765
1,All Population,5,Prevalence,218,Togo,3,Both,27,Age-standardized,543,Alzheimer's disease and other dementias,2,Percent,2012,0.0041141049909873,0.0046821154674868,0.003526092016192
1,All Population,5,Prevalence,218,Togo,3,Both,27,Age-standardized,543,Alzheimer's disease and other dementias,3,Rate,2012,409.52215686324,465.48693192003,351.26853641194003
1,All Population,5,Prevalence,214,Nigeria,3,Both,27,Age-standardized,543,Alzheimer's disease and other dementias,2,Percent,2016,0.0036972387186471,0.0042649992032329,0.003154923653264
1,All Population,5,Prevalence,214,Nigeria,3,Both,27,Age-standardized,543,Alzheimer's disease and other dementias,3,Rate,2016,366.71587260364,423.17010456673,312.83418605446997
1,All Population,5,Prevalence,216,Senegal,3,Both,27,Age-standardized,543,Alzheimer's disease and other dementias,2,Percent,2014,0.0040863079699279,0.0046483372604946,0.0034871328463667
1,All Population,5,Prevalence,216,Senegal,3,Both,27,Age-standardized,543,Alzheimer's disease and other dementias,3,Rate,2014,403.64589445465,458.77253052556,344.70144983957
1,All Population,5,Prevalence,210,Liberia,3,Both,27,Age-standardized,543,Alzheimer's disease and other dementias,2,Percent,2014,0.0040125331953663,0.0045856077962236,0.0034564403425893
1,All Population,5,Prevalence,210,Liberia,3,Both,27,Age-standardized,543,Alzheimer's disease and other dementias,3,Rate,2014,398.55259789795997,455.51428724147,343.62519977220995
1,All Population,5,Prevalence,214,Nigeria,3,Both,27,Age-standardized,543,Alzheimer's disease and other dementias,2,Percent,2017,0.0036882408438462,0.0042578286179799,0.0031502383872264
1,All Population,5,Prevalence,214,Nigeria,3,Both,27,Age-standardized,543,Alzheimer's disease and other dementias,3,Rate,2017,365.66451042186,421.9103145743,312.21887556137
1,All Population,5,Prevalence,210,Liberia,3,Both,27,Age-standardized,543,Alzheimer's disease and other dementias,2,Percent,2019,0.0039770540428771,0.0045340695768565,0.0034074716573266
1,All Population,5,Prevalence,210,Liberia,3,Both,27,Age-standardized,543,Alzheimer's disease and other dementias,3,Rate,2019,394.42988455283,450.03835731082995,338.34405951541004
1,All Population,5,Prevalence,218,Togo,3,Both,27,Age-standardized,543,Alzheimer's disease and other dementias,2,Percent,2017,0.0040975194191705,0.0046605852625434,0.0035007429451461
1,All Population,5,Prevalence,218,Togo,3,Both,27,Age-standardized,543,Alzheimer's disease and other dementias,3,Rate,2017,406.17488066041,461.93655932312,346.84789593869
1,All Population,5,Prevalence,214,Nigeria,3,Both,27,Age-standardized,543,Alzheimer's disease and other dementias,2,Percent,2018,0.0036787541607788,0.0042497350368337,0.0031422918523072
1,All Population,5,Prevalence,214,Nigeria,3,Both,27,Age-standardized,543,Alzheimer's disease and other dementias,3,Rate,2018,364.55982841365,420.59942869444995,311.4290186208
1,All Population,5,Prevalence,212,Mauritania,3,Both,27,Age-standardized,543,Alzheimer's disease and other dementias,2,Percent,2022,0.0040715896027892,0.0046786526119034,0.0034636748954228
1,All Population,5,Prevalence,212,Mauritania,3,Both,27,Age-standardized,543,Alzheimer's disease and other dementias,3,Rate,2022,397.56163925151,458.13734451773996,339.08628159431004
1,All Population,5,Prevalence,209,Guinea-Bissau,3,Both,27,Age-standardized,543,Alzheimer's disease and other dementias,2,Percent,2021,0.0039906432007942,0.0045275360547501,0.0034218599512532
1,All Population,5,Prevalence,209,Guinea-Bissau,3,Both,27,Age-standardized,543,Alzheimer's disease and other dementias,3,Rate,2021,394.98143947175004,447.34752772118,337.74820444145996
1,All Population,5,Prevalence,217,Sierra Leone,3,Both,27,Age-standardized,543,Alzheimer's disease and other dementias,2,Percent,2019,0.0041323539581115,0.0046871026671442,0.0035346128375323
1,All Population,5,Prevalence,217,Sierra Leone,3,Both,27,Age-standardized,543,Alzheimer's disease and other dementias,3,Rate,2019,408.92557017583994,464.32964354818,350.08620000519
1,All Population,5,Prevalence,200,Benin,3,Both,27,Age-standardized,543,Alzheimer's disease and other dementias,2,Percent,2015,0.0040915686857853,0.0046077410299449,0.0035594832361477
1,All Population,5,Prevalence,200,Benin,3,Both,27,Age-standardized,543,Alzheimer's disease and other dementias,3,Rate,2015,405.74041707499,456.61612236563,353.15622318595
1,All Population,5,Prevalence,211,Mali,3,Both,27,Age-standardized,543,Alzheimer's disease and other dementias,2,Percent,2005,0.0041824569981564,0.004724973305158,0.0035799569324625
1,All Population,5,Prevalence,211,Mali,3,Both,27,Age-standardized,543,Alzheimer's disease and other dementias,3,Rate,2005,416.87130577797006,470.8518078577,357.01246749885
1,All Population,5,Prevalence,213,Niger,3,Both,27,Age-standardized,543,Alzheimer's disease and other dementias,2,Percent,2018,0.0041825932607782,0.0047675331309035,0.0035771223894333
1,All Population,5,Prevalence,213,Niger,3,Both,27,Age-standardized,543,Alzheimer's disease and other dementias,3,Rate,2018,415.14531368179,473.19459568499997,354.4879351184
1,All Population,5,Prevalence,217,Sierra Leone,3,Both,27,Age-standardized,543,Alzheimer's disease and other dementias,2,Percent,2000,0.0042778418297582,0.0048821478042612,0.0036727174774533
1,All Population,5,Prevalence,217,Sierra Leone,3,Both,27,Age-standardized,543,Alzheimer's disease and other dementias,3,Rate,2000,427.17672504611,486.76524300795995,366.94342210016
1,All Population,5,Prevalence,215,Sao Tome and Principe,3,Both,27,Age-standardized,543,Alzheimer's disease and other dementias,2,Percent,2007,0.0040328906018921,0.0046080942968285,0.0034891784552163
1,All Population,5,Prevalence,215,Sao Tome and Principe,3,Both,27,Age-standardized,543,Alzheimer's disease and other dementias,3,Rate,2007,401.71163893840003,458.53869365675,347.48737637688
1,All Population,5,Prevalence,213,Niger,3,Both,27,Age-standardized,543,Alzheimer's disease and other dementias,2,Percent,2006,0.0043029555331722,0.0049124395407393,0.0037365747408053
1,All Population,5,Prevalence,213,Niger,3,Both,27,Age-standardized,543,Alzheimer's disease and other dementias,3,Rate,2006,429.19196295194996,490.20914440812,372.80031519515
1,All Population,5,Prevalence,200,Benin,3,Both,27,Age-standardized,543,Alzheimer's disease and other dementias,2,Percent,2018,0.0040509933071222,0.0045928237687587,0.003547119062486
1,All Population,5,Prevalence,200,Benin,3,Both,27,Age-standardized,543,Alzheimer's disease and other dementias,3,Rate,2018,400.56686440954996,453.68089886438,350.39496942462
1,All Population,5,Prevalence,208,Guinea,3,Both,27,Age-standardized,543,Alzheimer's disease and other dementias,2,Percent,2016,0.0040637699286352,0.0046029590012314,0.0034807215769024
1,All Population,5,Prevalence,208,Guinea,3,Both,27,Age-standardized,543,Alzheimer's disease and other dementias,3,Rate,2016,403.09307987146997,456.93014331812,345.44786403195997
1,All Population,5,Prevalence,208,Guinea,3,Both,27,Age-standardized,543,Alzheimer's disease and other dementias,2,Percent,2020,0.0040258636175893,0.0045931426722853,0.0034667398139019
1,All Population,5,Prevalence,208,Guinea,3,Both,27,Age-standardized,543,Alzheimer's disease and other dementias,3,Rate,2020,397.80985630663,454.10688773909,342.81490044456
1,All Population,5,Prevalence,208,Guinea,3,Both,27,Age-standardized,543,Alzheimer's disease and other dementias,2,Percent,2021,0.0040156874753162,0.0045467570632077,0.0034495304651109
1,All Population,5,Prevalence,208,Guinea,3,Both,27,Age-standardized,543,Alzheimer's disease and other dementias,3,Rate,2021,396.6237824281,449.36377835171004,340.65092135317
1,All Population,5,Prevalence,208,Guinea,3,Both,27,Age-standardized,543,Alzheimer's disease and other dementias,2,Percent,2022,0.0040102232580037,0.0045562981545923,0.0034231406214148
1,All Population,5,Prevalence,208,Guinea,3,Both,27,Age-standardized,543,Alzheimer's disease and other dementias,3,Rate,2022,395.57849652563,448.80701762141,337.47879803336997
1,All Population,5,Prevalence,208,Guinea,3,Both,27,Age-standardized,543,Alzheimer's disease and other dementias,2,Percent,2018,0.0040418651381853,0.0045799298655396,0.0034743277954754
1,All Population,5,Prevalence,208,Guinea,3,Both,27,Age-standardized,543,Alzheimer's disease and other dementias,3,Rate,2018,400.10224776789,453.32996633972004,344.05863182792
1,All Population,5,Prevalence,214,Nigeria,3,Both,27,Age-standardized,543,Alzheimer's disease and other dementias,2,Percent,2023,0.0036681392828282,0.0042276651812846,0.0031386084326862
1,All Population,5,Prevalence,214,Nigeria,3,Both,27,Age-standardized,543,Alzheimer's disease and other dementias,3,Rate,2023,363.15412964174,418.69869369775,310.69895651609
1,All Population,5,Prevalence,218,Togo,3,Both,27,Age-standardized,543,Alzheimer's disease and other dementias,2,Percent,2023,0.0040870721073543,0.0046846483581603,0.0035039510832727
1,All Population,5,Prevalence,218,Togo,3,Both,27,Age-standardized,543,Alzheimer's disease and other dementias,3,Rate,2023,403.12199288253,461.32104540080996,344.65434301645
1,All Population,5,Prevalence,208,Guinea,3,Both,27,Age-standardized,543,Alzheimer's disease and other dementias,2,Percent,2023,0.0040167322761803,0.004592212228594,0.0034433336382833
1,All Population,5,Prevalence,208,Guinea,3,Both,27,Age-standardized,543,Alzheimer's disease and other dementias,3,Rate,2023,395.81523332593997,452.09765165296,338.94584496107
1,All Population,5,Prevalence,218,Togo,3,Both,27,Age-standardized,543,Alzheimer's disease and other dementias,2,Percent,2019,0.00408855702875,0.0046699637049053,0.0034986230276139
1,All Population,5,Prevalence,218,Togo,3,Both,27,Age-standardized,543,Alzheimer's disease and other dementias,3,Rate,2019,404.41737880696996,461.97716624656,346.36652648633
1,All Population,5,Prevalence,214,Nigeria,3,Both,27,Age-standardized,543,Alzheimer's disease and other dementias,2,Percent,2021,0.0036631140397589,0.0042273453613919,0.0031297484680944
1,All Population,5,Prevalence,214,Nigeria,3,Both,27,Age-standardized,543,Alzheimer's disease and other dementias,3,Rate,2021,362.93025263523,418.94487547967003,309.71402182907
1,All Population,5,Prevalence,214,Nigeria,3,Both,27,Age-standardized,543,Alzheimer's disease and other dementias,2,Percent,2020,0.0036659097369696,0.0042352504174675,0.0031343017547186
1,All Population,5,Prevalence,214,Nigeria,3,Both,27,Age-standardized,543,Alzheimer's disease and other dementias,3,Rate,2020,363.23031195259,418.91242468052,310.36191847651
1,All Population,5,Prevalence,218,Togo,3,Both,27,Age-standardized,543,Alzheimer's disease and other dementias,2,Percent,2021,0.0040773230423924,0.0046477643587024,0.0034852669587397
1,All Population,5,Prevalence,218,Togo,3,Both,27,Age-standardized,543,Alzheimer's disease and other dementias,3,Rate,2021,402.70424618301,459.04300752612005,344.70749878486
1,All Population,5,Prevalence,210,Liberia,3,Both,27,Age-standardized,543,Alzheimer's disease and other dementias,2,Percent,2016,0.0040059954777674,0.0045726714985241,0.0034518652142733
1,All Population,5,Prevalence,210,Liberia,3,Both,27,Age-standardized,543,Alzheimer's disease and other dementias,3,Rate,2016,397.66526465806,454.0231716835,342.99150713987
1,All Population,5,Prevalence,216,Senegal,3,Both,27,Age-standardized,543,Alzheimer's disease and other dementias,2,Percent,2018,0.0040627707833733,0.0046169884492084,0.0034573620927893
1,All Population,5,Prevalence,216,Senegal,3,Both,27,Age-standardized,543,Alzheimer's disease and other dementias,3,Rate,2018,399.79266716637,453.862524415,340.29579960351003
1,All Population,5,Prevalence,210,Liberia,3,Both,27,Age-standardized,543,Alzheimer's disease and other dementias,2,Percent,2021,0.0039742942867618,0.0045423450534125,0.0033845975730269
1,All Population,5,Prevalence,210,Liberia,3,Both,27,Age-standardized,543,Alzheimer's disease and other dementias,3,Rate,2021,393.81768407431997,450.50494411154,335.86678710199
1,All Population,5,Prevalence,218,Togo,3,Both,27,Age-standardized,543,Alzheimer's disease and other dementias,2,Percent,2014,0.0041081007278108,0.0046725306003859,0.0035127309358335
1,All Population,5,Prevalence,218,Togo,3,Both,27,Age-standardized,543,Alzheimer's disease and other dementias,3,Rate,2014,408.24535105706,464.61858315697,348.94473856188
1,All Population,5,Prevalence,216,Senegal,3,Both,27,Age-standardized,543,Alzheimer's disease and other dementias,2,Percent,2016,0.0040788877602058,0.004626157620423,0.0034909621949105
1,All Population,5,Prevalence,216,Senegal,3,Both,27,Age-standardized,543,Alzheimer's disease and other dementias,3,Rate,2016,402.16752285565997,455.64178896184,343.47167762833004
1,All Population,5,Prevalence,214,Nigeria,3,Both,27,Age-standardized,543,Alzheimer's disease and other dementias,2,Percent,2022,0.003664312030053,0.0042348121697305,0.0031236190017143
1,All Population,5,Prevalence,214,Nigeria,3,Both,27,Age-standardized,543,Alzheimer's disease and other dementias,3,Rate,2022,362.92876134499,419.69273385048,309.16783000904996
1,All Population,5,Prevalence,210,Liberia,3,Both,27,Age-standardized,543,Alzheimer's disease and other dementias,2,Percent,2023,0.0039784971476114,0.0045415634760794,0.0033912507334205
1,All Population,5,Prevalence,210,Liberia,3,Both,27,Age-standardized,543,Alzheimer's disease and other dementias,3,Rate,2023,393.62271435220003,450.29199049675,335.85675005603997
1,All Population,5,Prevalence,210,Liberia,3,Both,27,Age-standardized,543,Alzheimer's disease and other dementias,2,Percent,2018,0.0039877243624933,0.0045503783656652,0.0034227203450001
1,All Population,5,Prevalence,210,Liberia,3,Both,27,Age-standardized,543,Alzheimer's disease and other dementias,3,Rate,2018,395.62387347851995,451.72598757769,340.03820326477995
1,All Population,5,Prevalence,215,Sao Tome and Principe,3,Both,27,Age-standardized,543,Alzheimer's disease and other dementias,2,Percent,2005,0.0040365979055826,0.0046065604123179,0.0034826641594544
1,All Population,5,Prevalence,215,Sao Tome and Principe,3,Both,27,Age-standardized,543,Alzheimer's disease and other dementias,3,Rate,2005,402.4234122037,459.04862647552994,347.28445652508
1,All Population,5,Prevalence,211,Mali,3,Both,27,Age-standardized,543,Alzheimer's disease and other dementias,2,Percent,2020,0.0040832641171608,0.0046417681277617,0.003522796568554
1,All Population,5,Prevalence,211,Mali,3,Both,27,Age-standardized,543,Alzheimer's disease and other dementias,3,Rate,2020,403.79893265686997,458.916949546,348.73584944643
1,All Population,5,Prevalence,200,Benin,3,Both,27,Age-standardized,543,Alzheimer's disease and other dementias,2,Percent,2020,0.0040309761315093,0.0046005575820682,0.0034990357139794
1,All Population,5,Prevalence,200,Benin,3,Both,27,Age-standardized,543,Alzheimer's disease and other dementias,3,Rate,2020,397.84193778964004,453.69020986837,345.17652698601
1,All Population,5,Prevalence,211,Mali,3,Both,27,Age-standardized,543,Alzheimer's disease and other dementias,2,Percent,2022,0.0040820115608766,0.0046905477396952,0.0035225250861787
1,All Population,5,Prevalence,211,Mali,3,Both,27,Age-standardized,543,Alzheimer's disease and other dementias,3,Rate,2022,403.42479443059005,463.91330965240996,348.00786537049
1,All Population,5,Prevalence,200,Benin,3,Both,27,Age-standardized,543,Alzheimer's disease and other dementias,2,Percent,2021,0.0040257679313175,0.0045434860463333,0.0035046548853764
1,All Population,5,Prevalence,200,Benin,3,Both,27,Age-standardized,543,Alzheimer's disease and other dementias,3,Rate,2021,397.11367917561995,447.99596916202995,346.08642223743
1,All Population,5,Prevalence,200,Benin,3,Both,27,Age-standardized,543,Alzheimer's disease and other dementias,2,Percent,2023,0.0040264741616723,0.0045641296568034,0.0035543235118918
1,All Population,5,Prevalence,200,Benin,3,Both,27,Age-standardized,543,Alzheimer's disease and other dementias,3,Rate,2023,396.5819949132,449.61521666623,349.10505751915
1,All Population,5,Prevalence,202,Cameroon,3,Both,27,Age-standardized,543,Alzheimer's disease and other dementias,2,Percent,2008,0.0040051432027675,0.0045604513223906,0.0034069186606515
1,All Population,5,Prevalence,202,Cameroon,3,Both,27,Age-standardized,543,Alzheimer's disease and other dementias,3,Rate,2008,397.84338685371995,453.23464289234,338.11756716875
1,All Population,5,Prevalence,200,Benin,3,Both,27,Age-standardized,543,Alzheimer's disease and other dementias,2,Percent,2022,0.0040227313296821,0.0045580987043528,0.0035059630945175
1,All Population,5,Prevalence,200,Benin,3,Both,27,Age-standardized,543,Alzheimer's disease and other dementias,3,Rate,2022,396.64421261738005,448.42017807806997,345.33447916284
1,All Population,5,Prevalence,215,Sao Tome and Principe,3,Both,27,Age-standardized,543,Alzheimer's disease and other dementias,2,Percent,2023,0.0039902582454193,0.0045500575113115,0.0033976296690267
1,All Population,5,Prevalence,215,Sao Tome and Principe,3,Both,27,Age-standardized,543,Alzheimer's disease and other dementias,3,Rate,2023,392.65460501144,446.88989685913,334.10976897733
1,All Population,5,Prevalence,211,Mali,3,Both,27,Age-standardized,543,Alzheimer's disease and other dementias,2,Percent,2021,0.0040820162667881,0.0046672268949312,0.0035300881685508
1,All Population,5,Prevalence,211,Mali,3,Both,27,Age-standardized,543,Alzheimer's disease and other dementias,3,Rate,2021,403.64713464821,461.05357066189003,349.10959434279
1,All Population,5,Prevalence,217,Sierra Leone,3,Both,27,Age-standardized,543,Alzheimer's disease and other dementias,2,Percent,2021,0.0041040929602349,0.0046728698185129,0.0035092345586786
1,All Population,5,Prevalence,217,Sierra Leone,3,Both,27,Age-standardized,543,Alzheimer's disease and other dementias,3,Rate,2021,405.70770859144,461.7456929581,346.33425044874
1,All Population,5,Prevalence,213,Niger,3,Both,27,Age-standardized,543,Alzheimer's disease and other dementias,2,Percent,2008,0.0042804853465087,0.0048623915610889,0.0037003812030525
1,All Population,5,Prevalence,213,Niger,3,Both,27,Age-standardized,543,Alzheimer's disease and other dementias,3,Rate,2008,426.66012013753004,484.87488587993994,369.0116954468
1,All Population,5,Prevalence,213,Niger,3,Both,27,Age-standardized,543,Alzheimer's disease and other dementias,2,Percent,2003,0.0043323063026347,0.0049355968013749,0.0037613761408302
1,All Population,5,Prevalence,213,Niger,3,Both,27,Age-standardized,543,Alzheimer's disease and other dementias,3,Rate,2003,432.44610024051,492.95967081637,375.42770539114
1,All Population,5,Prevalence,216,Senegal,3,Both,27,Age-standardized,543,Alzheimer's disease and other dementias,2,Percent,2020,0.0040508682046365,0.0046336130467642,0.0034471155606652
1,All Population,5,Prevalence,216,Senegal,3,Both,27,Age-standardized,543,Alzheimer's disease and other dementias,3,Rate,2020,398.0967999134,456.29775597466,338.91593858701
1,All Population,5,Prevalence,216,Senegal,3,Both,27,Age-standardized,543,Alzheimer's disease and other dementias,2,Percent,2022,0.0040367135522928,0.0046011525533314,0.0034570755434549
1,All Population,5,Prevalence,216,Senegal,3,Both,27,Age-standardized,543,Alzheimer's disease and other dementias,3,Rate,2022,396.21197003655,450.74457207801004,338.38330245243
1,All Population,5,Prevalence,218,Togo,3,Both,27,Age-standardized,543,Alzheimer's disease and other dementias,2,Percent,2018,0.0040958207384494,0.0046639778094271,0.0035010138454494
1,All Population,5,Prevalence,218,Togo,3,Both,27,Age-standardized,543,Alzheimer's disease and other dementias,3,Rate,2018,405.56032858378,461.82266449784004,346.5543344964
1,All Population,5,Prevalence,218,Togo,3,Both,27,Age-standardized,543,Alzheimer's disease and other dementias,2,Percent,2016,0.0040985438851476,0.0046618977715447,0.0034998596018492
1,All Population,5,Prevalence,218,Togo,3,Both,27,Age-standardized,543,Alzheimer's disease and other dementias,3,Rate,2016,406.68259831494,462.48752821626005,347.05182229389
1,All Population,5,Prevalence,218,Togo,3,Both,27,Age-standardized,543,Alzheimer's disease and other dementias,2,Percent,2020,0.0040810859865719,0.0046764823340353,0.0035056614689869
1,All Population,5,Prevalence,218,Togo,3,Both,27,Age-standardized,543,Alzheimer's disease and other dementias,3,Rate,2020,403.45932790673,462.99486089352996,346.99633583479
1,All Population,5,Prevalence,218,Togo,3,Both,27,Age-standardized,543,Alzheimer's disease and other dementias,2,Percent,2022,0.0040775031250564,0.0046544286776517,0.0034947215525991
1,All Population,5,Prevalence,218,Togo,3,Both,27,Age-standardized,543,Alzheimer's disease and other dementias,3,Rate,2022,402.48852978539,458.69511176052,344.83868847484
1,All Population,5,Prevalence,213,Niger,3,Both,27,Age-standardized,543,Alzheimer's disease and other dementias,2,Percent,2009,0.0042684191584087,0.0048370211573402,0.0036813204667786
1,All Population,5,Prevalence,213,Niger,3,Both,27,Age-standardized,543,Alzheimer's disease and other dementias,3,Rate,2009,425.29626932242,482.10901241470003,367.00816137457
1,All Population,5,Prevalence,213,Niger,3,Both,27,Age-standardized,543,Alzheimer's disease and other dementias,2,Percent,2010,0.004259849177452,0.0048296005505772,0.0036643583851343
1,All Population,5,Prevalence,213,Niger,3,Both,27,Age-standardized,543,Alzheimer's disease and other dementias,3,Rate,2010,424.29719793070996,481.31314202548,365.1686799759
1,All Population,5,Prevalence,202,Cameroon,3,Both,27,Age-standardized,543,Alzheimer's disease and other dementias,2,Percent,2010,0.0039966726045711,0.0045674344356226,0.0033979134509623
1,All Population,5,Prevalence,202,Cameroon,3,Both,27,Age-standardized,543,Alzheimer's disease and other dementias,3,Rate,2010,396.21733461338994,452.8849438154,336.81889896266
1,All Population,5,Prevalence,217,Sierra Leone,3,Both,27,Age-standardized,543,Alzheimer's disease and other dementias,2,Percent,2002,0.0042728837673814,0.0048634607805776,0.0036799092173744
1,All Population,5,Prevalence,217,Sierra Leone,3,Both,27,Age-standardized,543,Alzheimer's disease and other dementias,3,Rate,2002,426.55646007714995,485.64583175198,367.39207619416
1,All Population,5,Prevalence,217,Sierra Leone,3,Both,27,Age-standardized,543,Alzheimer's disease and other dementias,2,Percent,2014,0.0042014452234786,0.0047891325248646,0.0036148411738966
1,All Population,5,Prevalence,217,Sierra Leone,3,Both,27,Age-standardized,543,Alzheimer's disease and other dementias,3,Rate,2014,417.14526710141,475.73904326453,359.02898236351
1,All Population,5,Prevalence,213,Niger,3,Both,27,Age-standardized,543,Alzheimer's disease and other dementias,2,Percent,2013,0.0042298327155126,0.0048080934891335,0.003613596403757
1,All Population,5,Prevalence,213,Niger,3,Both,27,Age-standardized,543,Alzheimer's disease and other dementias,3,Rate,2013,420.78685543685,478.10953745152,359.75778473992
1,All Population,5,Prevalence,213,Niger,3,Both,27,Age-standardized,543,Alzheimer's disease and other dementias,2,Percent,2011,0.0042514434037393,0.0048045071715922,0.0036514464809668
1,All Population,5,Prevalence,213,Niger,3,Both,27,Age-standardized,543,Alzheimer's disease and other dementias,3,Rate,2011,423.30949401309,478.82139234825996,363.34351845616
1,All Population,5,Prevalence,213,Niger,3,Both,27,Age-standardized,543,Alzheimer's disease and other dementias,2,Percent,2015,0.0042146129734487,0.004808783077727,0.0035928239282918
1,All Population,5,Prevalence,213,Niger,3,Both,27,Age-standardized,543,Alzheimer's disease and other dementias,3,Rate,2015,418.91026474891,478.67983616925,356.68473415734
1,All Population,5,Prevalence,217,Sierra Leone,3,Both,27,Age-standardized,543,Alzheimer's disease and other dementias,2,Percent,2012,0.00422451828087,0.0048099477261524,0.0036244279165831
1,All Population,5,Prevalence,217,Sierra Leone,3,Both,27,Age-standardized,543,Alzheimer's disease and other dementias,3,Rate,2012,420.21746678756,478.45878735322,360.7269516981
1,All Population,5,Prevalence,202,Cameroon,3,Both,27,Age-standardized,543,Alzheimer's disease and other dementias,2,Percent,2017,0.003963810218165,0.0045216171362523,0.0034073239721047
1,All Population,5,Prevalence,202,Cameroon,3,Both,27,Age-standardized,543,Alzheimer's disease and other dementias,3,Rate,2017,391.03089721495996,446.52211915489,336.70737166726997
1,All Population,5,Prevalence,202,Cameroon,3,Both,27,Age-standardized,543,Alzheimer's disease and other dementias,2,Percent,2012,0.0039889535512799,0.004539861558897,0.0033883071733136
1,All Population,5,Prevalence,202,Cameroon,3,Both,27,Age-standardized,543,Alzheimer's disease and other dementias,3,Rate,2012,394.95320181626005,450.04864027382,335.65431957692
1,All Population,5,Prevalence,213,Niger,3,Both,27,Age-standardized,543,Alzheimer's disease and other dementias,2,Percent,2019,0.0041743810158813,0.0047303688933455,0.0035720450913545
1,All Population,5,Prevalence,213,Niger,3,Both,27,Age-standardized,543,Alzheimer's disease and other dementias,3,Rate,2019,414.14250269268996,469.92266819314,354.02214318779
1,All Population,5,Prevalence,211,Mali,3,Both,27,Age-standardized,543,Alzheimer's disease and other dementias,2,Percent,2014,0.0041317472521017,0.0047259907652954,0.0035168533363296
1,All Population,5,Prevalence,211,Mali,3,Both,27,Age-standardized,543,Alzheimer's disease and other dementias,3,Rate,2014,410.02928564725994,467.86232893701,348.93462772930997
1,All Population,5,Prevalence,202,Cameroon,3,Both,27,Age-standardized,543,Alzheimer's disease and other dementias,2,Percent,2011,0.0039922574609227,0.0045470495442901,0.003392569716277
1,All Population,5,Prevalence,202,Cameroon,3,Both,27,Age-standardized,543,Alzheimer's disease and other dementias,3,Rate,2011,395.53151289455,451.03587412132003,336.26681131469
1,All Population,5,Prevalence,202,Cameroon,3,Both,27,Age-standardized,543,Alzheimer's disease and other dementias,2,Percent,2013,0.0039826150815969,0.0045302447826826,0.0034003333889567
1,All Population,5,Prevalence,202,Cameroon,3,Both,27,Age-standardized,543,Alzheimer's disease and other dementias,3,Rate,2013,394.07143844936996,448.61038764193,336.3501557854
1,All Population,5,Prevalence,202,Cameroon,3,Both,27,Age-standardized,543,Alzheimer's disease and other dementias,2,Percent,2019,0.0039509688220629,0.0045154653954921,0.0034053520985422
1,All Population,5,Prevalence,202,Cameroon,3,Both,27,Age-standardized,543,Alzheimer's disease and other dementias,3,Rate,2019,389.04110627520004,445.03591854596,335.59124216484
1,All Population,5,Prevalence,215,Sao Tome and Principe,3,Both,27,Age-standardized,543,Alzheimer's disease and other dementias,2,Percent,2016,0.0040048486703643,0.0045652662065951,0.0034446038108653
1,All Population,5,Prevalence,215,Sao Tome and Principe,3,Both,27,Age-standardized,543,Alzheimer's disease and other dementias,3,Rate,2016,396.34716811385005,452.89099515638003,341.06336637150997
1,All Population,5,Prevalence,211,Mali,3,Both,27,Age-standardized,543,Alzheimer's disease and other dementias,2,Percent,2016,0.0041188760382203,0.0046894277891562,0.0035115155607693
1,All Population,5,Prevalence,211,Mali,3,Both,27,Age-standardized,543,Alzheimer's disease and other dementias,3,Rate,2016,408.3086127988,464.9502874343,347.56791874276
1,All Population,5,Prevalence,213,Niger,3,Both,27,Age-standardized,543,Alzheimer's disease and other dementias,2,Percent,2017,0.0041985532062989,0.0047781421630842,0.0035858427273622
1,All Population,5,Prevalence,213,Niger,3,Both,27,Age-standardized,543,Alzheimer's disease and other dementias,3,Rate,2017,416.93976640399006,474.45974363225,355.6115082281
1,All Population,5,Prevalence,215,Sao Tome and Principe,3,Both,27,Age-standardized,543,Alzheimer's disease and other dementias,2,Percent,2004,0.004040603963027,0.0046070346623915,0.0034891169183866
1,All Population,5,Prevalence,215,Sao Tome and Principe,3,Both,27,Age-standardized,543,Alzheimer's disease and other dementias,3,Rate,2004,402.97479112411,459.44541061101,347.84302644623
1,All Population,5,Prevalence,202,Cameroon,3,Both,27,Age-standardized,543,Alzheimer's disease and other dementias,2,Percent,2018,0.0039570116507595,0.0045185869353319,0.0034061612501808
1,All Population,5,Prevalence,202,Cameroon,3,Both,27,Age-standardized,543,Alzheimer's disease and other dementias,3,Rate,2018,389.99201647923,445.71360960655,336.06478421715
1,All Population,5,Prevalence,202,Cameroon,3,Both,27,Age-standardized,543,Alzheimer's disease and other dementias,2,Percent,2015,0.0039723169308383,0.0045336241346739,0.0034043051347878
1,All Population,5,Prevalence,202,Cameroon,3,Both,27,Age-standardized,543,Alzheimer's disease and other dementias,3,Rate,2015,392.53832506656005,448.24488137609,336.90102066607
1,All Population,5,Prevalence,215,Sao Tome and Principe,3,Both,27,Age-standardized,543,Alzheimer's disease and other dementias,2,Percent,2006,0.0040350753226882,0.0046059025433121,0.0034820071732211
1,All Population,5,Prevalence,215,Sao Tome and Principe,3,Both,27,Age-standardized,543,Alzheimer's disease and other dementias,3,Rate,2006,402.11138030087,458.73195033466,346.98333456262
1,All Population,5,Prevalence,202,Cameroon,3,Both,27,Age-standardized,543,Alzheimer's disease and other dementias,2,Percent,2023,0.003945021391613,0.0044948837513254,0.0034196289566034
1,All Population,5,Prevalence,202,Cameroon,3,Both,27,Age-standardized,543,Alzheimer's disease and other dementias,3,Rate,2023,387.87829235023,441.72941606942,337.04379537319
1,All Population,5,Prevalence,215,Sao Tome and Principe,3,Both,27,Age-standardized,543,Alzheimer's disease and other dementias,2,Percent,2018,0.003991963349411,0.0045609054685216,0.0033863111321666
1,All Population,5,Prevalence,215,Sao Tome and Principe,3,Both,27,Age-standardized,543,Alzheimer's disease and other dementias,3,Rate,2018,394.30177611861,450.11702489674997,334.27982929379004
1,All Population,5,Prevalence,202,Cameroon,3,Both,27,Age-standardized,543,Alzheimer's disease and other dementias,2,Percent,2021,0.0039400138995148,0.0044791710206212,0.0033832376130631
1,All Population,5,Prevalence,202,Cameroon,3,Both,27,Age-standardized,543,Alzheimer's disease and other dementias,3,Rate,2021,387.69930372824,440.78871657556004,333.60844439019
1,All Population,5,Prevalence,217,Sierra Leone,3,Both,27,Age-standardized,543,Alzheimer's disease and other dementias,2,Percent,2005,0.0042673784424505,0.0048572744595454,0.0036686324019146
1,All Population,5,Prevalence,217,Sierra Leone,3,Both,27,Age-standardized,543,Alzheimer's disease and other dementias,3,Rate,2005,425.66955581771,484.55731793022005,365.9420024834
1,All Population,5,Prevalence,202,Cameroon,3,Both,27,Age-standardized,543,Alzheimer's disease and other dementias,2,Percent,2020,0.0039460280366338,0.0045108136839696,0.0034024578032623
1,All Population,5,Prevalence,202,Cameroon,3,Both,27,Age-standardized,543,Alzheimer's disease and other dementias,3,Rate,2020,388.38370361499,444.88691295211,334.98898946831997
1,All Population,5,Prevalence,217,Sierra Leone,3,Both,27,Age-standardized,543,Alzheimer's disease and other dementias,2,Percent,2007,0.0042609216282858,0.004859094332714,0.0036592460013195
1,All Population,5,Prevalence,217,Sierra Leone,3,Both,27,Age-standardized,543,Alzheimer's disease and other dementias,3,Rate,2007,424.80423477415997,484.81612587801,364.93254426777
1,All Population,5,Prevalence,217,Sierra Leone,3,Both,27,Age-standardized,543,Alzheimer's disease and other dementias,2,Percent,2023,0.004093544568799,0.0046741632124745,0.0035001195605136
1,All Population,5,Prevalence,217,Sierra Leone,3,Both,27,Age-standardized,543,Alzheimer's disease and other dementias,3,Rate,2023,404.01791390355,462.14783229916,345.82013879454
1,All Population,5,Prevalence,213,Niger,3,Both,27,Age-standardized,543,Alzheimer's disease and other dementias,2,Percent,2021,0.0041720972885735,0.0047474454310484,0.0035781644427605
1,All Population,5,Prevalence,213,Niger,3,Both,27,Age-standardized,543,Alzheimer's disease and other dementias,3,Rate,2021,413.6817874063,470.52554696583,355.10285323748
1,All Population,5,Prevalence,215,Sao Tome and Principe,3,Both,27,Age-standardized,543,Alzheimer's disease and other dementias,2,Percent,2008,0.0040308536863347,0.004611244101138,0.0034775806639006
1,All Population,5,Prevalence,215,Sao Tome and Principe,3,Both,27,Age-standardized,543,Alzheimer's disease and other dementias,3,Rate,2008,401.30009377791004,459.25673700106,346.29707523723
1,All Population,5,Prevalence,213,Niger,3,Both,27,Age-standardized,543,Alzheimer's disease and other dementias,2,Percent,2022,0.0041723207911797,0.0047756425078654,0.003568717936722
1,All Population,5,Prevalence,213,Niger,3,Both,27,Age-standardized,543,Alzheimer's disease and other dementias,3,Rate,2022,413.29175939387,473.5906654646,353.91651821743
1,All Population,5,Prevalence,213,Niger,3,Both,27,Age-standardized,543,Alzheimer's disease and other dementias,2,Percent,2020,0.0041722407421061,0.0047321424308108,0.0035695731129076
1,All Population,5,Prevalence,213,Niger,3,Both,27,Age-standardized,543,Alzheimer's disease and other dementias,3,Rate,2020,413.86432224475,470.81140181605997,353.96776976594003
1,All Population,5,Prevalence,202,Cameroon,3,Both,27,Age-standardized,543,Alzheimer's disease and other dementias,2,Percent,2022,0.0039367533536139,0.0045051521584394,0.0033788928767083
1,All Population,5,Prevalence,202,Cameroon,3,Both,27,Age-standardized,543,Alzheimer's disease and other dementias,3,Rate,2022,387.30713181654,442.68162433566,332.3874999143
1,All Population,5,Prevalence,217,Sierra Leone,3,Both,27,Age-standardized,543,Alzheimer's disease and other dementias,2,Percent,2004,0.0042729511664544,0.004857909949608,0.0036771191049773
1,All Population,5,Prevalence,217,Sierra Leone,3,Both,27,Age-standardized,543,Alzheimer's disease and other dementias,3,Rate,2004,426.33218366842993,484.78075508946,366.95293415775
1,All Population,5,Prevalence,215,Sao Tome and Principe,3,Both,27,Age-standardized,543,Alzheimer's disease and other dementias,2,Percent,2019,0.0039856242176816,0.0045587811085267,0.0033860846851074
1,All Population,5,Prevalence,215,Sao Tome and Principe,3,Both,27,Age-standardized,543,Alzheimer's disease and other dementias,3,Rate,2019,393.30383446688,449.97532227123,333.60785139042997
1,All Population,5,Prevalence,215,Sao Tome and Principe,3,Both,27,Age-standardized,543,Alzheimer's disease and other dementias,2,Percent,2011,0.004026294066882,0.0046126735861695,0.0034532499235372
1,All Population,5,Prevalence,215,Sao Tome and Principe,3,Both,27,Age-standardized,543,Alzheimer's disease and other dementias,3,Rate,2011,400.14765920005004,458.67993331565,343.37872458319003
1,All Population,5,Prevalence,215,Sao Tome and Principe,3,Both,27,Age-standardized,543,Alzheimer's disease and other dementias,2,Percent,2009,0.0040292402224993,0.0046206701312443,0.0034634910550905
1,All Population,5,Prevalence,215,Sao Tome and Principe,3,Both,27,Age-standardized,543,Alzheimer's disease and other dementias,3,Rate,2009,400.91121294623997,460.05532767055996,344.72848619589
1,All Population,5,Prevalence,215,Sao Tome and Principe,3,Both,27,Age-standardized,543,Alzheimer's disease and other dementias,2,Percent,2015,0.0040084175070084,0.0045629335986574,0.00345034959995
1,All Population,5,Prevalence,215,Sao Tome and Principe,3,Both,27,Age-standardized,543,Alzheimer's disease and other dementias,3,Rate,2015,397.03894236689996,451.71469316687,342.25742814405
1,All Population,5,Prevalence,215,Sao Tome and Principe,3,Both,27,Age-standardized,543,Alzheimer's disease and other dementias,2,Percent,2013,0.0040166593449966,0.004567986623572,0.0034480661573806
1,All Population,5,Prevalence,215,Sao Tome and Principe,3,Both,27,Age-standardized,543,Alzheimer's disease and other dementias,3,Rate,2013,398.55902079705,453.60489342174,342.30960640755
1,All Population,5,Prevalence,215,Sao Tome and Principe,3,Both,27,Age-standardized,543,Alzheimer's disease and other dementias,2,Percent,2010,0.0040282109170374,0.0046278950083503,0.0034503271528041
1,All Population,5,Prevalence,215,Sao Tome and Principe,3,Both,27,Age-standardized,543,Alzheimer's disease and other dementias,3,Rate,2010,400.57799160424,460.30262302743,343.25306538896996
1,All Population,5,Prevalence,211,Mali,3,Both,27,Age-standardized,543,Alzheimer's disease and other dementias,2,Percent,2018,0.0040976124448729,0.0046493468902593,0.0035116429619782
1,All Population,5,Prevalence,211,Mali,3,Both,27,Age-standardized,543,Alzheimer's disease and other dementias,3,Rate,2018,405.57782084614,459.39684699618994,347.81625541149003
1,All Population,5,Prevalence,215,Sao Tome and Principe,3,Both,27,Age-standardized,543,Alzheimer's disease and other dementias,2,Percent,2017,0.0039988593041392,0.0045741362033081,0.0034158386880347
1,All Population,5,Prevalence,215,Sao Tome and Principe,3,Both,27,Age-standardized,543,Alzheimer's disease and other dementias,3,Rate,2017,395.37347513359003,452.16126461391,337.76271075029
1,All Population,5,Prevalence,213,Niger,3,Both,27,Age-standardized,543,Alzheimer's disease and other dementias,2,Percent,2014,0.0042202751827096,0.0048119697244359,0.003599100539671
1,All Population,5,Prevalence,213,Niger,3,Both,27,Age-standardized,543,Alzheimer's disease and other dementias,3,Rate,2014,419.6431156128,478.22097302328007,358.09060889073
1,All Population,5,Prevalence,217,Sierra Leone,3,Both,27,Age-standardized,543,Alzheimer's disease and other dementias,2,Percent,2016,0.0041719987716416,0.0047523841215721,0.0035708084928389
1,All Population,5,Prevalence,217,Sierra Leone,3,Both,27,Age-standardized,543,Alzheimer's disease and other dementias,3,Rate,2016,413.63416678512,471.36034899679,354.09151396422
1,All Population,5,Prevalence,217,Sierra Leone,3,Both,27,Age-standardized,543,Alzheimer's disease and other dementias,2,Percent,2006,0.0042651309517091,0.0048498128037123,0.0036693888553316
1,All Population,5,Prevalence,217,Sierra Leone,3,Both,27,Age-standardized,543,Alzheimer's disease and other dementias,3,Rate,2006,425.34197704621,483.52645212740003,366.02241586158
1,All Population,5,Prevalence,217,Sierra Leone,3,Both,27,Age-standardized,543,Alzheimer's disease and other dementias,2,Percent,2018,0.0041445084278527,0.0046920563168652,0.0035426008317721
1,All Population,5,Prevalence,217,Sierra Leone,3,Both,27,Age-standardized,543,Alzheimer's disease and other dementias,3,Rate,2018,410.38528011304,464.77251351649005,350.82309049673
1,All Population,5,Prevalence,215,Sao Tome and Principe,3,Both,27,Age-standardized,543,Alzheimer's disease and other dementias,2,Percent,2021,0.0039797046947858,0.0045413126334575,0.0033694103821455
1,All Population,5,Prevalence,215,Sao Tome and Principe,3,Both,27,Age-standardized,543,Alzheimer's disease and other dementias,3,Rate,2021,392.29854525381,448.44650355235996,332.83960903893
1,All Population,5,Prevalence,217,Sierra Leone,3,Both,27,Age-standardized,543,Alzheimer's disease and other dementias,2,Percent,2009,0.0042561146264139,0.004852993113603,0.0036534237620071
1,All Population,5,Prevalence,217,Sierra Leone,3,Both,27,Age-standardized,543,Alzheimer's disease and other dementias,3,Rate,2009,424.06357026602006,483.55485743646005,363.87106597204
1,All Population,5,Prevalence,215,Sao Tome and Principe,3,Both,27,Age-standardized,543,Alzheimer's disease and other dementias,2,Percent,2020,0.0039819799614306,0.0045625782069477,0.003396397450708
1,All Population,5,Prevalence,215,Sao Tome and Principe,3,Both,27,Age-standardized,543,Alzheimer's disease and other dementias,3,Rate,2020,392.77904104609996,450.67274245311,334.5158021076
1,All Population,5,Prevalence,217,Sierra Leone,3,Both,27,Age-standardized,543,Alzheimer's disease and other dementias,2,Percent,2011,0.0042370076141835,0.0048224510282366,0.0036418686764076
1,All Population,5,Prevalence,217,Sierra Leone,3,Both,27,Age-standardized,543,Alzheimer's disease and other dementias,3,Rate,2011,421.77907468322996,479.87472087361004,362.68029492256
1,All Population,5,Prevalence,217,Sierra Leone,3,Both,27,Age-standardized,543,Alzheimer's disease and other dementias,2,Percent,2015,0.0041844762786705,0.0047906136372306,0.0035822984874498
1,All Population,5,Prevalence,217,Sierra Leone,3,Both,27,Age-standardized,543,Alzheimer's disease and other dementias,3,Rate,2015,415.13321003516,475.38105866667,355.48184358601003
1,All Population,5,Prevalence,217,Sierra Leone,3,Both,27,Age-standardized,543,Alzheimer's disease and other dementias,2,Percent,2013,0.0042109838183211,0.0047944140715227,0.003621053318857
1,All Population,5,Prevalence,217,Sierra Leone,3,Both,27,Age-standardized,543,Alzheimer's disease and other dementias,3,Rate,2013,418.48733268022005,475.77121362777996,360.04706451309
1,All Population,5,Prevalence,217,Sierra Leone,3,Both,27,Age-standardized,543,Alzheimer's disease and other dementias,2,Percent,2017,0.0041581151738695,0.0047094496948981,0.0035568850341709
1,All Population,5,Prevalence,217,Sierra Leone,3,Both,27,Age-standardized,543,Alzheimer's disease and other dementias,3,Rate,2017,412.00249115885,466.70685101801,352.49502672058
1,All Population,5,Prevalence,215,Sao Tome and Principe,3,Both,27,Age-standardized,543,Alzheimer's disease and other dementias,2,Percent,2022,0.0039791123552727,0.0045405142648857,0.0033849203084762
1,All Population,5,Prevalence,215,Sao Tome and Principe,3,Both,27,Age-standardized,543,Alzheimer's disease and other dementias,3,Rate,2022,391.85192260276,447.17818272410994,334.02096376798
1,All Population,5,Prevalence,217,Sierra Leone,3,Both,27,Age-standardized,543,Alzheimer's disease and other dementias,2,Percent,2020,0.0041150925654572,0.0046811837925759,0.0035310643506476
1,All Population,5,Prevalence,217,Sierra Leone,3,Both,27,Age-standardized,543,Alzheimer's disease and other dementias,3,Rate,2020,407.13357862865,463.70645256612,349.63614210843
1,All Population,5,Prevalence,217,Sierra Leone,3,Both,27,Age-standardized,543,Alzheimer's disease and other dementias,2,Percent,2022,0.0040942463187556,0.0046704500696934,0.003502799569922
1,All Population,5,Prevalence,217,Sierra Leone,3,Both,27,Age-standardized,543,Alzheimer's disease and other dementias,3,Rate,2022,404.45190342603,461.18747362519997,345.35683241178003
1,All Population,6,Incidence,203,Cabo Verde,3,Both,27,Age-standardized,543,Alzheimer's disease and other dementias,2,Percent,1991,0.0001537400072661,0.00017998529464,0.0001309798148446
1,All Population,6,Incidence,203,Cabo Verde,3,Both,27,Age-standardized,543,Alzheimer's disease and other dementias,3,Rate,1991,76.76546028714,87.65654285056,66.45956056474999
1,All Population,6,Incidence,204,Chad,3,Both,27,Age-standardized,543,Alzheimer's disease and other dementias,2,Percent,1990,0.0001290127782688,0.0001495956802705,0.0001097706147169
1,All Population,6,Incidence,204,Chad,3,Both,27,Age-standardized,543,Alzheimer's disease and other dementias,3,Rate,1990,78.98052963133,90.828520254,67.79394400566
1,All Population,6,Incidence,218,Togo,3,Both,27,Age-standardized,543,Alzheimer's disease and other dementias,2,Percent,1991,0.0001271117031823,0.0001458332806906,0.000108305334831
1,All Population,6,Incidence,218,Togo,3,Both,27,Age-standardized,543,Alzheimer's disease and other dementias,3,Rate,1991,76.36310896534,87.24163775898,65.57569956052001
1,All Population,6,Incidence,203,Cabo Verde,3,Both,27,Age-standardized,543,Alzheimer's disease and other dementias,2,Percent,1990,0.0001531242252865,0.0001794643738001,0.0001300775298488
1,All Population,6,Incidence,203,Cabo Verde,3,Both,27,Age-standardized,543,Alzheimer's disease and other dementias,3,Rate,1990,76.89127652294,88.05986149812999,66.26759217588
1,All Population,6,Incidence,210,Liberia,3,Both,27,Age-standardized,543,Alzheimer's disease and other dementias,2,Percent,1990,0.0001346353747584,0.0001579623232459,0.0001153863001654
1,All Population,6,Incidence,210,Liberia,3,Both,27,Age-standardized,543,Alzheimer's disease and other dementias,3,Rate,1990,74.84239915147,85.82734824801,64.31363028404999
1,All Population,6,Incidence,205,Côte d'Ivoire,3,Both,27,Age-standardized,543,Alzheimer's disease and other dementias,2,Percent,1990,0.0001390179990603,0.0001609398160577,0.0001197879749221
1,All Population,6,Incidence,205,Côte d'Ivoire,3,Both,27,Age-standardized,543,Alzheimer's disease and other dementias,3,Rate,1990,74.43266277019,85.06318446482,63.762709425909996
1,All Population,6,Incidence,206,Gambia,3,Both,27,Age-standardized,543,Alzheimer's disease and other dementias,2,Percent,1990,0.0001482994903008,0.0001708266492417,0.0001260839360441
1,All Population,6,Incidence,206,Gambia,3,Both,27,Age-standardized,543,Alzheimer's disease and other dementias,3,Rate,1990,76.9070820589,88.05941539534,65.88825679771
1,All Population,6,Incidence,213,Niger,3,Both,27,Age-standardized,543,Alzheimer's disease and other dementias,2,Percent,1991,0.0001286113569579,0.0001480226260006,0.0001107653724166
1,All Population,6,Incidence,213,Niger,3,Both,27,Age-standardized,543,Alzheimer's disease and other dementias,3,Rate,1991,79.86058753469,91.31620634811,68.70971921851
1,All Population,6,Incidence,218,Togo,3,Both,27,Age-standardized,543,Alzheimer's disease and other dementias,2,Percent,1990,0.0001274362289487,0.0001464981187133,0.0001085433040519
1,All Population,6,Incidence,218,Togo,3,Both,27,Age-standardized,543,Alzheimer's disease and other dementias,3,Rate,1990,76.57925581574,87.38061566095,65.73508865352
1,All Population,6,Incidence,204,Chad,3,Both,27,Age-standardized,543,Alzheimer's disease and other dementias,2,Percent,1991,0.0001291488275741,0.0001494384446359,0.0001097143423763
1,All Population,6,Incidence,204,Chad,3,Both,27,Age-standardized,543,Alzheimer's disease and other dementias,3,Rate,1991,78.71017335380999,90.34568101598,67.59152010417
1,All Population,6,Incidence,207,Ghana,3,Both,27,Age-standardized,543,Alzheimer's disease and other dementias,2,Percent,1990,0.0001457197749833,0.0001696115610308,0.0001251856678877
1,All Population,6,Incidence,207,Ghana,3,Both,27,Age-standardized,543,Alzheimer's disease and other dementias,3,Rate,1990,75.84509533308,87.10520362318,65.58172591144
1,All Population,6,Incidence,214,Nigeria,3,Both,27,Age-standardized,543,Alzheimer's disease and other dementias,2,Percent,1991,0.000123387990309,0.0001429837420675,0.0001051618978043
1,All Population,6,Incidence,214,Nigeria,3,Both,27,Age-standardized,543,Alzheimer's disease and other dementias,3,Rate,1991,71.92057379894,82.49986684027999,61.903073487469996
1,All Population,6,Incidence,210,Liberia,3,Both,27,Age-standardized,543,Alzheimer's disease and other dementias,2,Percent,1991,0.0001363543340612,0.000159572430216,0.0001161676047406
1,All Population,6,Incidence,210,Liberia,3,Both,27,Age-standardized,543,Alzheimer's disease and other dementias,3,Rate,1991,74.66890555887001,85.49182164476001,64.31478594664
1,All Population,6,Incidence,215,Sao Tome and Principe,3,Both,27,Age-standardized,543,Alzheimer's disease and other dementias,2,Percent,1991,0.0001380018868317,0.0001611179531382,0.0001177326319429
1,All Population,6,Incidence,215,Sao Tome and Principe,3,Both,27,Age-standardized,543,Alzheimer's disease and other dementias,3,Rate,1991,74.39306950943,85.00287116756,63.87817582406
1,All Population,6,Incidence,216,Senegal,3,Both,27,Age-standardized,543,Alzheimer's disease and other dementias,2,Percent,1991,0.0001377599474688,0.0001584703547314,0.0001177594001796
1,All Population,6,Incidence,216,Senegal,3,Both,27,Age-standardized,543,Alzheimer's disease and other dementias,3,Rate,1991,76.14207318881,87.49216509013,65.50867062754
1,All Population,6,Incidence,217,Sierra Leone,3,Both,27,Age-standardized,543,Alzheimer's disease and other dementias,2,Percent,1991,0.0001344903786633,0.0001567900591017,0.000114131889194
1,All Population,6,Incidence,217,Sierra Leone,3,Both,27,Age-standardized,543,Alzheimer's disease and other dementias,3,Rate,1991,77.21222651286,88.54881726504,65.97770430022
1,All Population,6,Incidence,205,Côte d'Ivoire,3,Both,27,Age-standardized,543,Alzheimer's disease and other dementias,2,Percent,1991,0.0001394810680791,0.0001610569111528,0.000120210583259
1,All Population,6,Incidence,205,Côte d'Ivoire,3,Both,27,Age-standardized,543,Alzheimer's disease and other dementias,3,Rate,1991,74.32022644598,84.93429082288999,63.97167493388
1,All Population,6,Incidence,206,Gambia,3,Both,27,Age-standardized,543,Alzheimer's disease and other dementias,2,Percent,1991,0.0001489734807184,0.0001720101453498,0.000126481870207
1,All Population,6,Incidence,206,Gambia,3,Both,27,Age-standardized,543,Alzheimer's disease and other dementias,3,Rate,1991,76.71777889812999,87.5978574312,65.93522324762
1,All Population,6,Incidence,200,Benin,3,Both,27,Age-standardized,543,Alzheimer's disease and other dementias,2,Percent,1991,0.000141088565119,0.0001635308027711,0.0001218892824895
1,All Population,6,Incidence,200,Benin,3,Both,27,Age-standardized,543,Alzheimer's disease and other dementias,3,Rate,1991,77.51928906767999,88.24654785928,66.88866262592
1,All Population,6,Incidence,208,Guinea,3,Both,27,Age-standardized,543,Alzheimer's disease and other dementias,2,Percent,1990,0.0001365145200325,0.0001602794640865,0.0001171621591222
1,All Population,6,Incidence,208,Guinea,3,Both,27,Age-standardized,543,Alzheimer's disease and other dementias,3,Rate,1990,76.93538975676,88.3160577372,66.43609272656
1,All Population,6,Incidence,201,Burkina Faso,3,Both,27,Age-standardized,543,Alzheimer's disease and other dementias,2,Percent,1991,0.0001303583759536,0.0001502427911157,0.000112474718931
1,All Population,6,Incidence,201,Burkina Faso,3,Both,27,Age-standardized,543,Alzheimer's disease and other dementias,3,Rate,1991,79.72236458176,90.84587881475,68.933917678
1,All Population,6,Incidence,209,Guinea-Bissau,3,Both,27,Age-standardized,543,Alzheimer's disease and other dementias,2,Percent,1990,0.0001300455396165,0.0001511919472805,0.0001103492451574
1,All Population,6,Incidence,209,Guinea-Bissau,3,Both,27,Age-standardized,543,Alzheimer's disease and other dementias,3,Rate,1990,74.0746187418,84.87097035887,63.5033349667
1,All Population,6,Incidence,202,Cameroon,3,Both,27,Age-standardized,543,Alzheimer's disease and other dementias,2,Percent,1991,0.0001281440212927,0.0001475983525904,0.0001095005152908
1,All Population,6,Incidence,202,Cameroon,3,Both,27,Age-standardized,543,Alzheimer's disease and other dementias,3,Rate,1991,74.11233998608,84.84647077253,63.5594640724
1,All Population,6,Incidence,207,Ghana,3,Both,27,Age-standardized,543,Alzheimer's disease and other dementias,2,Percent,1991,0.0001459828266589,0.0001700374357372,0.0001253903579614
1,All Population,6,Incidence,207,Ghana,3,Both,27,Age-standardized,543,Alzheimer's disease and other dementias,3,Rate,1991,75.62920641863,87.02406264169,65.36880644288999
1,All Population,6,Incidence,211,Mali,3,Both,27,Age-standardized,543,Alzheimer's disease and other dementias,2,Percent,1990,0.0001386450047259,0.0001598913176288,0.0001183386745719
1,All Population,6,Incidence,211,Mali,3,Both,27,Age-standardized,543,Alzheimer's disease and other dementias,3,Rate,1990,77.31641345409,88.78226805822,66.30319053343
1,All Population,6,Incidence,218,Togo,3,Both,27,Age-standardized,543,Alzheimer's disease and other dementias,2,Percent,1993,0.0001268353854685,0.0001462640037437,0.0001083021179388
1,All Population,6,Incidence,218,Togo,3,Both,27,Age-standardized,543,Alzheimer's disease and other dementias,3,Rate,1993,75.96984552039,87.09148449822,65.16626158126
1,All Population,6,Incidence,203,Cabo Verde,3,Both,27,Age-standardized,543,Alzheimer's disease and other dementias,2,Percent,1992,0.0001540894104263,0.0001801769077765,0.0001316387187917
1,All Population,6,Incidence,203,Cabo Verde,3,Both,27,Age-standardized,543,Alzheimer's disease and other dementias,3,Rate,1992,76.51127368302001,87.16474755821,66.11627991456
1,All Population,6,Incidence,203,Cabo Verde,3,Both,27,Age-standardized,543,Alzheimer's disease and other dementias,2,Percent,1993,0.0001544714977261,0.0001802151474076,0.0001322224433581
1,All Population,6,Incidence,203,Cabo Verde,3,Both,27,Age-standardized,543,Alzheimer's disease and other dementias,3,Rate,1993,76.28523779435,86.80740322625999,65.7466315664
1,All Population,6,Incidence,200,Benin,3,Both,27,Age-standardized,543,Alzheimer's disease and other dementias,2,Percent,1990,0.0001431069998206,0.0001650212353475,0.0001230661403738
1,All Population,6,Incidence,200,Benin,3,Both,27,Age-standardized,543,Alzheimer's disease and other dementias,3,Rate,1990,78.70816151371,89.81605804416,67.44799317774999
1,All Population,6,Incidence,214,Nigeria,3,Both,27,Age-standardized,543,Alzheimer's disease and other dementias,2,Percent,1992,0.0001236076117538,0.0001431157704103,0.0001052819472028
1,All Population,6,Incidence,214,Nigeria,3,Both,27,Age-standardized,543,Alzheimer's disease and other dementias,3,Rate,1992,71.70179234218999,82.2056336161,61.75076932225
1,All Population,6,Incidence,210,Liberia,3,Both,27,Age-standardized,543,Alzheimer's disease and other dementias,2,Percent,1992,0.0001340373131532,0.0001559406829578,0.0001137504661957
1,All Population,6,Incidence,210,Liberia,3,Both,27,Age-standardized,543,Alzheimer's disease and other dementias,3,Rate,1992,74.50188926236,85.44316245338,64.30386644737999
1,All Population,6,Incidence,214,Nigeria,3,Both,27,Age-standardized,543,Alzheimer's disease and other dementias,2,Percent,1990,0.0001230930834457,0.0001427707083543,0.0001049767462955
1,All Population,6,Incidence,214,Nigeria,3,Both,27,Age-standardized,543,Alzheimer's disease and other dementias,3,Rate,1990,72.09152387606,82.6547308442,62.02093216274999
1,All Population,6,Incidence,200,Benin,3,Both,27,Age-standardized,543,Alzheimer's disease and other dementias,2,Percent,1992,0.0001391801656175,0.0001609850679145,0.0001204175597567
1,All Population,6,Incidence,200,Benin,3,Both,27,Age-standardized,543,Alzheimer's disease and other dementias,3,Rate,1992,76.43696916527,86.2304719245,66.4213616542
1,All Population,6,Incidence,211,Mali,3,Both,27,Age-standardized,543,Alzheimer's disease and other dementias,2,Percent,1991,0.000138601421648,0.0001596383771771,0.0001184847188575
1,All Population,6,Incidence,211,Mali,3,Both,27,Age-standardized,543,Alzheimer's disease and other dementias,3,Rate,1991,77.13092833349,88.50780809228,66.36494692456
1,All Population,6,Incidence,218,Togo,3,Both,27,Age-standardized,543,Alzheimer's disease and other dementias,2,Percent,1992,0.0001270353491218,0.0001457444074341,0.0001084815237934
1,All Population,6,Incidence,218,Togo,3,Both,27,Age-standardized,543,Alzheimer's disease and other dementias,3,Rate,1992,76.16151830576,86.96876359438,65.37206045636
1,All Population,6,Incidence,212,Mauritania,3,Both,27,Age-standardized,543,Alzheimer's disease and other dementias,2,Percent,1990,0.0001679487089562,0.0001959495977458,0.0001435533001859
1,All Population,6,Incidence,212,Mauritania,3,Both,27,Age-standardized,543,Alzheimer's disease and other dementias,3,Rate,1990,77.43999602582001,88.94445950056999,66.85401569911001
1,All Population,6,Incidence,216,Senegal,3,Both,27,Age-standardized,543,Alzheimer's disease and other dementias,2,Percent,1993,0.0001383417735878,0.0001594415643325,0.0001180938038901
1,All Population,6,Incidence,216,Senegal,3,Both,27,Age-standardized,543,Alzheimer's disease and other dementias,3,Rate,1993,75.89949766165,86.92745149553001,65.46733754994
1,All Population,6,Incidence,204,Chad,3,Both,27,Age-standardized,543,Alzheimer's disease and other dementias,2,Percent,1992,0.0001282866596364,0.0001481750082409,0.0001090206399948
1,All Population,6,Incidence,204,Chad,3,Both,27,Age-standardized,543,Alzheimer's disease and other dementias,3,Rate,1992,78.43392451427,89.94920916045,67.38862491389
1,All Population,6,Incidence,212,Mauritania,3,Both,27,Age-standardized,543,Alzheimer's disease and other dementias,2,Percent,1991,0.0001673425868845,0.0001944482810329,0.0001425975430753
1,All Population,6,Incidence,212,Mauritania,3,Both,27,Age-standardized,543,Alzheimer's disease and other dementias,3,Rate,1991,77.18579509128,88.72207835001,66.58478526955001
1,All Population,6,Incidence,211,Mali,3,Both,27,Age-standardized,543,Alzheimer's disease and other dementias,2,Percent,1992,0.0001385303226148,0.0001601473659111,0.0001185232029669
1,All Population,6,Incidence,211,Mali,3,Both,27,Age-standardized,543,Alzheimer's disease and other dementias,3,Rate,1992,76.93829256203,88.33967029135,66.54958256556999
1,All Population,6,Incidence,204,Chad,3,Both,27,Age-standardized,543,Alzheimer's disease and other dementias,2,Percent,1993,0.0001285566152298,0.0001484961630116,0.0001094190209467
1,All Population,6,Incidence,204,Chad,3,Both,27,Age-standardized,543,Alzheimer's disease and other dementias,3,Rate,1993,78.15993595388,89.61485132258,67.18248295501
1,All Population,6,Incidence,207,Ghana,3,Both,27,Age-standardized,543,Alzheimer's disease and other dementias,2,Percent,1993,0.0001465543652247,0.000171300936075,0.0001256676955603
1,All Population,6,Incidence,207,Ghana,3,Both,27,Age-standardized,543,Alzheimer's disease and other dementias,3,Rate,1993,75.2898867311,86.09283889494,64.82798555247
1,All Population,6,Incidence,213,Niger,3,Both,27,Age-standardized,543,Alzheimer's disease and other dementias,2,Percent,1990,0.00012899616223,0.0001484100132088,0.0001113441789918
1,All Population,6,Incidence,213,Niger,3,Both,27,Age-standardized,543,Alzheimer's disease and other dementias,3,Rate,1990,80.14254859137,91.63382368229,69.18360158739
1,All Population,6,Incidence,208,Guinea,3,Both,27,Age-standardized,543,Alzheimer's disease and other dementias,2,Percent,1992,0.0001365913574606,0.0001610559013267,0.0001176092466825
1,All Population,6,Incidence,208,Guinea,3,Both,27,Age-standardized,543,Alzheimer's disease and other dementias,3,Rate,1992,76.68024895981,87.27451824226,66.23711511228
1,All Population,6,Incidence,215,Sao Tome and Principe,3,Both,27,Age-standardized,543,Alzheimer's disease and other dementias,2,Percent,1992,0.00013795986741,0.0001605991318378,0.0001178660664106
1,All Population,6,Incidence,215,Sao Tome and Principe,3,Both,27,Age-standardized,543,Alzheimer's disease and other dementias,3,Rate,1992,74.14480076094999,84.87568128276,63.56392593914
1,All Population,6,Incidence,208,Guinea,3,Both,27,Age-standardized,543,Alzheimer's disease and other dementias,2,Percent,1991,0.0001365079551714,0.0001608965018803,0.0001174033848771
1,All Population,6,Incidence,208,Guinea,3,Both,27,Age-standardized,543,Alzheimer's disease and other dementias,3,Rate,1991,76.80750894297,87.75004762532,66.34485179792
1,All Population,6,Incidence,201,Burkina Faso,3,Both,27,Age-standardized,543,Alzheimer's disease and other dementias,2,Percent,1990,0.0001308131318034,0.000150766217313,0.0001127596661938
1,All Population,6,Incidence,201,Burkina Faso,3,Both,27,Age-standardized,543,Alzheimer's disease and other dementias,3,Rate,1990,79.91000790894,91.03614779107,69.12329581039
1,All Population,6,Incidence,212,Mauritania,3,Both,27,Age-standardized,543,Alzheimer's disease and other dementias,2,Percent,1994,0.0001645012356503,0.0001914489328361,0.0001405275277244
1,All Population,6,Incidence,212,Mauritania,3,Both,27,Age-standardized,543,Alzheimer's disease and other dementias,3,Rate,1994,76.43503724375,87.97044671026,65.54524185899
1,All Population,6,Incidence,203,Cabo Verde,3,Both,27,Age-standardized,543,Alzheimer's disease and other dementias,2,Percent,1997,0.0001561247543103,0.0001818177971998,0.0001339527171452
1,All Population,6,Incidence,203,Cabo Verde,3,Both,27,Age-standardized,543,Alzheimer's disease and other dementias,3,Rate,1997,75.66862733265,86.17452985615,65.18758416335
1,All Population,6,Incidence,215,Sao Tome and Principe,3,Both,27,Age-standardized,543,Alzheimer's disease and other dementias,2,Percent,1990,0.0001380777550847,0.0001602803708395,0.0001169520242107
1,All Population,6,Incidence,215,Sao Tome and Principe,3,Both,27,Age-standardized,543,Alzheimer's disease and other dementias,3,Rate,1990,74.64665307832,85.30133892289,64.00523886154
1,All Population,6,Incidence,201,Burkina Faso,3,Both,27,Age-standardized,543,Alzheimer's disease and other dementias,2,Percent,1992,0.000130254410641,0.000150350482273,0.0001126494442832
1,All Population,6,Incidence,201,Burkina Faso,3,Both,27,Age-standardized,543,Alzheimer's disease and other dementias,3,Rate,1992,79.59057760911,90.88631762857,68.6617475721
1,All Population,6,Incidence,210,Liberia,3,Both,27,Age-standardized,543,Alzheimer's disease and other dementias,2,Percent,1993,0.0001300624415885,0.0001505568645888,0.0001104500298209
1,All Population,6,Incidence,210,Liberia,3,Both,27,Age-standardized,543,Alzheimer's disease and other dementias,3,Rate,1993,74.31878976091,85.19972420188999,64.10250492315
1,All Population,6,Incidence,205,Côte d'Ivoire,3,Both,27,Age-standardized,543,Alzheimer's disease and other dementias,2,Percent,1992,0.0001397871961177,0.0001613488513325,0.0001202697321376
1,All Population,6,Incidence,205,Côte d'Ivoire,3,Both,27,Age-standardized,543,Alzheimer's disease and other dementias,3,Rate,1992,74.21388782174,85.05964430156,64.02831356647
1,All Population,6,Incidence,212,Mauritania,3,Both,27,Age-standardized,543,Alzheimer's disease and other dementias,2,Percent,1992,0.0001668866453306,0.0001935199780196,0.0001425307024173
1,All Population,6,Incidence,212,Mauritania,3,Both,27,Age-standardized,543,Alzheimer's disease and other dementias,3,Rate,1992,76.91327417613999,88.52380186229999,66.21499192367
1,All Population,6,Incidence,217,Sierra Leone,3,Both,27,Age-standardized,543,Alzheimer's disease and other dementias,2,Percent,1993,0.0001342559730519,0.0001564395681047,0.0001145922701256
1,All Population,6,Incidence,217,Sierra Leone,3,Both,27,Age-standardized,543,Alzheimer's disease and other dementias,3,Rate,1993,76.94218671081,87.73060680022999,66.12534759418
1,All Population,6,Incidence,215,Sao Tome and Principe,3,Both,27,Age-standardized,543,Alzheimer's disease and other dementias,2,Percent,1996,0.0001381722091194,0.0001603762588089,0.0001177567073184
1,All Population,6,Incidence,215,Sao Tome and Principe,3,Both,27,Age-standardized,543,Alzheimer's disease and other dementias,3,Rate,1996,73.42889224667,84.51935306568001,62.704189388740005
1,All Population,6,Incidence,214,Nigeria,3,Both,27,Age-standardized,543,Alzheimer's disease and other dementias,2,Percent,1993,0.0001238548661194,0.0001433338883178,0.0001054306868424
1,All Population,6,Incidence,214,Nigeria,3,Both,27,Age-standardized,543,Alzheimer's disease and other dementias,3,Rate,1993,71.45645525521,81.81766282005,61.57834018019
1,All Population,6,Incidence,207,Ghana,3,Both,27,Age-standardized,543,Alzheimer's disease and other dementias,2,Percent,1992,0.0001462460295195,0.0001705916784275,0.0001255172470748
1,All Population,6,Incidence,207,Ghana,3,Both,27,Age-standardized,543,Alzheimer's disease and other dementias,3,Rate,1992,75.44168444244,86.73673498842,64.97550233838
1,All Population,6,Incidence,200,Benin,3,Both,27,Age-standardized,543,Alzheimer's disease and other dementias,2,Percent,1995,0.0001363890581208,0.0001576041886433,0.0001189777168665
1,All Population,6,Incidence,200,Benin,3,Both,27,Age-standardized,543,Alzheimer's disease and other dementias,3,Rate,1995,74.56968151281,84.50143034412,65.29668703574
1,All Population,6,Incidence,200,Benin,3,Both,27,Age-standardized,543,Alzheimer's disease and other dementias,2,Percent,1993,0.0001375477480475,0.0001581336811472,0.0001194284000458
1,All Population,6,Incidence,200,Benin,3,Both,27,Age-standardized,543,Alzheimer's disease and other dementias,3,Rate,1993,75.51030743396001,85.42515287534,66.04862031174
1,All Population,6,Incidence,214,Nigeria,3,Both,27,Age-standardized,543,Alzheimer's disease and other dementias,2,Percent,1995,0.000124044967966,0.0001432453957948,0.0001054691665224
1,All Population,6,Incidence,214,Nigeria,3,Both,27,Age-standardized,543,Alzheimer's disease and other dementias,3,Rate,1995,70.92570711868,81.19723031673,61.20127058683
1,All Population,6,Incidence,213,Niger,3,Both,27,Age-standardized,543,Alzheimer's disease and other dementias,2,Percent,1994,0.0001274429381679,0.0001464620388974,0.000109838562558
1,All Population,6,Incidence,213,Niger,3,Both,27,Age-standardized,543,Alzheimer's disease and other dementias,3,Rate,1994,79.15169105901,90.36593922553,68.66843003936
1,All Population,6,Incidence,216,Senegal,3,Both,27,Age-standardized,543,Alzheimer's disease and other dementias,2,Percent,1992,0.0001380959283523,0.0001589864290018,0.0001183227865582
1,All Population,6,Incidence,216,Senegal,3,Both,27,Age-standardized,543,Alzheimer's disease and other dementias,3,Rate,1992,76.02173462405,87.25205761743,65.72715932314
1,All Population,6,Incidence,210,Liberia,3,Both,27,Age-standardized,543,Alzheimer's disease and other dementias,2,Percent,1995,0.0001294419314065,0.0001491895187134,0.0001099927069053
1,All Population,6,Incidence,210,Liberia,3,Both,27,Age-standardized,543,Alzheimer's disease and other dementias,3,Rate,1995,74.07218300655,84.75183602186,63.36997431750999
1,All Population,6,Incidence,205,Côte d'Ivoire,3,Both,27,Age-standardized,543,Alzheimer's disease and other dementias,2,Percent,1993,0.0001401927736102,0.0001622632169477,0.0001202753545191
1,All Population,6,Incidence,205,Côte d'Ivoire,3,Both,27,Age-standardized,543,Alzheimer's disease and other dementias,3,Rate,1993,74.11527046665,85.20928823582,63.51250260505
1,All Population,6,Incidence,213,Niger,3,Both,27,Age-standardized,543,Alzheimer's disease and other dementias,2,Percent,1992,0.0001281111715438,0.0001472679482811,0.0001101642758443
1,All Population,6,Incidence,213,Niger,3,Both,27,Age-standardized,543,Alzheimer's disease and other dementias,3,Rate,1992,79.59021947075,90.99269738597,68.51012164740999
1,All Population,6,Incidence,209,Guinea-Bissau,3,Both,27,Age-standardized,543,Alzheimer's disease and other dementias,2,Percent,1991,0.0001300043584373,0.000151458287331,0.0001105487438688
1,All Population,6,Incidence,209,Guinea-Bissau,3,Both,27,Age-standardized,543,Alzheimer's disease and other dementias,3,Rate,1991,73.8938143375,84.86429045515,63.476008522280004
1,All Population,6,Incidence,209,Guinea-Bissau,3,Both,27,Age-standardized,543,Alzheimer's disease and other dementias,2,Percent,1992,0.0001298896878294,0.0001512623942123,0.0001109570151516
1,All Population,6,Incidence,209,Guinea-Bissau,3,Both,27,Age-standardized,543,Alzheimer's disease and other dementias,3,Rate,1992,73.72017599941,84.56283980203,63.453613696640005
1,All Population,6,Incidence,211,Mali,3,Both,27,Age-standardized,543,Alzheimer's disease and other dementias,2,Percent,1993,0.000138585830168,0.0001604195952797,0.0001186589369131
1,All Population,6,Incidence,211,Mali,3,Both,27,Age-standardized,543,Alzheimer's disease and other dementias,3,Rate,1993,76.74771273438,88.14295588724,66.55893925583
1,All Population,6,Incidence,202,Cameroon,3,Both,27,Age-standardized,543,Alzheimer's disease and other dementias,2,Percent,1992,0.0001278506091921,0.0001470301483034,0.0001091643515944
1,All Population,6,Incidence,202,Cameroon,3,Both,27,Age-standardized,543,Alzheimer's disease and other dementias,3,Rate,1992,73.96236561268,84.90711174923,63.34507409415
1,All Population,6,Incidence,200,Benin,3,Both,27,Age-standardized,543,Alzheimer's disease and other dementias,2,Percent,1994,0.0001366167318305,0.0001568785682269,0.0001191710216053
1,All Population,6,Incidence,200,Benin,3,Both,27,Age-standardized,543,Alzheimer's disease and other dementias,3,Rate,1994,74.85021655304,84.38233220237,65.56416721545
1,All Population,6,Incidence,214,Nigeria,3,Both,27,Age-standardized,543,Alzheimer's disease and other dementias,2,Percent,1994,0.0001239237409,0.0001432408958793,0.0001054320122378
1,All Population,6,Incidence,214,Nigeria,3,Both,27,Age-standardized,543,Alzheimer's disease and other dementias,3,Rate,1994,71.19424255378999,81.47321928856,61.39346090422001
1,All Population,6,Incidence,208,Guinea,3,Both,27,Age-standardized,543,Alzheimer's disease and other dementias,2,Percent,1993,0.0001367207889547,0.0001602989434587,0.0001163997129831
1,All Population,6,Incidence,208,Guinea,3,Both,27,Age-standardized,543,Alzheimer's disease and other dementias,3,Rate,1993,76.5591231752,86.91651095403999,65.93861193801
1,All Population,6,Incidence,210,Liberia,3,Both,27,Age-standardized,543,Alzheimer's disease and other dementias,2,Percent,1994,0.0001284875300709,0.0001482997497763,0.0001092316302549
1,All Population,6,Incidence,210,Liberia,3,Both,27,Age-standardized,543,Alzheimer's disease and other dementias,3,Rate,1994,74.15821461521,84.900721015,63.6113790513
1,All Population,6,Incidence,202,Cameroon,3,Both,27,Age-standardized,543,Alzheimer's disease and other dementias,2,Percent,1990,0.0001285715510849,0.0001482720257559,0.0001097473972518
1,All Population,6,Incidence,202,Cameroon,3,Both,27,Age-standardized,543,Alzheimer's disease and other dementias,3,Rate,1990,74.29407853537,84.88016713321,63.80665065397
1,All Population,6,Incidence,201,Burkina Faso,3,Both,27,Age-standardized,543,Alzheimer's disease and other dementias,2,Percent,1995,0.0001302752599347,0.0001516523638494,0.0001123069195311
1,All Population,6,Incidence,201,Burkina Faso,3,Both,27,Age-standardized,543,Alzheimer's disease and other dementias,3,Rate,1995,79.20756299386001,91.21717547567,67.89070986188001
1,All Population,6,Incidence,215,Sao Tome and Principe,3,Both,27,Age-standardized,543,Alzheimer's disease and other dementias,2,Percent,1993,0.0001378433148216,0.0001605557604949,0.0001167865552825
1,All Population,6,Incidence,215,Sao Tome and Principe,3,Both,27,Age-standardized,543,Alzheimer's disease and other dementias,3,Rate,1993,73.9150091206,84.95932713631,63.34077541113
1,All Population,6,Incidence,216,Senegal,3,Both,27,Age-standardized,543,Alzheimer's disease and other dementias,2,Percent,1990,0.0001373077407378,0.0001589883793054,0.000117451440752
1,All Population,6,Incidence,216,Senegal,3,Both,27,Age-standardized,543,Alzheimer's disease and other dementias,3,Rate,1990,76.29620973357,87.53947610127,65.26448574732001
1,All Population,6,Incidence,215,Sao Tome and Principe,3,Both,27,Age-standardized,543,Alzheimer's disease and other dementias,2,Percent,1995,0.0001370589040502,0.0001600505620149,0.0001167801895766
1,All Population,6,Incidence,215,Sao Tome and Principe,3,Both,27,Age-standardized,543,Alzheimer's disease and other dementias,3,Rate,1995,73.55764534035,84.50765024958,62.590416030280004
1,All Population,6,Incidence,211,Mali,3,Both,27,Age-standardized,543,Alzheimer's disease and other dementias,2,Percent,1995,0.0001386515257344,0.000160642987053,0.0001188842072033
1,All Population,6,Incidence,211,Mali,3,Both,27,Age-standardized,543,Alzheimer's disease and other dementias,3,Rate,1995,76.41257291494,87.57159465209,65.56634925962
1,All Population,6,Incidence,203,Cabo Verde,3,Both,27,Age-standardized,543,Alzheimer's disease and other dementias,2,Percent,1995,0.0001553071565112,0.0001813910968067,0.0001323253616605
1,All Population,6,Incidence,203,Cabo Verde,3,Both,27,Age-standardized,543,Alzheimer's disease and other dementias,3,Rate,1995,75.94099819333,86.83671969422,65.09368170063
1,All Population,6,Incidence,206,Gambia,3,Both,27,Age-standardized,543,Alzheimer's disease and other dementias,2,Percent,1992,0.0001498646686181,0.0001734422104119,0.0001277181372454
1,All Population,6,Incidence,206,Gambia,3,Both,27,Age-standardized,543,Alzheimer's disease and other dementias,3,Rate,1992,76.51760288591,87.18043018528,65.95903117717
1,All Population,6,Incidence,204,Chad,3,Both,27,Age-standardized,543,Alzheimer's disease and other dementias,2,Percent,1997,0.0001281261896899,0.0001488526735481,0.0001092183413566
1,All Population,6,Incidence,204,Chad,3,Both,27,Age-standardized,543,Alzheimer's disease and other dementias,3,Rate,1997,77.13439588382,88.38747205888,66.4616059091
1,All Population,6,Incidence,218,Togo,3,Both,27,Age-standardized,543,Alzheimer's disease and other dementias,2,Percent,1995,0.0001270416665999,0.0001487370765537,0.0001086760009913
1,All Population,6,Incidence,218,Togo,3,Both,27,Age-standardized,543,Alzheimer's disease and other dementias,3,Rate,1995,75.6668462848,87.11078185547001,65.00253824007
1,All Population,6,Incidence,218,Togo,3,Both,27,Age-standardized,543,Alzheimer's disease and other dementias,2,Percent,1997,0.0001270169157715,0.0001475376009503,0.000108197008301
1,All Population,6,Incidence,218,Togo,3,Both,27,Age-standardized,543,Alzheimer's disease and other dementias,3,Rate,1997,75.34996267094,86.51166911124,65.11439674396
1,All Population,6,Incidence,203,Cabo Verde,3,Both,27,Age-standardized,543,Alzheimer's disease and other dementias,2,Percent,1994,0.0001548818012291,0.0001804373540755,0.0001323114168574
1,All Population,6,Incidence,203,Cabo Verde,3,Both,27,Age-standardized,543,Alzheimer's disease and other dementias,3,Rate,1994,76.09385308927,86.64470901069001,65.49701469568
1,All Population,6,Incidence,210,Liberia,3,Both,27,Age-standardized,543,Alzheimer's disease and other dementias,2,Percent,2000,0.0001335884039991,0.0001539972568781,0.0001145402009785
1,All Population,6,Incidence,210,Liberia,3,Both,27,Age-standardized,543,Alzheimer's disease and other dementias,3,Rate,2000,73.33189056284,83.70993052747001,62.9664762647
1,All Population,6,Incidence,218,Togo,3,Both,27,Age-standardized,543,Alzheimer's disease and other dementias,2,Percent,1994,0.0001268232929967,0.0001474027208715,0.0001083915033367
1,All Population,6,Incidence,218,Togo,3,Both,27,Age-standardized,543,Alzheimer's disease and other dementias,3,Rate,1994,75.80499359228,87.06184164791,65.05973816612
1,All Population,6,Incidence,217,Sierra Leone,3,Both,27,Age-standardized,543,Alzheimer's disease and other dementias,2,Percent,1992,0.0001347534488293,0.0001569766977637,0.0001147795025947
1,All Population,6,Incidence,217,Sierra Leone,3,Both,27,Age-standardized,543,Alzheimer's disease and other dementias,3,Rate,1992,77.07559203795,88.16528007635999,66.04931223758
1,All Population,6,Incidence,201,Burkina Faso,3,Both,27,Age-standardized,543,Alzheimer's disease and other dementias,2,Percent,1993,0.0001301606763901,0.0001506281158052,0.0001124411264957
1,All Population,6,Incidence,201,Burkina Faso,3,Both,27,Age-standardized,543,Alzheimer's disease and other dementias,3,Rate,1993,79.45810805664,91.00195556413,68.39919820137
1,All Population,6,Incidence,206,Gambia,3,Both,27,Age-standardized,543,Alzheimer's disease and other dementias,2,Percent,1993,0.0001498938314803,0.0001738276836968,0.0001278233753047
1,All Population,6,Incidence,206,Gambia,3,Both,27,Age-standardized,543,Alzheimer's disease and other dementias,3,Rate,1993,76.313133959,86.86955835685,65.82677765102001
1,All Population,6,Incidence,212,Mauritania,3,Both,27,Age-standardized,543,Alzheimer's disease and other dementias,2,Percent,1993,0.0001664297046936,0.0001932917183178,0.0001422135246676
1,All Population,6,Incidence,212,Mauritania,3,Both,27,Age-standardized,543,Alzheimer's disease and other dementias,3,Rate,1993,76.66564148006,88.24706890592999,65.83329187233
1,All Population,6,Incidence,211,Mali,3,Both,27,Age-standardized,543,Alzheimer's disease and other dementias,2,Percent,1994,0.000138167746091,0.0001600307843253,0.0001183852890664
1,All Population,6,Incidence,211,Mali,3,Both,27,Age-standardized,543,Alzheimer's disease and other dementias,3,Rate,1994,76.57126849516999,87.76806902138,66.00425081073
1,All Population,6,Incidence,210,Liberia,3,Both,27,Age-standardized,543,Alzheimer's disease and other dementias,2,Percent,1996,0.0001306599077432,0.0001504313204131,0.0001112767822698
1,All Population,6,Incidence,210,Liberia,3,Both,27,Age-standardized,543,Alzheimer's disease and other dementias,3,Rate,1996,73.97580361330999,84.64189453078,63.36865748234
1,All Population,6,Incidence,207,Ghana,3,Both,27,Age-standardized,543,Alzheimer's disease and other dementias,2,Percent,1994,0.0001467921433486,0.0001719033726073,0.0001256738805069
1,All Population,6,Incidence,207,Ghana,3,Both,27,Age-standardized,543,Alzheimer's disease and other dementias,3,Rate,1994,75.18175538185,86.15666750905,64.76173652074999
1,All Population,6,Incidence,212,Mauritania,3,Both,27,Age-standardized,543,Alzheimer's disease and other dementias,2,Percent,1995,0.0001636283699636,0.0001907812957161,0.0001398638936833
1,All Population,6,Incidence,212,Mauritania,3,Both,27,Age-standardized,543,Alzheimer's disease and other dementias,3,Rate,1995,76.21350808852,87.77124158589001,65.16724243727
1,All Population,6,Incidence,217,Sierra Leone,3,Both,27,Age-standardized,543,Alzheimer's disease and other dementias,2,Percent,1990,0.0001361790835498,0.0001587895862729,0.0001154501031948
1,All Population,6,Incidence,217,Sierra Leone,3,Both,27,Age-standardized,543,Alzheimer's disease and other dementias,3,Rate,1990,77.34501200269,88.91566063254001,65.99985249048001
1,All Population,6,Incidence,205,Côte d'Ivoire,3,Both,27,Age-standardized,543,Alzheimer's disease and other dementias,2,Percent,1997,0.0001418890390423,0.0001633287224793,0.0001213022164193
1,All Population,6,Incidence,205,Côte d'Ivoire,3,Both,27,Age-standardized,543,Alzheimer's disease and other dementias,3,Rate,1997,73.75214489540001,85.27359117352,63.090234345940004
1,All Population,6,Incidence,211,Mali,3,Both,27,Age-standardized,543,Alzheimer's disease and other dementias,2,Percent,2000,0.0001396309185765,0.0001614089298244,0.0001196125158884
1,All Population,6,Incidence,211,Mali,3,Both,27,Age-standardized,543,Alzheimer's disease and other dementias,3,Rate,2000,75.41561694091,86.43270089178999,64.85501599694001
1,All Population,6,Incidence,218,Togo,3,Both,27,Age-standardized,543,Alzheimer's disease and other dementias,2,Percent,1996,0.0001269502657862,0.0001478913320896,0.0001082101448116
1,All Population,6,Incidence,218,Togo,3,Both,27,Age-standardized,543,Alzheimer's disease and other dementias,3,Rate,1996,75.50515337978,86.7651835689,64.97334369538
1,All Population,6,Incidence,216,Senegal,3,Both,27,Age-standardized,543,Alzheimer's disease and other dementias,2,Percent,1996,0.0001388835969625,0.0001605709716326,0.0001191410226398
1,All Population,6,Incidence,216,Senegal,3,Both,27,Age-standardized,543,Alzheimer's disease and other dementias,3,Rate,1996,75.50730427623,86.62255738142001,64.87878472731
1,All Population,6,Incidence,207,Ghana,3,Both,27,Age-standardized,543,Alzheimer's disease and other dementias,2,Percent,1999,0.0001506292097958,0.0001747868809589,0.0001283073691698
1,All Population,6,Incidence,207,Ghana,3,Both,27,Age-standardized,543,Alzheimer's disease and other dementias,3,Rate,1999,75.28195984642001,86.83784710472,65.22185016797
1,All Population,6,Incidence,209,Guinea-Bissau,3,Both,27,Age-standardized,543,Alzheimer's disease and other dementias,2,Percent,1993,0.0001300351947819,0.0001510630235826,0.000111538105024
1,All Population,6,Incidence,209,Guinea-Bissau,3,Both,27,Age-standardized,543,Alzheimer's disease and other dementias,3,Rate,1993,73.55830580308,84.28908443842,63.437531169379994
1,All Population,6,Incidence,200,Benin,3,Both,27,Age-standardized,543,Alzheimer's disease and other dementias,2,Percent,1996,0.0001367580344713,0.0001570581230192,0.0001195269711578
1,All Population,6,Incidence,200,Benin,3,Both,27,Age-standardized,543,Alzheimer's disease and other dementias,3,Rate,1996,74.51082263802,84.05628199086999,65.3968236753
1,All Population,6,Incidence,213,Niger,3,Both,27,Age-standardized,543,Alzheimer's disease and other dementias,2,Percent,1993,0.000127771091615,0.0001468848176908,0.0001100316038572
1,All Population,6,Incidence,213,Niger,3,Both,27,Age-standardized,543,Alzheimer's disease and other dementias,3,Rate,1993,79.38091255822,90.66232895264,68.47702778529
1,All Population,6,Incidence,202,Cameroon,3,Both,27,Age-standardized,543,Alzheimer's disease and other dementias,2,Percent,1996,0.0001270881225167,0.0001472572020456,0.0001080436034181
1,All Population,6,Incidence,202,Cameroon,3,Both,27,Age-standardized,543,Alzheimer's disease and other dementias,3,Rate,1996,73.39860716665001,84.06137831835,62.83150400077
1,All Population,6,Incidence,204,Chad,3,Both,27,Age-standardized,543,Alzheimer's disease and other dementias,2,Percent,1995,0.0001284535071213,0.0001485373765325,0.0001093384502992
1,All Population,6,Incidence,204,Chad,3,Both,27,Age-standardized,543,Alzheimer's disease and other dementias,3,Rate,1995,77.68825247832,88.99895227434,66.53194656338
1,All Population,6,Incidence,211,Mali,3,Both,27,Age-standardized,543,Alzheimer's disease and other dementias,2,Percent,1996,0.0001389313413242,0.0001604962634933,0.0001191949799931
1,All Population,6,Incidence,211,Mali,3,Both,27,Age-standardized,543,Alzheimer's disease and other dementias,3,Rate,1996,76.2313630236,87.25905746225999,65.38841862787
1,All Population,6,Incidence,210,Liberia,3,Both,27,Age-standardized,543,Alzheimer's disease and other dementias,2,Percent,1999,0.0001333508484561,0.0001534317142991,0.0001145800276105
1,All Population,6,Incidence,210,Liberia,3,Both,27,Age-standardized,543,Alzheimer's disease and other dementias,3,Rate,1999,73.41225378957,83.94039851269001,62.96261920786
1,All Population,6,Incidence,204,Chad,3,Both,27,Age-standardized,543,Alzheimer's disease and other dementias,2,Percent,1994,0.0001283048256983,0.0001481903073424,0.000109292169963
1,All Population,6,Incidence,204,Chad,3,Both,27,Age-standardized,543,Alzheimer's disease and other dementias,3,Rate,1994,77.91507473972,89.29901755946,66.9169015064
1,All Population,6,Incidence,211,Mali,3,Both,27,Age-standardized,543,Alzheimer's disease and other dementias,2,Percent,1997,0.0001369528213777,0.0001571988133975,0.0001176948206562
1,All Population,6,Incidence,211,Mali,3,Both,27,Age-standardized,543,Alzheimer's disease and other dementias,3,Rate,1997,76.00505426595,86.86827697321,65.27992411627
1,All Population,6,Incidence,213,Niger,3,Both,27,Age-standardized,543,Alzheimer's disease and other dementias,2,Percent,1995,0.0001272505144265,0.0001462086909462,0.0001099014440144
1,All Population,6,Incidence,213,Niger,3,Both,27,Age-standardized,543,Alzheimer's disease and other dementias,3,Rate,1995,78.94590002843,90.23060309183,68.37353466848
1,All Population,6,Incidence,212,Mauritania,3,Both,27,Age-standardized,543,Alzheimer's disease and other dementias,2,Percent,2000,0.0001626634851912,0.0001854242954015,0.0001392888931817
1,All Population,6,Incidence,212,Mauritania,3,Both,27,Age-standardized,543,Alzheimer's disease and other dementias,3,Rate,2000,74.83313702721,84.97249401844,64.31461903902
1,All Population,6,Incidence,207,Ghana,3,Both,27,Age-standardized,543,Alzheimer's disease and other dementias,2,Percent,1995,0.0001473392689053,0.0001721298554488,0.0001256033751871
1,All Population,6,Incidence,207,Ghana,3,Both,27,Age-standardized,543,Alzheimer's disease and other dementias,3,Rate,1995,75.12703529359,86.26964269061,64.63394926470001
1,All Population,6,Incidence,215,Sao Tome and Principe,3,Both,27,Age-standardized,543,Alzheimer's disease and other dementias,2,Percent,1994,0.0001379580741439,0.0001595600764818,0.0001178352567345
1,All Population,6,Incidence,215,Sao Tome and Principe,3,Both,27,Age-standardized,543,Alzheimer's disease and other dementias,3,Rate,1994,73.71498822844,84.77203746535,62.98186542498
1,All Population,6,Incidence,202,Cameroon,3,Both,27,Age-standardized,543,Alzheimer's disease and other dementias,2,Percent,1995,0.0001272176084511,0.0001473923843541,0.0001079986154224
1,All Population,6,Incidence,202,Cameroon,3,Both,27,Age-standardized,543,Alzheimer's disease and other dementias,3,Rate,1995,73.54176541041001,84.75606737887,62.92132927279
1,All Population,6,Incidence,206,Gambia,3,Both,27,Age-standardized,543,Alzheimer's disease and other dementias,2,Percent,1997,0.000150894550769,0.0001739165372552,0.0001286837061036
1,All Population,6,Incidence,206,Gambia,3,Both,27,Age-standardized,543,Alzheimer's disease and other dementias,3,Rate,1997,75.42696935657,86.12401987956,64.86758435401
1,All Population,6,Incidence,203,Cabo Verde,3,Both,27,Age-standardized,543,Alzheimer's disease and other dementias,2,Percent,1996,0.0001557296659842,0.0001815514274043,0.0001329606454655
1,All Population,6,Incidence,203,Cabo Verde,3,Both,27,Age-standardized,543,Alzheimer's disease and other dementias,3,Rate,1996,75.80595269056,86.45760006732,65.17076794233999
1,All Population,6,Incidence,212,Mauritania,3,Both,27,Age-standardized,543,Alzheimer's disease and other dementias,2,Percent,1996,0.0001640670844625,0.0001901913630579,0.000139937172466
1,All Population,6,Incidence,212,Mauritania,3,Both,27,Age-standardized,543,Alzheimer's disease and other dementias,3,Rate,1996,75.95303597306,87.21770834684,64.96043595469
1,All Population,6,Incidence,213,Niger,3,Both,27,Age-standardized,543,Alzheimer's disease and other dementias,2,Percent,2002,0.0001276218543714,0.0001464127466355,0.0001099464879846
1,All Population,6,Incidence,213,Niger,3,Both,27,Age-standardized,543,Alzheimer's disease and other dementias,3,Rate,2002,77.46612327717,88.81139030307,66.78698722344001
1,All Population,6,Incidence,201,Burkina Faso,3,Both,27,Age-standardized,543,Alzheimer's disease and other dementias,2,Percent,1994,0.000130167564518,0.0001509733682229,0.0001124235993349
1,All Population,6,Incidence,201,Burkina Faso,3,Both,27,Age-standardized,543,Alzheimer's disease and other dementias,3,Rate,1994,79.32867834026999,91.15941580906001,68.14948037258
1,All Population,6,Incidence,216,Senegal,3,Both,27,Age-standardized,543,Alzheimer's disease and other dementias,2,Percent,1995,0.0001386226341514,0.000159333912313,0.0001186648209978
1,All Population,6,Incidence,216,Senegal,3,Both,27,Age-standardized,543,Alzheimer's disease and other dementias,3,Rate,1995,75.64799056771001,86.7022212389,65.11764466484
1,All Population,6,Incidence,203,Cabo Verde,3,Both,27,Age-standardized,543,Alzheimer's disease and other dementias,2,Percent,1998,0.0001565513044205,0.0001821852509895,0.0001341906356253
1,All Population,6,Incidence,203,Cabo Verde,3,Both,27,Age-standardized,543,Alzheimer's disease and other dementias,3,Rate,1998,75.53583661363,86.48391788468,65.06813130572999
1,All Population,6,Incidence,217,Sierra Leone,3,Both,27,Age-standardized,543,Alzheimer's disease and other dementias,2,Percent,1996,0.0001339012939183,0.0001556011344894,0.0001144529407303
1,All Population,6,Incidence,217,Sierra Leone,3,Both,27,Age-standardized,543,Alzheimer's disease and other dementias,3,Rate,1996,76.89871008582999,87.52593838842,66.41545665004999
1,All Population,6,Incidence,206,Gambia,3,Both,27,Age-standardized,543,Alzheimer's disease and other dementias,2,Percent,1998,0.0001520509596397,0.0001746169561817,0.0001300744391017
1,All Population,6,Incidence,206,Gambia,3,Both,27,Age-standardized,543,Alzheimer's disease and other dementias,3,Rate,1998,75.13309956202,86.0263322407,64.63546355334
1,All Population,6,Incidence,210,Liberia,3,Both,27,Age-standardized,543,Alzheimer's disease and other dementias,2,Percent,1998,0.0001331080071211,0.0001528796883192,0.000114431251447
1,All Population,6,Incidence,210,Liberia,3,Both,27,Age-standardized,543,Alzheimer's disease and other dementias,3,Rate,1998,73.61598601305,84.19005013594999,63.162747012859995
1,All Population,6,Incidence,211,Mali,3,Both,27,Age-standardized,543,Alzheimer's disease and other dementias,2,Percent,1999,0.0001388061803631,0.0001599080503206,0.0001191799296222
1,All Population,6,Incidence,211,Mali,3,Both,27,Age-standardized,543,Alzheimer's disease and other dementias,3,Rate,1999,75.56295173242,86.45996956233,64.99081875249
1,All Population,6,Incidence,207,Ghana,3,Both,27,Age-standardized,543,Alzheimer's disease and other dementias,2,Percent,1996,0.0001480375676404,0.0001716493454411,0.0001268486028518
1,All Population,6,Incidence,207,Ghana,3,Both,27,Age-standardized,543,Alzheimer's disease and other dementias,3,Rate,1996,75.13210736687,86.54442948643,64.79047545152001
1,All Population,6,Incidence,200,Benin,3,Both,27,Age-standardized,543,Alzheimer's disease and other dementias,2,Percent,2002,0.0001403030673678,0.0001614982254925,0.0001226755446004
1,All Population,6,Incidence,200,Benin,3,Both,27,Age-standardized,543,Alzheimer's disease and other dementias,3,Rate,2002,74.30363037086,83.7545421202,65.41008940851
1,All Population,6,Incidence,208,Guinea,3,Both,27,Age-standardized,543,Alzheimer's disease and other dementias,2,Percent,1994,0.0001368208819639,0.0001601891163468,0.0001161668320416
1,All Population,6,Incidence,208,Guinea,3,Both,27,Age-standardized,543,Alzheimer's disease and other dementias,3,Rate,1994,76.44973576416,87.01084310797,65.56514751686001
1,All Population,6,Incidence,209,Guinea-Bissau,3,Both,27,Age-standardized,543,Alzheimer's disease and other dementias,2,Percent,2000,0.0001317885910763,0.0001530390966878,0.0001127842738949
1,All Population,6,Incidence,209,Guinea-Bissau,3,Both,27,Age-standardized,543,Alzheimer's disease and other dementias,3,Rate,2000,72.68087924974,83.80028055437,62.63365754397
1,All Population,6,Incidence,210,Liberia,3,Both,27,Age-standardized,543,Alzheimer's disease and other dementias,2,Percent,1997,0.0001327809054006,0.0001530541370262,0.0001135533934843
1,All Population,6,Incidence,210,Liberia,3,Both,27,Age-standardized,543,Alzheimer's disease and other dementias,3,Rate,1997,73.84242862417001,84.60589329295,63.32573039166
1,All Population,6,Incidence,213,Niger,3,Both,27,Age-standardized,543,Alzheimer's disease and other dementias,2,Percent,2000,0.0001273749240252,0.0001454165936059,0.0001096905630837
1,All Population,6,Incidence,213,Niger,3,Both,27,Age-standardized,543,Alzheimer's disease and other dementias,3,Rate,2000,77.83275333891,88.92519647132,66.70573734394
1,All Population,6,Incidence,205,Côte d'Ivoire,3,Both,27,Age-standardized,543,Alzheimer's disease and other dementias,2,Percent,1995,0.0001409211520153,0.0001629878987203,0.0001201578707694
1,All Population,6,Incidence,205,Côte d'Ivoire,3,Both,27,Age-standardized,543,Alzheimer's disease and other dementias,3,Rate,1995,73.94586124836,85.40357645145001,63.16353548877
1,All Population,6,Incidence,201,Burkina Faso,3,Both,27,Age-standardized,543,Alzheimer's disease and other dementias,2,Percent,1996,0.0001301879914524,0.0001509753917157,0.0001125367460737
1,All Population,6,Incidence,201,Burkina Faso,3,Both,27,Age-standardized,543,Alzheimer's disease and other dementias,3,Rate,1996,79.00106740953001,90.67496408421,67.98581229167999
1,All Population,6,Incidence,202,Cameroon,3,Both,27,Age-standardized,543,Alzheimer's disease and other dementias,2,Percent,1993,0.00012764541177,0.0001465116283459,0.0001087910063544
1,All Population,6,Incidence,202,Cameroon,3,Both,27,Age-standardized,543,Alzheimer's disease and other dementias,3,Rate,1993,73.80625600294,84.81025971262001,63.18523342700001
1,All Population,6,Incidence,212,Mauritania,3,Both,27,Age-standardized,543,Alzheimer's disease and other dementias,2,Percent,1997,0.0001635172489466,0.0001880378086898,0.0001396514395935
1,All Population,6,Incidence,212,Mauritania,3,Both,27,Age-standardized,543,Alzheimer's disease and other dementias,3,Rate,1997,75.63495593505,86.51402500266,64.71332851749
1,All Population,6,Incidence,205,Côte d'Ivoire,3,Both,27,Age-standardized,543,Alzheimer's disease and other dementias,2,Percent,1994,0.0001405676058412,0.0001627980297999,0.0001203372077571
1,All Population,6,Incidence,205,Côte d'Ivoire,3,Both,27,Age-standardized,543,Alzheimer's disease and other dementias,3,Rate,1994,74.02165219526,85.46370013231001,63.27295196603
1,All Population,6,Incidence,214,Nigeria,3,Both,27,Age-standardized,543,Alzheimer's disease and other dementias,2,Percent,1997,0.0001235592810253,0.0001424529465452,0.0001049582965308
1,All Population,6,Incidence,214,Nigeria,3,Both,27,Age-standardized,543,Alzheimer's disease and other dementias,3,Rate,1997,69.89532858918,80.08719747861001,60.33154442547
1,All Population,6,Incidence,208,Guinea,3,Both,27,Age-standardized,543,Alzheimer's disease and other dementias,2,Percent,1999,0.0001383557710285,0.0001614461424388,0.000118196358734
1,All Population,6,Incidence,208,Guinea,3,Both,27,Age-standardized,543,Alzheimer's disease and other dementias,3,Rate,1999,75.69500515200001,86.44474187704,65.3750455872
1,All Population,6,Incidence,213,Niger,3,Both,27,Age-standardized,543,Alzheimer's disease and other dementias,2,Percent,1996,0.0001271904262185,0.0001458608543197,0.0001100177247238
1,All Population,6,Incidence,213,Niger,3,Both,27,Age-standardized,543,Alzheimer's disease and other dementias,3,Rate,1996,78.71574813168,89.86249051896,68.22938622245
1,All Population,6,Incidence,208,Guinea,3,Both,27,Age-standardized,543,Alzheimer's disease and other dementias,2,Percent,1995,0.0001371996855394,0.0001609357726978,0.0001161004688249
1,All Population,6,Incidence,208,Guinea,3,Both,27,Age-standardized,543,Alzheimer's disease and other dementias,3,Rate,1995,76.35623511224,87.45190961441999,65.10280566960999
1,All Population,6,Incidence,214,Nigeria,3,Both,27,Age-standardized,543,Alzheimer's disease and other dementias,2,Percent,1996,0.0001238319321105,0.0001428033554817,0.0001052790302482
1,All Population,6,Incidence,214,Nigeria,3,Both,27,Age-standardized,543,Alzheimer's disease and other dementias,3,Rate,1996,70.51578932183,80.75373014614,60.85749985323999
1,All Population,6,Incidence,216,Senegal,3,Both,27,Age-standardized,543,Alzheimer's disease and other dementias,2,Percent,1994,0.0001389527587527,0.0001598008033351,0.0001185702768746
1,All Population,6,Incidence,216,Senegal,3,Both,27,Age-standardized,543,Alzheimer's disease and other dementias,3,Rate,1994,75.76760265448,86.73698039963,65.16473824391001
1,All Population,6,Incidence,203,Cabo Verde,3,Both,27,Age-standardized,543,Alzheimer's disease and other dementias,2,Percent,2001,0.0001601636899505,0.0001855053348913,0.0001372162108697
1,All Population,6,Incidence,203,Cabo Verde,3,Both,27,Age-standardized,543,Alzheimer's disease and other dementias,3,Rate,2001,75.23202127187,86.36597872897,64.74435045531
1,All Population,6,Incidence,204,Chad,3,Both,27,Age-standardized,543,Alzheimer's disease and other dementias,2,Percent,1996,0.0001283596434742,0.0001488279248105,0.0001093432552845
1,All Population,6,Incidence,204,Chad,3,Both,27,Age-standardized,543,Alzheimer's disease and other dementias,3,Rate,1996,77.43516635919,88.73119018339999,66.59905483646
1,All Population,6,Incidence,211,Mali,3,Both,27,Age-standardized,543,Alzheimer's disease and other dementias,2,Percent,1998,0.0001358309848831,0.0001559144652817,0.0001167224289904
1,All Population,6,Incidence,211,Mali,3,Both,27,Age-standardized,543,Alzheimer's disease and other dementias,3,Rate,1998,75.76804501452,86.6266776003,65.15084820236001
1,All Population,6,Incidence,212,Mauritania,3,Both,27,Age-standardized,543,Alzheimer's disease and other dementias,2,Percent,1999,0.0001627090622196,0.0001862753003464,0.0001391164923571
1,All Population,6,Incidence,212,Mauritania,3,Both,27,Age-standardized,543,Alzheimer's disease and other dementias,3,Rate,1999,75.04505303474,85.46020626725999,64.37622089170999
1,All Population,6,Incidence,202,Cameroon,3,Both,27,Age-standardized,543,Alzheimer's disease and other dementias,2,Percent,1994,0.0001272992497138,0.0001465403528731,0.0001082234475105
1,All Population,6,Incidence,202,Cameroon,3,Both,27,Age-standardized,543,Alzheimer's disease and other dementias,3,Rate,1994,73.66289488805,84.60713263135,63.03873144531
1,All Population,6,Incidence,213,Niger,3,Both,27,Age-standardized,543,Alzheimer's disease and other dementias,2,Percent,1997,0.0001270048914094,0.0001450983490956,0.0001093521654207
1,All Population,6,Incidence,213,Niger,3,Both,27,Age-standardized,543,Alzheimer's disease and other dementias,3,Rate,1997,78.45060807978,89.56311947055,68.00777430705
1,All Population,6,Incidence,217,Sierra Leone,3,Both,27,Age-standardized,543,Alzheimer's disease and other dementias,2,Percent,1995,0.0001320279313331,0.0001538452191445,0.0001128149900827
1,All Population,6,Incidence,217,Sierra Leone,3,Both,27,Age-standardized,543,Alzheimer's disease and other dementias,3,Rate,1995,76.92627872503,87.85456089302,66.45749859938
1,All Population,6,Incidence,208,Guinea,3,Both,27,Age-standardized,543,Alzheimer's disease and other dementias,2,Percent,1996,0.0001373623697718,0.0001605833002774,0.0001161575890112
1,All Population,6,Incidence,208,Guinea,3,Both,27,Age-standardized,543,Alzheimer's disease and other dementias,3,Rate,1996,76.23677238486,87.12838416677,65.3368808669
1,All Population,6,Incidence,204,Chad,3,Both,27,Age-standardized,543,Alzheimer's disease and other dementias,2,Percent,1998,0.0001279449842255,0.0001485821703663,0.0001091646273761
1,All Population,6,Incidence,204,Chad,3,Both,27,Age-standardized,543,Alzheimer's disease and other dementias,3,Rate,1998,76.82092278219,87.71349696528999,65.97078254842
1,All Population,6,Incidence,209,Guinea-Bissau,3,Both,27,Age-standardized,543,Alzheimer's disease and other dementias,2,Percent,1994,0.0001301435888047,0.0001514484002547,0.0001114605083587
1,All Population,6,Incidence,209,Guinea-Bissau,3,Both,27,Age-standardized,543,Alzheimer's disease and other dementias,3,Rate,1994,73.4134947818,84.05262339932,63.32479415344
1,All Population,6,Incidence,209,Guinea-Bissau,3,Both,27,Age-standardized,543,Alzheimer's disease and other dementias,2,Percent,1999,0.0001304572878434,0.0001509727057167,0.0001116723078356
1,All Population,6,Incidence,209,Guinea-Bissau,3,Both,27,Age-standardized,543,Alzheimer's disease and other dementias,3,Rate,1999,72.74402478431,83.76575495715,62.47376530532001
1,All Population,6,Incidence,214,Nigeria,3,Both,27,Age-standardized,543,Alzheimer's disease and other dementias,2,Percent,1999,0.0001230056649976,0.0001417416359769,0.0001044082426191
1,All Population,6,Incidence,214,Nigeria,3,Both,27,Age-standardized,543,Alzheimer's disease and other dementias,3,Rate,1999,68.5739783425,78.66824582878,59.20184593062999
1,All Population,6,Incidence,200,Benin,3,Both,27,Age-standardized,543,Alzheimer's disease and other dementias,2,Percent,1998,0.0001379590658033,0.0001577447288773,0.0001208267461017
1,All Population,6,Incidence,200,Benin,3,Both,27,Age-standardized,543,Alzheimer's disease and other dementias,3,Rate,1998,74.47690925685,83.84618891575,65.64190374869
1,All Population,6,Incidence,205,Côte d'Ivoire,3,Both,27,Age-standardized,543,Alzheimer's disease and other dementias,2,Percent,2001,0.0001434797098998,0.0001644785290537,0.000122983670907
1,All Population,6,Incidence,205,Côte d'Ivoire,3,Both,27,Age-standardized,543,Alzheimer's disease and other dementias,3,Rate,2001,73.31541081176,84.59424594387,63.278081645709996
1,All Population,6,Incidence,208,Guinea,3,Both,27,Age-standardized,543,Alzheimer's disease and other dementias,2,Percent,2003,0.0001402900636101,0.0001624852875901,0.000120402450704
1,All Population,6,Incidence,208,Guinea,3,Both,27,Age-standardized,543,Alzheimer's disease and other dementias,3,Rate,2003,75.02734593001,85.81902658773,64.78496892571
1,All Population,6,Incidence,212,Mauritania,3,Both,27,Age-standardized,543,Alzheimer's disease and other dementias,2,Percent,2005,0.0001634124564143,0.0001869925856618,0.0001402014860021
1,All Population,6,Incidence,212,Mauritania,3,Both,27,Age-standardized,543,Alzheimer's disease and other dementias,3,Rate,2005,74.05761263168,84.00355571032,63.89646099649
1,All Population,6,Incidence,201,Burkina Faso,3,Both,27,Age-standardized,543,Alzheimer's disease and other dementias,2,Percent,2002,0.0001326917416395,0.000152536240481,0.0001145072672991
1,All Population,6,Incidence,201,Burkina Faso,3,Both,27,Age-standardized,543,Alzheimer's disease and other dementias,3,Rate,2002,77.77073065997,88.60361654124,67.28747814527
1,All Population,6,Incidence,214,Nigeria,3,Both,27,Age-standardized,543,Alzheimer's disease and other dementias,2,Percent,1998,0.0001232962961515,0.000142154784625,0.0001046130643575
1,All Population,6,Incidence,214,Nigeria,3,Both,27,Age-standardized,543,Alzheimer's disease and other dementias,3,Rate,1998,69.20451382431999,79.3436894845,59.741998107090005
1,All Population,6,Incidence,206,Gambia,3,Both,27,Age-standardized,543,Alzheimer's disease and other dementias,2,Percent,1994,0.0001495058966652,0.000172394960838,0.0001279586475751
1,All Population,6,Incidence,206,Gambia,3,Both,27,Age-standardized,543,Alzheimer's disease and other dementias,3,Rate,1994,76.11200566184,86.57257952161,65.55689428199
1,All Population,6,Incidence,209,Guinea-Bissau,3,Both,27,Age-standardized,543,Alzheimer's disease and other dementias,2,Percent,1995,0.0001302763998937,0.0001518491184738,0.0001110186446148
1,All Population,6,Incidence,209,Guinea-Bissau,3,Both,27,Age-standardized,543,Alzheimer's disease and other dementias,3,Rate,1995,73.29390087272999,83.86902197804001,62.81852316558
1,All Population,6,Incidence,207,Ghana,3,Both,27,Age-standardized,543,Alzheimer's disease and other dementias,2,Percent,1997,0.0001488076027176,0.0001718959547274,0.0001271798244694
1,All Population,6,Incidence,207,Ghana,3,Both,27,Age-standardized,543,Alzheimer's disease and other dementias,3,Rate,1997,75.17623855737,86.54998777523001,64.72960617389
1,All Population,6,Incidence,215,Sao Tome and Principe,3,Both,27,Age-standardized,543,Alzheimer's disease and other dementias,2,Percent,1997,0.0001394826333781,0.0001617596040028,0.0001181057602498
1,All Population,6,Incidence,215,Sao Tome and Principe,3,Both,27,Age-standardized,543,Alzheimer's disease and other dementias,3,Rate,1997,73.29370977951,84.43416531222,62.781884143819994
1,All Population,6,Incidence,206,Gambia,3,Both,27,Age-standardized,543,Alzheimer's disease and other dementias,2,Percent,1995,0.0001516912281295,0.0001751519829491,0.0001296660577501
1,All Population,6,Incidence,206,Gambia,3,Both,27,Age-standardized,543,Alzheimer's disease and other dementias,3,Rate,1995,75.92562441525,86.50677245634999,65.43887081518
1,All Population,6,Incidence,210,Liberia,3,Both,27,Age-standardized,543,Alzheimer's disease and other dementias,2,Percent,2005,0.0001347760658886,0.0001567677027102,0.0001165209748955
1,All Population,6,Incidence,210,Liberia,3,Both,27,Age-standardized,543,Alzheimer's disease and other dementias,3,Rate,2005,72.79695383423,83.27257766616,63.12050606436
1,All Population,6,Incidence,210,Liberia,3,Both,27,Age-standardized,543,Alzheimer's disease and other dementias,2,Percent,2006,0.0001357854689967,0.0001574030924787,0.0001172216380559
1,All Population,6,Incidence,210,Liberia,3,Both,27,Age-standardized,543,Alzheimer's disease and other dementias,3,Rate,2006,72.73920227443,83.30794372236001,62.7750211907
1,All Population,6,Incidence,217,Sierra Leone,3,Both,27,Age-standardized,543,Alzheimer's disease and other dementias,2,Percent,1994,0.0001329873761863,0.0001550099280914,0.0001136755667208
1,All Population,6,Incidence,217,Sierra Leone,3,Both,27,Age-standardized,543,Alzheimer's disease and other dementias,3,Rate,1994,77.05930876928001,87.78507835022,66.37304247557
1,All Population,6,Incidence,212,Mauritania,3,Both,27,Age-standardized,543,Alzheimer's disease and other dementias,2,Percent,1998,0.0001637307914272,0.000187823619396,0.0001398945764706
1,All Population,6,Incidence,212,Mauritania,3,Both,27,Age-standardized,543,Alzheimer's disease and other dementias,3,Rate,1998,75.31766548309001,85.82523655749999,64.42965098805
1,All Population,6,Incidence,205,Côte d'Ivoire,3,Both,27,Age-standardized,543,Alzheimer's disease and other dementias,2,Percent,1998,0.000142480843583,0.000163628211348,0.0001221276824318
1,All Population,6,Incidence,205,Côte d'Ivoire,3,Both,27,Age-standardized,543,Alzheimer's disease and other dementias,3,Rate,1998,73.62743408046,85.03012231187,63.08143957148
1,All Population,6,Incidence,204,Chad,3,Both,27,Age-standardized,543,Alzheimer's disease and other dementias,2,Percent,2001,0.0001279062191588,0.0001475784264679,0.0001090549114114
1,All Population,6,Incidence,204,Chad,3,Both,27,Age-standardized,543,Alzheimer's disease and other dementias,3,Rate,2001,76.1262779712,87.68350092447,64.99642844546
1,All Population,6,Incidence,203,Cabo Verde,3,Both,27,Age-standardized,543,Alzheimer's disease and other dementias,2,Percent,2008,0.0001811091083893,0.0002073969159539,0.000154572097439
1,All Population,6,Incidence,203,Cabo Verde,3,Both,27,Age-standardized,543,Alzheimer's disease and other dementias,3,Rate,2008,74.53924409391,85.52338036865,64.69392406899999
1,All Population,6,Incidence,209,Guinea-Bissau,3,Both,27,Age-standardized,543,Alzheimer's disease and other dementias,2,Percent,1996,0.0001304089454435,0.0001515564284408,0.0001113680134008
1,All Population,6,Incidence,209,Guinea-Bissau,3,Both,27,Age-standardized,543,Alzheimer's disease and other dementias,3,Rate,1996,73.16515587502,83.81346473906001,62.63517834642
1,All Population,6,Incidence,213,Niger,3,Both,27,Age-standardized,543,Alzheimer's disease and other dementias,2,Percent,1999,0.0001269393842271,0.0001444546660123,0.0001090888519355
1,All Population,6,Incidence,213,Niger,3,Both,27,Age-standardized,543,Alzheimer's disease and other dementias,3,Rate,1999,78.01263641161,89.05780054739,67.07337442821999
1,All Population,6,Incidence,211,Mali,3,Both,27,Age-standardized,543,Alzheimer's disease and other dementias,2,Percent,2008,0.0001516330987381,0.0001753775743357,0.000130081782161
1,All Population,6,Incidence,211,Mali,3,Both,27,Age-standardized,543,Alzheimer's disease and other dementias,3,Rate,2008,74.53376706374,85.41062401487,64.46294391138
1,All Population,6,Incidence,207,Ghana,3,Both,27,Age-standardized,543,Alzheimer's disease and other dementias,2,Percent,2009,0.0001611754479302,0.000185288472511,0.0001383617769791
1,All Population,6,Incidence,207,Ghana,3,Both,27,Age-standardized,543,Alzheimer's disease and other dementias,3,Rate,2009,74.57906309913,85.69302566262,64.19425737159
1,All Population,6,Incidence,205,Côte d'Ivoire,3,Both,27,Age-standardized,543,Alzheimer's disease and other dementias,2,Percent,1996,0.0001413463658065,0.0001629987107869,0.0001208590624624
1,All Population,6,Incidence,205,Côte d'Ivoire,3,Both,27,Age-standardized,543,Alzheimer's disease and other dementias,3,Rate,1996,73.86459286284,85.37709437999,63.14819209127
1,All Population,6,Incidence,201,Burkina Faso,3,Both,27,Age-standardized,543,Alzheimer's disease and other dementias,2,Percent,1998,0.000130065390632,0.0001497004279551,0.0001125812692169
1,All Population,6,Incidence,201,Burkina Faso,3,Both,27,Age-standardized,543,Alzheimer's disease and other dementias,3,Rate,1998,78.61713914978,89.65809731849,67.67296302871
1,All Population,6,Incidence,200,Benin,3,Both,27,Age-standardized,543,Alzheimer's disease and other dementias,2,Percent,1997,0.0001373037623132,0.0001567264909672,0.0001199416712228
1,All Population,6,Incidence,200,Benin,3,Both,27,Age-standardized,543,Alzheimer's disease and other dementias,3,Rate,1997,74.49002589873,84.04704191381,65.54557135512
1,All Population,6,Incidence,213,Niger,3,Both,27,Age-standardized,543,Alzheimer's disease and other dementias,2,Percent,2005,0.0001277998426995,0.0001481810714273,0.0001093696295377
1,All Population,6,Incidence,213,Niger,3,Both,27,Age-standardized,543,Alzheimer's disease and other dementias,3,Rate,2005,76.97473853745,87.91595076576,66.61509996803001
1,All Population,6,Incidence,207,Ghana,3,Both,27,Age-standardized,543,Alzheimer's disease and other dementias,2,Percent,1998,0.0001496363994276,0.0001732968474067,0.0001274939431575
1,All Population,6,Incidence,207,Ghana,3,Both,27,Age-standardized,543,Alzheimer's disease and other dementias,3,Rate,1998,75.23468043666999,86.64651983954,64.91393174324999
1,All Population,6,Incidence,218,Togo,3,Both,27,Age-standardized,543,Alzheimer's disease and other dementias,2,Percent,1998,0.0001270925057947,0.0001471869544385,0.0001086598404968
1,All Population,6,Incidence,218,Togo,3,Both,27,Age-standardized,543,Alzheimer's disease and other dementias,3,Rate,1998,75.18746070885001,86.12454399636,64.89247075929
1,All Population,6,Incidence,213,Niger,3,Both,27,Age-standardized,543,Alzheimer's disease and other dementias,2,Percent,1998,0.0001269114216259,0.0001445660538965,0.0001088955604542
1,All Population,6,Incidence,213,Niger,3,Both,27,Age-standardized,543,Alzheimer's disease and other dementias,3,Rate,1998,78.24583130211,89.28209963738999,67.64367947896
1,All Population,6,Incidence,208,Guinea,3,Both,27,Age-standardized,543,Alzheimer's disease and other dementias,2,Percent,1997,0.0001378200107003,0.0001601458244071,0.0001165770046676
1,All Population,6,Incidence,208,Guinea,3,Both,27,Age-standardized,543,Alzheimer's disease and other dementias,3,Rate,1997,76.06565459622,86.71918814357001,65.41042522577
1,All Population,6,Incidence,207,Ghana,3,Both,27,Age-standardized,543,Alzheimer's disease and other dementias,2,Percent,2008,0.0001605122951688,0.0001848062674583,0.0001379628406967
1,All Population,6,Incidence,207,Ghana,3,Both,27,Age-standardized,543,Alzheimer's disease and other dementias,3,Rate,2008,74.67251442933001,86.14633975971,64.16947780113
1,All Population,6,Incidence,210,Liberia,3,Both,27,Age-standardized,543,Alzheimer's disease and other dementias,2,Percent,2001,0.0001332703352049,0.0001534421465771,0.0001143157703168
1,All Population,6,Incidence,210,Liberia,3,Both,27,Age-standardized,543,Alzheimer's disease and other dementias,3,Rate,2001,73.27019018062,83.79014685355,62.96833737422
1,All Population,6,Incidence,203,Cabo Verde,3,Both,27,Age-standardized,543,Alzheimer's disease and other dementias,2,Percent,1999,0.0001570806026676,0.00018205437129,0.0001343457871954
1,All Population,6,Incidence,203,Cabo Verde,3,Both,27,Age-standardized,543,Alzheimer's disease and other dementias,3,Rate,1999,75.42015481263999,86.66304789965,64.85645717521
1,All Population,6,Incidence,218,Togo,3,Both,27,Age-standardized,543,Alzheimer's disease and other dementias,2,Percent,2007,0.0001281360987474,0.0001478135632812,0.0001096529113514
1,All Population,6,Incidence,218,Togo,3,Both,27,Age-standardized,543,Alzheimer's disease and other dementias,3,Rate,2007,74.12591682202,84.80639940827,63.70697411217
1,All Population,6,Incidence,211,Mali,3,Both,27,Age-standardized,543,Alzheimer's disease and other dementias,2,Percent,2005,0.0001466455104756,0.0001683530361571,0.000124455480759
1,All Population,6,Incidence,211,Mali,3,Both,27,Age-standardized,543,Alzheimer's disease and other dementias,3,Rate,2005,74.81341091978,85.26462910986,64.36423585184001
1,All Population,6,Incidence,211,Mali,3,Both,27,Age-standardized,543,Alzheimer's disease and other dementias,2,Percent,2006,0.0001481137669329,0.0001704131098072,0.0001264655090481
1,All Population,6,Incidence,211,Mali,3,Both,27,Age-standardized,543,Alzheimer's disease and other dementias,3,Rate,2006,74.7387196787,85.11614439529,64.45375274778
1,All Population,6,Incidence,215,Sao Tome and Principe,3,Both,27,Age-standardized,543,Alzheimer's disease and other dementias,2,Percent,1998,0.0001412532909269,0.0001641954053957,0.0001193960930441
1,All Population,6,Incidence,215,Sao Tome and Principe,3,Both,27,Age-standardized,543,Alzheimer's disease and other dementias,3,Rate,1998,73.16043564783,84.10909345854999,62.823158059600004
1,All Population,6,Incidence,214,Nigeria,3,Both,27,Age-standardized,543,Alzheimer's disease and other dementias,2,Percent,2007,0.0001271619612722,0.0001455677293015,0.0001083635680566
1,All Population,6,Incidence,214,Nigeria,3,Both,27,Age-standardized,543,Alzheimer's disease and other dementias,3,Rate,2007,67.17297955165,77.09832078446,57.72425234194
1,All Population,6,Incidence,200,Benin,3,Both,27,Age-standardized,543,Alzheimer's disease and other dementias,2,Percent,2007,0.0001439078097827,0.0001654923382186,0.0001263213597556
1,All Population,6,Incidence,200,Benin,3,Both,27,Age-standardized,543,Alzheimer's disease and other dementias,3,Rate,2007,73.57190613729,84.1663050744,64.63925411671
1,All Population,6,Incidence,207,Ghana,3,Both,27,Age-standardized,543,Alzheimer's disease and other dementias,2,Percent,2005,0.0001574083191811,0.0001825600988859,0.0001346440801134
1,All Population,6,Incidence,207,Ghana,3,Both,27,Age-standardized,543,Alzheimer's disease and other dementias,3,Rate,2005,74.92328028309001,86.22328081071,64.51223424086
1,All Population,6,Incidence,216,Senegal,3,Both,27,Age-standardized,543,Alzheimer's disease and other dementias,2,Percent,1997,0.000138897765946,0.0001586681781233,0.0001186492648974
1,All Population,6,Incidence,216,Senegal,3,Both,27,Age-standardized,543,Alzheimer's disease and other dementias,3,Rate,1997,75.35452611613,86.42545421010999,64.74179372069
1,All Population,6,Incidence,212,Mauritania,3,Both,27,Age-standardized,543,Alzheimer's disease and other dementias,2,Percent,2008,0.0001626055153902,0.0001867479248789,0.0001395615911511
1,All Population,6,Incidence,212,Mauritania,3,Both,27,Age-standardized,543,Alzheimer's disease and other dementias,3,Rate,2008,73.52835235658,84.09266527071,63.1032385784
1,All Population,6,Incidence,203,Cabo Verde,3,Both,27,Age-standardized,543,Alzheimer's disease and other dementias,2,Percent,2007,0.0001807317042416,0.0002072627149292,0.0001549886035286
1,All Population,6,Incidence,203,Cabo Verde,3,Both,27,Age-standardized,543,Alzheimer's disease and other dementias,3,Rate,2007,74.6143882944,85.76257377684,64.93821018671001
1,All Population,6,Incidence,218,Togo,3,Both,27,Age-standardized,543,Alzheimer's disease and other dementias,2,Percent,1999,0.0001272175114643,0.0001469126538351,0.0001090781365999
1,All Population,6,Incidence,218,Togo,3,Both,27,Age-standardized,543,Alzheimer's disease and other dementias,3,Rate,1999,75.02953456648,85.75758816563,64.64120547467
1,All Population,6,Incidence,208,Guinea,3,Both,27,Age-standardized,543,Alzheimer's disease and other dementias,2,Percent,2009,0.0001448282952805,0.0001667773250487,0.0001238503114529
1,All Population,6,Incidence,208,Guinea,3,Both,27,Age-standardized,543,Alzheimer's disease and other dementias,3,Rate,2009,74.10319580339,85.05024959226999,63.96499479966
1,All Population,6,Incidence,206,Gambia,3,Both,27,Age-standardized,543,Alzheimer's disease and other dementias,2,Percent,2001,0.0001519952901299,0.0001758627137448,0.00013018492196
1,All Population,6,Incidence,206,Gambia,3,Both,27,Age-standardized,543,Alzheimer's disease and other dementias,3,Rate,2001,74.5279981379,85.67066366281999,63.93493377573999
1,All Population,6,Incidence,212,Mauritania,3,Both,27,Age-standardized,543,Alzheimer's disease and other dementias,2,Percent,2006,0.0001653740623822,0.0001890818836743,0.0001415227011784
1,All Population,6,Incidence,212,Mauritania,3,Both,27,Age-standardized,543,Alzheimer's disease and other dementias,3,Rate,2006,73.92798007845,83.87523129412,63.78442845246
1,All Population,6,Incidence,206,Gambia,3,Both,27,Age-standardized,543,Alzheimer's disease and other dementias,2,Percent,2009,0.0001587844351341,0.0001832690357478,0.0001345578366246
1,All Population,6,Incidence,206,Gambia,3,Both,27,Age-standardized,543,Alzheimer's disease and other dementias,3,Rate,2009,73.27150409192,84.10803803233999,62.41981081187001
1,All Population,6,Incidence,202,Cameroon,3,Both,27,Age-standardized,543,Alzheimer's disease and other dementias,2,Percent,2002,0.0001267399770062,0.000145747385338,0.0001077355212839
1,All Population,6,Incidence,202,Cameroon,3,Both,27,Age-standardized,543,Alzheimer's disease and other dementias,3,Rate,2002,72.51671987853001,82.25987348497,61.615879661310004
1,All Population,6,Incidence,218,Togo,3,Both,27,Age-standardized,543,Alzheimer's disease and other dementias,2,Percent,2001,0.0001277108578046,0.0001468283011249,0.0001088060684308
1,All Population,6,Incidence,218,Togo,3,Both,27,Age-standardized,543,Alzheimer's disease and other dementias,3,Rate,2001,74.76895101565,85.08273020840001,64.50666665489
1,All Population,6,Incidence,211,Mali,3,Both,27,Age-standardized,543,Alzheimer's disease and other dementias,2,Percent,2001,0.0001404412573603,0.0001612390381876,0.0001203480234405
1,All Population,6,Incidence,211,Mali,3,Both,27,Age-standardized,543,Alzheimer's disease and other dementias,3,Rate,2001,75.29355966787,85.96181439561,64.71163507981
1,All Population,6,Incidence,207,Ghana,3,Both,27,Age-standardized,543,Alzheimer's disease and other dementias,2,Percent,2006,0.0001583791804657,0.0001827259587575,0.0001357749727103
1,All Population,6,Incidence,207,Ghana,3,Both,27,Age-standardized,543,Alzheimer's disease and other dementias,3,Rate,2006,74.86288812229,86.24716912081,64.43247758801999
1,All Population,6,Incidence,201,Burkina Faso,3,Both,27,Age-standardized,543,Alzheimer's disease and other dementias,2,Percent,1999,0.0001301511881803,0.0001492983481391,0.0001126940163065
1,All Population,6,Incidence,201,Burkina Faso,3,Both,27,Age-standardized,543,Alzheimer's disease and other dementias,3,Rate,1999,78.40961164527,89.42692854383,67.55592674245
1,All Population,6,Incidence,204,Chad,3,Both,27,Age-standardized,543,Alzheimer's disease and other dementias,2,Percent,2008,0.0001278076910092,0.0001462954869357,0.0001081497595346
1,All Population,6,Incidence,204,Chad,3,Both,27,Age-standardized,543,Alzheimer's disease and other dementias,3,Rate,2008,74.4905026477,85.40540015317,63.7868434983
1,All Population,6,Incidence,208,Guinea,3,Both,27,Age-standardized,543,Alzheimer's disease and other dementias,2,Percent,2008,0.0001444561695189,0.0001662125428869,0.0001238930707313
1,All Population,6,Incidence,208,Guinea,3,Both,27,Age-standardized,543,Alzheimer's disease and other dementias,3,Rate,2008,74.26594068679,85.16880712013,64.16949819594001
1,All Population,6,Incidence,209,Guinea-Bissau,3,Both,27,Age-standardized,543,Alzheimer's disease and other dementias,2,Percent,1997,0.0001306153956065,0.0001513750074839,0.0001117444419924
1,All Population,6,Incidence,209,Guinea-Bissau,3,Both,27,Age-standardized,543,Alzheimer's disease and other dementias,3,Rate,1997,73.00759128872001,83.76959409055,62.43495297482
1,All Population,6,Incidence,208,Guinea,3,Both,27,Age-standardized,543,Alzheimer's disease and other dementias,2,Percent,1998,0.0001380116092175,0.0001604573051606,0.0001173847320357
1,All Population,6,Incidence,208,Guinea,3,Both,27,Age-standardized,543,Alzheimer's disease and other dementias,3,Rate,1998,75.87598324123,86.45228417205,65.42083329436
1,All Population,6,Incidence,203,Cabo Verde,3,Both,27,Age-standardized,543,Alzheimer's disease and other dementias,2,Percent,2000,0.0001577512180447,0.0001824671418429,0.0001346984592456
1,All Population,6,Incidence,203,Cabo Verde,3,Both,27,Age-standardized,543,Alzheimer's disease and other dementias,3,Rate,2000,75.3333964989,86.50892121324,64.695242176
1,All Population,6,Incidence,210,Liberia,3,Both,27,Age-standardized,543,Alzheimer's disease and other dementias,2,Percent,2011,0.0001414915441334,0.0001621495880262,0.0001205414994737
1,All Population,6,Incidence,210,Liberia,3,Both,27,Age-standardized,543,Alzheimer's disease and other dementias,3,Rate,2011,72.13845010408001,82.91108758992,61.699719538470006
1,All Population,6,Incidence,200,Benin,3,Both,27,Age-standardized,543,Alzheimer's disease and other dementias,2,Percent,2008,0.0001456858807183,0.0001660140507989,0.0001271339318113
1,All Population,6,Incidence,200,Benin,3,Both,27,Age-standardized,543,Alzheimer's disease and other dementias,3,Rate,2008,73.35317647613999,83.65242381224999,64.54230469745
1,All Population,6,Incidence,214,Nigeria,3,Both,27,Age-standardized,543,Alzheimer's disease and other dementias,2,Percent,2008,0.000128780766011,0.0001470907198293,0.0001096425992786
1,All Population,6,Incidence,214,Nigeria,3,Both,27,Age-standardized,543,Alzheimer's disease and other dementias,3,Rate,2008,67.52773899582,77.40828234144,58.02492891679
1,All Population,6,Incidence,213,Niger,3,Both,27,Age-standardized,543,Alzheimer's disease and other dementias,2,Percent,2008,0.000131894867258,0.0001514505956304,0.0001127615047797
1,All Population,6,Incidence,213,Niger,3,Both,27,Age-standardized,543,Alzheimer's disease and other dementias,3,Rate,2008,76.39218084459,87.50332552118,66.14118584077
1,All Population,6,Incidence,202,Cameroon,3,Both,27,Age-standardized,543,Alzheimer's disease and other dementias,2,Percent,1998,0.000126742442739,0.0001458551545904,0.0001078778475625
1,All Population,6,Incidence,202,Cameroon,3,Both,27,Age-standardized,543,Alzheimer's disease and other dementias,3,Rate,1998,73.04373646095,83.43230318465001,62.5411313918
1,All Population,6,Incidence,200,Benin,3,Both,27,Age-standardized,543,Alzheimer's disease and other dementias,2,Percent,1999,0.000138749651504,0.0001594090769726,0.0001216444982998
1,All Population,6,Incidence,200,Benin,3,Both,27,Age-standardized,543,Alzheimer's disease and other dementias,3,Rate,1999,74.47817121793,83.75236296201001,65.60694883941001
1,All Population,6,Incidence,208,Guinea,3,Both,27,Age-standardized,543,Alzheimer's disease and other dementias,2,Percent,2005,0.0001420816544037,0.0001638643945036,0.0001218991596572
1,All Population,6,Incidence,208,Guinea,3,Both,27,Age-standardized,543,Alzheimer's disease and other dementias,3,Rate,2005,74.70923409105,85.40253940699,64.28368774883
1,All Population,6,Incidence,209,Guinea-Bissau,3,Both,27,Age-standardized,543,Alzheimer's disease and other dementias,2,Percent,2014,0.0001470170396456,0.0001687526237476,0.0001245768511569
1,All Population,6,Incidence,209,Guinea-Bissau,3,Both,27,Age-standardized,543,Alzheimer's disease and other dementias,3,Rate,2014,72.02744937960999,82.16937002808,61.47995103559
1,All Population,6,Incidence,209,Guinea-Bissau,3,Both,27,Age-standardized,543,Alzheimer's disease and other dementias,2,Percent,2009,0.0001416199042154,0.0001639767748982,0.000121590610337
1,All Population,6,Incidence,209,Guinea-Bissau,3,Both,27,Age-standardized,543,Alzheimer's disease and other dementias,3,Rate,2009,72.3096879112,83.34964348839,62.33915341461
1,All Population,6,Incidence,212,Mauritania,3,Both,27,Age-standardized,543,Alzheimer's disease and other dementias,2,Percent,2001,0.0001628280304784,0.0001854056757475,0.0001395266357214
1,All Population,6,Incidence,212,Mauritania,3,Both,27,Age-standardized,543,Alzheimer's disease and other dementias,3,Rate,2001,74.66075783933,84.90786486310999,64.11619839459
1,All Population,6,Incidence,213,Niger,3,Both,27,Age-standardized,543,Alzheimer's disease and other dementias,2,Percent,2006,0.0001288490599251,0.00014847149912,0.0001106611658983
1,All Population,6,Incidence,213,Niger,3,Both,27,Age-standardized,543,Alzheimer's disease and other dementias,3,Rate,2006,76.82141287089999,87.79257623934001,66.55909749252
1,All Population,6,Incidence,210,Liberia,3,Both,27,Age-standardized,543,Alzheimer's disease and other dementias,2,Percent,2007,0.0001367340986414,0.0001569963518485,0.0001171134896679
1,All Population,6,Incidence,210,Liberia,3,Both,27,Age-standardized,543,Alzheimer's disease and other dementias,3,Rate,2007,72.64760904918,83.30428551208999,62.331007663019996
1,All Population,6,Incidence,204,Chad,3,Both,27,Age-standardized,543,Alzheimer's disease and other dementias,2,Percent,1999,0.0001277752019805,0.0001482223615354,0.0001091194487387
1,All Population,6,Incidence,204,Chad,3,Both,27,Age-standardized,543,Alzheimer's disease and other dementias,3,Rate,1999,76.54435632357,87.89304257245,65.66745388067
1,All Population,6,Incidence,215,Sao Tome and Principe,3,Both,27,Age-standardized,543,Alzheimer's disease and other dementias,2,Percent,2007,0.0001514239921944,0.000175419817164,0.0001295145859155
1,All Population,6,Incidence,215,Sao Tome and Principe,3,Both,27,Age-standardized,543,Alzheimer's disease and other dementias,3,Rate,2007,72.05606777135,82.89694922737,61.995293030590005
1,All Population,6,Incidence,217,Sierra Leone,3,Both,27,Age-standardized,543,Alzheimer's disease and other dementias,2,Percent,1997,0.0001335202496677,0.0001549539511871,0.000113812617184
1,All Population,6,Incidence,217,Sierra Leone,3,Both,27,Age-standardized,543,Alzheimer's disease and other dementias,3,Rate,1997,76.83868033783,87.66969988573999,66.33628504871001
1,All Population,6,Incidence,206,Gambia,3,Both,27,Age-standardized,543,Alzheimer's disease and other dementias,2,Percent,1996,0.0001509303180527,0.0001742122912433,0.0001291120281989
1,All Population,6,Incidence,206,Gambia,3,Both,27,Age-standardized,543,Alzheimer's disease and other dementias,3,Rate,1996,75.70523937493,86.32862776909,65.21001265612
1,All Population,6,Incidence,203,Cabo Verde,3,Both,27,Age-standardized,543,Alzheimer's disease and other dementias,2,Percent,2009,0.0001813247129301,0.0002072300664273,0.0001540453799718
1,All Population,6,Incidence,203,Cabo Verde,3,Both,27,Age-standardized,543,Alzheimer's disease and other dementias,3,Rate,2009,74.45551822433,85.44808257012001,64.26332228975001
1,All Population,6,Incidence,207,Ghana,3,Both,27,Age-standardized,543,Alzheimer's disease and other dementias,2,Percent,2002,0.0001538287058676,0.0001763097422252,0.0001313640380845
1,All Population,6,Incidence,207,Ghana,3,Both,27,Age-standardized,543,Alzheimer's disease and other dementias,3,Rate,2002,75.17849380263,86.34294555374,64.89380318942
1,All Population,6,Incidence,218,Togo,3,Both,27,Age-standardized,543,Alzheimer's disease and other dementias,2,Percent,2000,0.0001276315584816,0.0001465647687333,0.0001090357113514
1,All Population,6,Incidence,218,Togo,3,Both,27,Age-standardized,543,Alzheimer's disease and other dementias,3,Rate,2000,74.90821477639,85.17018311061,64.29935301091
1,All Population,6,Incidence,203,Cabo Verde,3,Both,27,Age-standardized,543,Alzheimer's disease and other dementias,2,Percent,2010,0.0001816302594707,0.000207470102082,0.0001534939340093
1,All Population,6,Incidence,203,Cabo Verde,3,Both,27,Age-standardized,543,Alzheimer's disease and other dementias,3,Rate,2010,74.37078409161,85.79614210678,63.924322817989996
1,All Population,6,Incidence,210,Liberia,3,Both,27,Age-standardized,543,Alzheimer's disease and other dementias,2,Percent,2002,0.0001311348637166,0.0001507657645701,0.0001120392461515
1,All Population,6,Incidence,210,Liberia,3,Both,27,Age-standardized,543,Alzheimer's disease and other dementias,3,Rate,2002,73.18909773079,83.68371172568,63.10176488144
1,All Population,6,Incidence,216,Senegal,3,Both,27,Age-standardized,543,Alzheimer's disease and other dementias,2,Percent,1998,0.0001391779911596,0.0001596444648946,0.0001186171445072
1,All Population,6,Incidence,216,Senegal,3,Both,27,Age-standardized,543,Alzheimer's disease and other dementias,3,Rate,1998,75.18254549731,86.45290423459,64.50409073656
1,All Population,6,Incidence,204,Chad,3,Both,27,Age-standardized,543,Alzheimer's disease and other dementias,2,Percent,2007,0.0001275611207061,0.0001465302249845,0.0001078598292287
1,All Population,6,Incidence,204,Chad,3,Both,27,Age-standardized,543,Alzheimer's disease and other dementias,3,Rate,2007,74.77752194264,85.96310248963,63.90919793889999
1,All Population,6,Incidence,218,Togo,3,Both,27,Age-standardized,543,Alzheimer's disease and other dementias,2,Percent,2010,0.0001313357466527,0.0001513927397732,0.000111170904433
1,All Population,6,Incidence,218,Togo,3,Both,27,Age-standardized,543,Alzheimer's disease and other dementias,3,Rate,2010,73.83498902553,83.95497898691,63.09653678022
1,All Population,6,Incidence,210,Liberia,3,Both,27,Age-standardized,543,Alzheimer's disease and other dementias,2,Percent,2010,0.0001402359604117,0.0001613153279879,0.0001196908735943
1,All Population,6,Incidence,210,Liberia,3,Both,27,Age-standardized,543,Alzheimer's disease and other dementias,3,Rate,2010,72.1826200399,83.088979651,61.721808766639995
1,All Population,6,Incidence,207,Ghana,3,Both,27,Age-standardized,543,Alzheimer's disease and other dementias,2,Percent,2015,0.0001713351894656,0.0001950130242632,0.0001469317956971
1,All Population,6,Incidence,207,Ghana,3,Both,27,Age-standardized,543,Alzheimer's disease and other dementias,3,Rate,2015,74.01394230791,84.05964723696,63.644560828619994
1,All Population,6,Incidence,201,Burkina Faso,3,Both,27,Age-standardized,543,Alzheimer's disease and other dementias,2,Percent,1997,0.0001301347884683,0.0001503505290919,0.0001127062566844
1,All Population,6,Incidence,201,Burkina Faso,3,Both,27,Age-standardized,543,Alzheimer's disease and other dementias,3,Rate,1997,78.82297497014,90.23682923538,67.79811842192001
1,All Population,6,Incidence,211,Mali,3,Both,27,Age-standardized,543,Alzheimer's disease and other dementias,2,Percent,2011,0.0001546084402138,0.0001794610072786,0.0001321157072269
1,All Population,6,Incidence,211,Mali,3,Both,27,Age-standardized,543,Alzheimer's disease and other dementias,3,Rate,2011,74.22179103767,85.58353268923,64.02074516742
1,All Population,6,Incidence,209,Guinea-Bissau,3,Both,27,Age-standardized,543,Alzheimer's disease and other dementias,2,Percent,2008,0.0001414786821132,0.0001638348372241,0.0001213671434064
1,All Population,6,Incidence,209,Guinea-Bissau,3,Both,27,Age-standardized,543,Alzheimer's disease and other dementias,3,Rate,2008,72.36790427548999,83.32294242904,62.439170377770004
1,All Population,6,Incidence,217,Sierra Leone,3,Both,27,Age-standardized,543,Alzheimer's disease and other dementias,2,Percent,2004,0.0001399173525397,0.0001616324162684,0.000120722586826
1,All Population,6,Incidence,217,Sierra Leone,3,Both,27,Age-standardized,543,Alzheimer's disease and other dementias,3,Rate,2004,76.65544725731,88.24397126466,66.20250960641
1,All Population,6,Incidence,205,Côte d'Ivoire,3,Both,27,Age-standardized,543,Alzheimer's disease and other dementias,2,Percent,2008,0.0001445155641013,0.0001650234935554,0.0001228957202174
1,All Population,6,Incidence,205,Côte d'Ivoire,3,Both,27,Age-standardized,543,Alzheimer's disease and other dementias,3,Rate,2008,72.47693520548,82.59768700545999,62.1313978746
1,All Population,6,Incidence,207,Ghana,3,Both,27,Age-standardized,543,Alzheimer's disease and other dementias,2,Percent,2000,0.0001517125250253,0.0001757317231887,0.0001292088072953
1,All Population,6,Incidence,207,Ghana,3,Both,27,Age-standardized,543,Alzheimer's disease and other dementias,3,Rate,2000,75.29675712456,86.98814125669,65.12943787847
1,All Population,6,Incidence,201,Burkina Faso,3,Both,27,Age-standardized,543,Alzheimer's disease and other dementias,2,Percent,2007,0.0001399121824645,0.0001603276297945,0.0001197672040064
1,All Population,6,Incidence,201,Burkina Faso,3,Both,27,Age-standardized,543,Alzheimer's disease and other dementias,3,Rate,2007,76.74939878788,87.38204014729,66.17314844713
1,All Population,6,Incidence,209,Guinea-Bissau,3,Both,27,Age-standardized,543,Alzheimer's disease and other dementias,2,Percent,1998,0.0001292263946391,0.0001495853197296,0.0001105911577997
1,All Population,6,Incidence,209,Guinea-Bissau,3,Both,27,Age-standardized,543,Alzheimer's disease and other dementias,3,Rate,1998,72.85929444174,83.75366158002,62.39406029179
1,All Population,6,Incidence,207,Ghana,3,Both,27,Age-standardized,543,Alzheimer's disease and other dementias,2,Percent,2016,0.000173744737398,0.000198061607356,0.0001490330872146
1,All Population,6,Incidence,207,Ghana,3,Both,27,Age-standardized,543,Alzheimer's disease and other dementias,3,Rate,2016,73.79553760344,83.66091183816,63.60163756934
1,All Population,6,Incidence,207,Ghana,3,Both,27,Age-standardized,543,Alzheimer's disease and other dementias,2,Percent,2013,0.0001664160640689,0.000189969610987,0.0001424876880406
1,All Population,6,Incidence,207,Ghana,3,Both,27,Age-standardized,543,Alzheimer's disease and other dementias,3,Rate,2013,74.24405372952,84.77982602226,63.99722551343
1,All Population,6,Incidence,200,Benin,3,Both,27,Age-standardized,543,Alzheimer's disease and other dementias,2,Percent,2001,0.000140027227746,0.0001609411610673,0.0001227686817056
1,All Population,6,Incidence,200,Benin,3,Both,27,Age-standardized,543,Alzheimer's disease and other dementias,3,Rate,2001,74.41371023964,83.64622168423,65.47999949305
1,All Population,6,Incidence,214,Nigeria,3,Both,27,Age-standardized,543,Alzheimer's disease and other dementias,2,Percent,2001,0.0001232781086364,0.0001420278603916,0.0001048255157514
1,All Population,6,Incidence,214,Nigeria,3,Both,27,Age-standardized,543,Alzheimer's disease and other dementias,3,Rate,2001,67.83109588054,77.93760324538,58.567810650750005
1,All Population,6,Incidence,200,Benin,3,Both,27,Age-standardized,543,Alzheimer's disease and other dementias,2,Percent,2000,0.0001397248003611,0.0001603438753638,0.000122679203331
1,All Population,6,Incidence,200,Benin,3,Both,27,Age-standardized,543,Alzheimer's disease and other dementias,3,Rate,2000,74.46817465006,83.69158710425,65.50615509112
1,All Population,6,Incidence,211,Mali,3,Both,27,Age-standardized,543,Alzheimer's disease and other dementias,2,Percent,2007,0.0001498923540951,0.0001730854123473,0.000128677179712
1,All Population,6,Incidence,211,Mali,3,Both,27,Age-standardized,543,Alzheimer's disease and other dementias,3,Rate,2007,74.64177947098,85.17572196036001,64.47946233412
1,All Population,6,Incidence,213,Niger,3,Both,27,Age-standardized,543,Alzheimer's disease and other dementias,2,Percent,2001,0.0001275056515084,0.0001459705737703,0.0001099311514069
1,All Population,6,Incidence,213,Niger,3,Both,27,Age-standardized,543,Alzheimer's disease and other dementias,3,Rate,2001,77.66137612738,88.8605712084,66.76663468457
1,All Population,6,Incidence,210,Liberia,3,Both,27,Age-standardized,543,Alzheimer's disease and other dementias,2,Percent,2003,0.0001300707239953,0.0001507106772773,0.0001117994284732
1,All Population,6,Incidence,210,Liberia,3,Both,27,Age-standardized,543,Alzheimer's disease and other dementias,3,Rate,2003,73.00293975666,83.40162015514,63.1311628089
1,All Population,6,Incidence,218,Togo,3,Both,27,Age-standardized,543,Alzheimer's disease and other dementias,2,Percent,2009,0.0001304974601278,0.000150518866164,0.0001109102347494
1,All Population,6,Incidence,218,Togo,3,Both,27,Age-standardized,543,Alzheimer's disease and other dementias,3,Rate,2009,73.924902905,83.87663306053,63.34330776275
1,All Population,6,Incidence,205,Côte d'Ivoire,3,Both,27,Age-standardized,543,Alzheimer's disease and other dementias,2,Percent,1999,0.0001430096691326,0.0001643858266427,0.0001228425586719
1,All Population,6,Incidence,205,Côte d'Ivoire,3,Both,27,Age-standardized,543,Alzheimer's disease and other dementias,3,Rate,1999,73.50214253751,84.84093326154,63.29168185894
1,All Population,6,Incidence,209,Guinea-Bissau,3,Both,27,Age-standardized,543,Alzheimer's disease and other dementias,2,Percent,2005,0.000139507966456,0.0001616924281298,0.0001207865081762
1,All Population,6,Incidence,209,Guinea-Bissau,3,Both,27,Age-standardized,543,Alzheimer's disease and other dementias,3,Rate,2005,72.49301492952,83.87946980291001,62.16876402794
1,All Population,6,Incidence,212,Mauritania,3,Both,27,Age-standardized,543,Alzheimer's disease and other dementias,2,Percent,2011,0.0001634686090926,0.000187976045835,0.0001403690330423
1,All Population,6,Incidence,212,Mauritania,3,Both,27,Age-standardized,543,Alzheimer's disease and other dementias,3,Rate,2011,73.12392711681,83.90024954104,62.427594646040006
1,All Population,6,Incidence,203,Cabo Verde,3,Both,27,Age-standardized,543,Alzheimer's disease and other dementias,2,Percent,2013,0.000180552694321,0.0002079670233268,0.000152224000882
1,All Population,6,Incidence,203,Cabo Verde,3,Both,27,Age-standardized,543,Alzheimer's disease and other dementias,3,Rate,2013,73.95466980413,85.38506646592,63.74884753406
1,All Population,6,Incidence,207,Ghana,3,Both,27,Age-standardized,543,Alzheimer's disease and other dementias,2,Percent,2017,0.0001759123372129,0.0002005535115766,0.0001504840987852
1,All Population,6,Incidence,207,Ghana,3,Both,27,Age-standardized,543,Alzheimer's disease and other dementias,3,Rate,2017,73.43043114736,83.40067159001,63.17613479933
1,All Population,6,Incidence,211,Mali,3,Both,27,Age-standardized,543,Alzheimer's disease and other dementias,2,Percent,2002,0.0001417388415332,0.0001630515643621,0.0001211500741802
1,All Population,6,Incidence,211,Mali,3,Both,27,Age-standardized,543,Alzheimer's disease and other dementias,3,Rate,2002,75.15330233014,85.58079299578,64.5374266032
1,All Population,6,Incidence,211,Mali,3,Both,27,Age-standardized,543,Alzheimer's disease and other dementias,2,Percent,2010,0.0001542122929328,0.0001793011573679,0.0001316352711179
1,All Population,6,Incidence,211,Mali,3,Both,27,Age-standardized,543,Alzheimer's disease and other dementias,3,Rate,2010,74.34460657538,85.4854343754,64.19798340254
1,All Population,6,Incidence,214,Nigeria,3,Both,27,Age-standardized,543,Alzheimer's disease and other dementias,2,Percent,2011,0.0001326257712593,0.0001510230360836,0.0001128871747517
1,All Population,6,Incidence,214,Nigeria,3,Both,27,Age-standardized,543,Alzheimer's disease and other dementias,3,Rate,2011,67.73745194274,77.41515826939,58.25169631571
1,All Population,6,Incidence,215,Sao Tome and Principe,3,Both,27,Age-standardized,543,Alzheimer's disease and other dementias,2,Percent,2008,0.0001516661438166,0.0001761924405126,0.0001295736622971
1,All Population,6,Incidence,215,Sao Tome and Principe,3,Both,27,Age-standardized,543,Alzheimer's disease and other dementias,3,Rate,2008,71.96916589571,82.86350988718,61.93571199816
1,All Population,6,Incidence,201,Burkina Faso,3,Both,27,Age-standardized,543,Alzheimer's disease and other dementias,2,Percent,2008,0.0001414233629766,0.000162036188157,0.0001213151229752
1,All Population,6,Incidence,201,Burkina Faso,3,Both,27,Age-standardized,543,Alzheimer's disease and other dementias,3,Rate,2008,76.54985476873,87.21801603682,65.92131282473
1,All Population,6,Incidence,215,Sao Tome and Principe,3,Both,27,Age-standardized,543,Alzheimer's disease and other dementias,2,Percent,1999,0.0001433044698409,0.0001665294073158,0.0001210881017308
1,All Population,6,Incidence,215,Sao Tome and Principe,3,Both,27,Age-standardized,543,Alzheimer's disease and other dementias,3,Rate,1999,73.03332530364,83.84067581149,62.81454086858
1,All Population,6,Incidence,208,Guinea,3,Both,27,Age-standardized,543,Alzheimer's disease and other dementias,2,Percent,2017,0.0001562286119499,0.0001784779399637,0.0001330083991026
1,All Population,6,Incidence,208,Guinea,3,Both,27,Age-standardized,543,Alzheimer's disease and other dementias,3,Rate,2017,72.22549182508,82.76584558192,61.68272877425
1,All Population,6,Incidence,208,Guinea,3,Both,27,Age-standardized,543,Alzheimer's disease and other dementias,2,Percent,2015,0.0001525823292613,0.0001765561227802,0.0001290683174834
1,All Population,6,Incidence,208,Guinea,3,Both,27,Age-standardized,543,Alzheimer's disease and other dementias,3,Rate,2015,72.69711845928,83.24302268806001,61.96187646272001
1,All Population,6,Incidence,204,Chad,3,Both,27,Age-standardized,543,Alzheimer's disease and other dementias,2,Percent,2000,0.0001278521294549,0.0001482797771213,0.0001088332912065
1,All Population,6,Incidence,204,Chad,3,Both,27,Age-standardized,543,Alzheimer's disease and other dementias,3,Rate,2000,76.32869542886,87.97254143713,65.26002594172999
1,All Population,6,Incidence,204,Chad,3,Both,27,Age-standardized,543,Alzheimer's disease and other dementias,2,Percent,2009,0.0001285931889593,0.000146635264597,0.0001090270331897
1,All Population,6,Incidence,204,Chad,3,Both,27,Age-standardized,543,Alzheimer's disease and other dementias,3,Rate,2009,74.24003098538999,84.98201296683,63.68185865766001
1,All Population,6,Incidence,200,Benin,3,Both,27,Age-standardized,543,Alzheimer's disease and other dementias,2,Percent,2011,0.0001502736167585,0.0001720075415259,0.0001307866566613
1,All Population,6,Incidence,200,Benin,3,Both,27,Age-standardized,543,Alzheimer's disease and other dementias,3,Rate,2011,72.82128605786001,82.29940054648,64.05025782643
1,All Population,6,Incidence,208,Guinea,3,Both,27,Age-standardized,543,Alzheimer's disease and other dementias,2,Percent,2002,0.0001395928417482,0.0001620664656883,0.0001188193657518
1,All Population,6,Incidence,208,Guinea,3,Both,27,Age-standardized,543,Alzheimer's disease and other dementias,3,Rate,2002,75.21980778599999,85.95363276321,65.08319683987
1,All Population,6,Incidence,210,Liberia,3,Both,27,Age-standardized,543,Alzheimer's disease and other dementias,2,Percent,2015,0.0001443388158485,0.0001654238244609,0.0001229608038048
1,All Population,6,Incidence,210,Liberia,3,Both,27,Age-standardized,543,Alzheimer's disease and other dementias,3,Rate,2015,71.58870715776,82.09741471782,61.556397339190006
1,All Population,6,Incidence,212,Mauritania,3,Both,27,Age-standardized,543,Alzheimer's disease and other dementias,2,Percent,2007,0.0001636229965672,0.0001870961119295,0.0001402570242924
1,All Population,6,Incidence,212,Mauritania,3,Both,27,Age-standardized,543,Alzheimer's disease and other dementias,3,Rate,2007,73.76813347087,83.86667820494999,63.550609305840005
1,All Population,6,Incidence,210,Liberia,3,Both,27,Age-standardized,543,Alzheimer's disease and other dementias,2,Percent,2012,0.0001428522259612,0.0001634803816521,0.0001214100859575
1,All Population,6,Incidence,210,Liberia,3,Both,27,Age-standardized,543,Alzheimer's disease and other dementias,3,Rate,2012,72.07002435454,82.74480350143,61.50159889472
1,All Population,6,Incidence,202,Cameroon,3,Both,27,Age-standardized,543,Alzheimer's disease and other dementias,2,Percent,1999,0.000126622311706,0.0001452621132995,0.0001079916506737
1,All Population,6,Incidence,202,Cameroon,3,Both,27,Age-standardized,543,Alzheimer's disease and other dementias,3,Rate,1999,72.85817453233,83.00242734191,62.326663696349996
1,All Population,6,Incidence,214,Nigeria,3,Both,27,Age-standardized,543,Alzheimer's disease and other dementias,2,Percent,2000,0.0001230103881162,0.0001415987591297,0.0001044661531925
1,All Population,6,Incidence,214,Nigeria,3,Both,27,Age-standardized,543,Alzheimer's disease and other dementias,3,Rate,2000,68.13615436673,78.21521853003999,58.83415199083
1,All Population,6,Incidence,217,Sierra Leone,3,Both,27,Age-standardized,543,Alzheimer's disease and other dementias,2,Percent,1998,0.0001307993229393,0.0001520163953049,0.000111787575807
1,All Population,6,Incidence,217,Sierra Leone,3,Both,27,Age-standardized,543,Alzheimer's disease and other dementias,3,Rate,1998,76.7613678181,87.86319101532,66.24715325468
1,All Population,6,Incidence,204,Chad,3,Both,27,Age-standardized,543,Alzheimer's disease and other dementias,2,Percent,2010,0.0001290411414344,0.0001476887939611,0.0001094997876392
1,All Population,6,Incidence,204,Chad,3,Both,27,Age-standardized,543,Alzheimer's disease and other dementias,3,Rate,2010,74.0396567746,84.73806661728,63.625224354450005
1,All Population,6,Incidence,207,Ghana,3,Both,27,Age-standardized,543,Alzheimer's disease and other dementias,2,Percent,2001,0.0001526158753761,0.00017583610863,0.0001303814676765
1,All Population,6,Incidence,207,Ghana,3,Both,27,Age-standardized,543,Alzheimer's disease and other dementias,3,Rate,2001,75.25880204993,86.57017390841999,65.16198723499
1,All Population,6,Incidence,214,Nigeria,3,Both,27,Age-standardized,543,Alzheimer's disease and other dementias,2,Percent,2013,0.0001339762668732,0.0001526964403253,0.0001142014909974
1,All Population,6,Incidence,214,Nigeria,3,Both,27,Age-standardized,543,Alzheimer's disease and other dementias,3,Rate,2013,67.29421307056,76.83872108468,57.98528245800001
1,All Population,6,Incidence,203,Cabo Verde,3,Both,27,Age-standardized,543,Alzheimer's disease and other dementias,2,Percent,2014,0.0001801448722338,0.0002077117904149,0.0001529210421797
1,All Population,6,Incidence,203,Cabo Verde,3,Both,27,Age-standardized,543,Alzheimer's disease and other dementias,3,Rate,2014,73.73909040868,85.45358283573,63.413625741299995
1,All Population,6,Incidence,211,Mali,3,Both,27,Age-standardized,543,Alzheimer's disease and other dementias,2,Percent,2003,0.000143163190808,0.0001653456699063,0.0001219351291716
1,All Population,6,Incidence,211,Mali,3,Both,27,Age-standardized,543,Alzheimer's disease and other dementias,3,Rate,2003,75.01211870308,85.29506446311,64.35019284700999
1,All Population,6,Incidence,218,Togo,3,Both,27,Age-standardized,543,Alzheimer's disease and other dementias,2,Percent,2015,0.0001332209032359,0.00015130968812,0.0001127870054686
1,All Population,6,Incidence,218,Togo,3,Both,27,Age-standardized,543,Alzheimer's disease and other dementias,3,Rate,2015,73.28351350107,83.94329238431999,62.939368817330006
1,All Population,6,Incidence,218,Togo,3,Both,27,Age-standardized,543,Alzheimer's disease and other dementias,2,Percent,2014,0.0001325092392937,0.0001511015819047,0.0001123166433026
1,All Population,6,Incidence,218,Togo,3,Both,27,Age-standardized,543,Alzheimer's disease and other dementias,3,Rate,2014,73.44260606209,83.71850611896,63.13897079697
1,All Population,6,Incidence,202,Cameroon,3,Both,27,Age-standardized,543,Alzheimer's disease and other dementias,2,Percent,1997,0.0001269434500036,0.0001461318967281,0.0001080688498439
1,All Population,6,Incidence,202,Cameroon,3,Both,27,Age-standardized,543,Alzheimer's disease and other dementias,3,Rate,1997,73.24575935917001,83.40961945422,62.649872636059996
1,All Population,6,Incidence,206,Gambia,3,Both,27,Age-standardized,543,Alzheimer's disease and other dementias,2,Percent,2008,0.0001579602883526,0.0001817266274828,0.0001340400546413
1,All Population,6,Incidence,206,Gambia,3,Both,27,Age-standardized,543,Alzheimer's disease and other dementias,3,Rate,2008,73.45271874828,84.53855902632,62.81477699638
1,All Population,6,Incidence,213,Niger,3,Both,27,Age-standardized,543,Alzheimer's disease and other dementias,2,Percent,2011,0.0001356989234201,0.0001560933929978,0.0001162340047474
1,All Population,6,Incidence,213,Niger,3,Both,27,Age-standardized,543,Alzheimer's disease and other dementias,3,Rate,2011,75.80681825801,86.85735528696,65.03594352579
1,All Population,6,Incidence,208,Guinea,3,Both,27,Age-standardized,543,Alzheimer's disease and other dementias,2,Percent,2013,0.000149553385495,0.000173029712031,0.000126481638114
1,All Population,6,Incidence,208,Guinea,3,Both,27,Age-standardized,543,Alzheimer's disease and other dementias,3,Rate,2013,73.1803713506,83.93355202759,62.611178525229995
1,All Population,6,Incidence,208,Guinea,3,Both,27,Age-standardized,543,Alzheimer's disease and other dementias,2,Percent,2016,0.000154375569236,0.000177610362911,0.0001310525829863
1,All Population,6,Incidence,208,Guinea,3,Both,27,Age-standardized,543,Alzheimer's disease and other dementias,3,Rate,2016,72.48041853727001,83.02538529309001,61.85350309429
1,All Population,6,Incidence,204,Chad,3,Both,27,Age-standardized,543,Alzheimer's disease and other dementias,2,Percent,2015,0.0001289376938882,0.0001489522016661,0.0001108535784025
1,All Population,6,Incidence,204,Chad,3,Both,27,Age-standardized,543,Alzheimer's disease and other dementias,3,Rate,2015,72.86201152951,83.96610445179,62.899708154799995
1,All Population,6,Incidence,205,Côte d'Ivoire,3,Both,27,Age-standardized,543,Alzheimer's disease and other dementias,2,Percent,2007,0.0001448774889031,0.0001657859476369,0.0001231930964675
1,All Population,6,Incidence,205,Côte d'Ivoire,3,Both,27,Age-standardized,543,Alzheimer's disease and other dementias,3,Rate,2007,72.61251576735,83.18679669518,62.08104166403
1,All Population,6,Incidence,208,Guinea,3,Both,27,Age-standardized,543,Alzheimer's disease and other dementias,2,Percent,2000,0.0001387382025275,0.0001620561517824,0.0001181696618108
1,All Population,6,Incidence,208,Guinea,3,Both,27,Age-standardized,543,Alzheimer's disease and other dementias,3,Rate,2000,75.54726204379,86.54386129922,65.33477427095
1,All Population,6,Incidence,203,Cabo Verde,3,Both,27,Age-standardized,543,Alzheimer's disease and other dementias,2,Percent,2002,0.0001649666029815,0.0001914808997382,0.0001412231695303
1,All Population,6,Incidence,203,Cabo Verde,3,Both,27,Age-standardized,543,Alzheimer's disease and other dementias,3,Rate,2002,75.08691675653999,85.73820276306999,64.87196037079
1,All Population,6,Incidence,212,Mauritania,3,Both,27,Age-standardized,543,Alzheimer's disease and other dementias,2,Percent,2002,0.000163076863567,0.0001856496587196,0.0001394355399857
1,All Population,6,Incidence,212,Mauritania,3,Both,27,Age-standardized,543,Alzheimer's disease and other dementias,3,Rate,2002,74.48874921235999,84.60876080823,64.00752754642
1,All Population,6,Incidence,212,Mauritania,3,Both,27,Age-standardized,543,Alzheimer's disease and other dementias,2,Percent,2010,0.0001638757528836,0.000188216444956,0.0001403685816861
1,All Population,6,Incidence,212,Mauritania,3,Both,27,Age-standardized,543,Alzheimer's disease and other dementias,3,Rate,2010,73.26424468897,84.16863958509,62.3526345915
1,All Population,6,Incidence,210,Liberia,3,Both,27,Age-standardized,543,Alzheimer's disease and other dementias,2,Percent,2017,0.000146140617188,0.0001677943500071,0.0001238210043273
1,All Population,6,Incidence,210,Liberia,3,Both,27,Age-standardized,543,Alzheimer's disease and other dementias,3,Rate,2017,71.34545682751,82.09735457526,61.638160527029996
1,All Population,6,Incidence,206,Gambia,3,Both,27,Age-standardized,543,Alzheimer's disease and other dementias,2,Percent,1999,0.0001536481971279,0.0001783154211143,0.0001311499508639
1,All Population,6,Incidence,206,Gambia,3,Both,27,Age-standardized,543,Alzheimer's disease and other dementias,3,Rate,1999,74.86644031039,85.67700837292,64.2744574615
1,All Population,6,Incidence,209,Guinea-Bissau,3,Both,27,Age-standardized,543,Alzheimer's disease and other dementias,2,Percent,2015,0.000148930440332,0.0001711845259364,0.0001265223083979
1,All Population,6,Incidence,209,Guinea-Bissau,3,Both,27,Age-standardized,543,Alzheimer's disease and other dementias,3,Rate,2015,71.95626585027,82.03371196059,61.16920646246
1,All Population,6,Incidence,209,Guinea-Bissau,3,Both,27,Age-standardized,543,Alzheimer's disease and other dementias,2,Percent,2017,0.0001531300403291,0.0001755913664236,0.0001298802313339
1,All Population,6,Incidence,209,Guinea-Bissau,3,Both,27,Age-standardized,543,Alzheimer's disease and other dementias,3,Rate,2017,71.68338659193,82.12511031179,61.13940384898
1,All Population,6,Incidence,209,Guinea-Bissau,3,Both,27,Age-standardized,543,Alzheimer's disease and other dementias,2,Percent,2002,0.000135338556675,0.0001568842619852,0.0001155432305696
1,All Population,6,Incidence,209,Guinea-Bissau,3,Both,27,Age-standardized,543,Alzheimer's disease and other dementias,3,Rate,2002,72.59046848436999,83.58741246426,62.44156214084
1,All Population,6,Incidence,207,Ghana,3,Both,27,Age-standardized,543,Alzheimer's disease and other dementias,2,Percent,2018,0.0001776550099123,0.0002025515129561,0.0001519805442368
1,All Population,6,Incidence,207,Ghana,3,Both,27,Age-standardized,543,Alzheimer's disease and other dementias,3,Rate,2018,73.0094044537,82.94569799131,62.811433198619994
1,All Population,6,Incidence,210,Liberia,3,Both,27,Age-standardized,543,Alzheimer's disease and other dementias,2,Percent,2004,0.0001342138855254,0.0001559802713983,0.0001157717172411
1,All Population,6,Incidence,210,Liberia,3,Both,27,Age-standardized,543,Alzheimer's disease and other dementias,3,Rate,2004,72.84235814655,83.28974282039,63.12651931352
1,All Population,6,Incidence,210,Liberia,3,Both,27,Age-standardized,543,Alzheimer's disease and other dementias,2,Percent,2013,0.0001434235512207,0.0001641818841883,0.0001221991099969
1,All Population,6,Incidence,210,Liberia,3,Both,27,Age-standardized,543,Alzheimer's disease and other dementias,3,Rate,2013,71.86116819342,82.4687709703,61.505055456070004
1,All Population,6,Incidence,215,Sao Tome and Principe,3,Both,27,Age-standardized,543,Alzheimer's disease and other dementias,2,Percent,2001,0.0001376450551791,0.0001602518411708,0.0001165465704171
1,All Population,6,Incidence,215,Sao Tome and Principe,3,Both,27,Age-standardized,543,Alzheimer's disease and other dementias,3,Rate,2001,72.78452149489,83.45291892316999,62.85285129369
1,All Population,6,Incidence,201,Burkina Faso,3,Both,27,Age-standardized,543,Alzheimer's disease and other dementias,2,Percent,2000,0.0001306821096762,0.0001496781297496,0.0001131977621978
1,All Population,6,Incidence,201,Burkina Faso,3,Both,27,Age-standardized,543,Alzheimer's disease and other dementias,3,Rate,2000,78.22646823762,89.45869854613,67.39349857517
1,All Population,6,Incidence,200,Benin,3,Both,27,Age-standardized,543,Alzheimer's disease and other dementias,2,Percent,2006,0.0001422963438634,0.0001644431488219,0.0001243816648855
1,All Population,6,Incidence,200,Benin,3,Both,27,Age-standardized,543,Alzheimer's disease and other dementias,3,Rate,2006,73.77448910013,84.55311883768,64.71862959024
1,All Population,6,Incidence,201,Burkina Faso,3,Both,27,Age-standardized,543,Alzheimer's disease and other dementias,2,Percent,2001,0.0001314200448695,0.0001509507846441,0.000113661216531
1,All Population,6,Incidence,201,Burkina Faso,3,Both,27,Age-standardized,543,Alzheimer's disease and other dementias,3,Rate,2001,77.966666669,88.96386430975001,67.38031499908
1,All Population,6,Incidence,205,Côte d'Ivoire,3,Both,27,Age-standardized,543,Alzheimer's disease and other dementias,2,Percent,2009,0.0001438534449534,0.0001647557336606,0.0001225410122896
1,All Population,6,Incidence,205,Côte d'Ivoire,3,Both,27,Age-standardized,543,Alzheimer's disease and other dementias,3,Rate,2009,72.34777593883,82.38412147434,62.14850578741
1,All Population,6,Incidence,211,Mali,3,Both,27,Age-standardized,543,Alzheimer's disease and other dementias,2,Percent,2015,0.000158184744336,0.0001814768616677,0.0001353620573463
1,All Population,6,Incidence,211,Mali,3,Both,27,Age-standardized,543,Alzheimer's disease and other dementias,3,Rate,2015,73.50529366285,84.48608429101999,62.513946066269995
1,All Population,6,Incidence,202,Cameroon,3,Both,27,Age-standardized,543,Alzheimer's disease and other dementias,2,Percent,2007,0.0001272949603343,0.0001453057151645,0.0001078797931376
1,All Population,6,Incidence,202,Cameroon,3,Both,27,Age-standardized,543,Alzheimer's disease and other dementias,3,Rate,2007,71.93103033574,81.87230472573,61.41076347814
1,All Population,6,Incidence,205,Côte d'Ivoire,3,Both,27,Age-standardized,543,Alzheimer's disease and other dementias,2,Percent,2000,0.0001433714938889,0.0001650851578176,0.0001232922732977
1,All Population,6,Incidence,205,Côte d'Ivoire,3,Both,27,Age-standardized,543,Alzheimer's disease and other dementias,3,Rate,2000,73.40667158513,84.75303463989,63.56798678466
1,All Population,6,Incidence,207,Ghana,3,Both,27,Age-standardized,543,Alzheimer's disease and other dementias,2,Percent,2020,0.0001663095995978,0.0001902557492784,0.0001414348809526
1,All Population,6,Incidence,207,Ghana,3,Both,27,Age-standardized,543,Alzheimer's disease and other dementias,3,Rate,2020,72.37992643255,82.37124289383999,62.322555818930006
1,All Population,6,Incidence,216,Senegal,3,Both,27,Age-standardized,543,Alzheimer's disease and other dementias,2,Percent,1999,0.0001393778828861,0.0001603884909573,0.0001186316698142
1,All Population,6,Incidence,216,Senegal,3,Both,27,Age-standardized,543,Alzheimer's disease and other dementias,3,Rate,1999,74.99169565543,86.19410304053,64.12349584539
1,All Population,6,Incidence,200,Benin,3,Both,27,Age-standardized,543,Alzheimer's disease and other dementias,2,Percent,2014,0.0001521663289331,0.0001756774713519,0.0001308892694986
1,All Population,6,Incidence,200,Benin,3,Both,27,Age-standardized,543,Alzheimer's disease and other dementias,3,Rate,2014,72.24355740704,81.89478133884,62.997401459849996
1,All Population,6,Incidence,215,Sao Tome and Principe,3,Both,27,Age-standardized,543,Alzheimer's disease and other dementias,2,Percent,2011,0.0001544673085652,0.0001792275959576,0.0001318981149824
1,All Population,6,Incidence,215,Sao Tome and Principe,3,Both,27,Age-standardized,543,Alzheimer's disease and other dementias,3,Rate,2011,71.74633540344999,82.84454476298001,62.07232851042
1,All Population,6,Incidence,209,Guinea-Bissau,3,Both,27,Age-standardized,543,Alzheimer's disease and other dementias,2,Percent,2013,0.0001455835795747,0.0001674458437984,0.0001232402003818
1,All Population,6,Incidence,209,Guinea-Bissau,3,Both,27,Age-standardized,543,Alzheimer's disease and other dementias,3,Rate,2013,72.10653475745,82.35036555324,61.81549704335001
1,All Population,6,Incidence,208,Guinea,3,Both,27,Age-standardized,543,Alzheimer's disease and other dementias,2,Percent,2001,0.0001389615976786,0.0001618414490116,0.0001182739046837
1,All Population,6,Incidence,208,Guinea,3,Both,27,Age-standardized,543,Alzheimer's disease and other dementias,3,Rate,2001,75.40051199676,86.21797619131,65.23579053776001
1,All Population,6,Incidence,212,Mauritania,3,Both,27,Age-standardized,543,Alzheimer's disease and other dementias,2,Percent,2003,0.0001620477164677,0.0001849404881536,0.0001386260436055
1,All Population,6,Incidence,212,Mauritania,3,Both,27,Age-standardized,543,Alzheimer's disease and other dementias,3,Rate,2003,74.29349135121,84.25018223085999,63.98594192923
1,All Population,6,Incidence,211,Mali,3,Both,27,Age-standardized,543,Alzheimer's disease and other dementias,2,Percent,2012,0.0001545152500556,0.0001789658714614,0.0001314493387488
1,All Population,6,Incidence,211,Mali,3,Both,27,Age-standardized,543,Alzheimer's disease and other dementias,3,Rate,2012,74.04083567196,85.58585009829001,63.62701220183
1,All Population,6,Incidence,213,Niger,3,Both,27,Age-standardized,543,Alzheimer's disease and other dementias,2,Percent,2007,0.0001303391982946,0.0001493289811702,0.0001116989735142
1,All Population,6,Incidence,213,Niger,3,Both,27,Age-standardized,543,Alzheimer's disease and other dementias,3,Rate,2007,76.62423796358,87.69614986194999,66.26047048625
1,All Population,6,Incidence,205,Côte d'Ivoire,3,Both,27,Age-standardized,543,Alzheimer's disease and other dementias,2,Percent,2010,0.0001433151180893,0.0001643933189792,0.0001222583553595
1,All Population,6,Incidence,205,Côte d'Ivoire,3,Both,27,Age-standardized,543,Alzheimer's disease and other dementias,3,Rate,2010,72.25460880282,82.28016995794,62.259461922140005
1,All Population,6,Incidence,204,Chad,3,Both,27,Age-standardized,543,Alzheimer's disease and other dementias,2,Percent,2013,0.0001292377899077,0.0001491221728484,0.0001103471368637
1,All Population,6,Incidence,204,Chad,3,Both,27,Age-standardized,543,Alzheimer's disease and other dementias,3,Rate,2013,73.34139430615001,84.17677620943,62.99869362912
1,All Population,6,Incidence,209,Guinea-Bissau,3,Both,27,Age-standardized,543,Alzheimer's disease and other dementias,2,Percent,2016,0.0001509906501815,0.000173597948517,0.000127921391781
1,All Population,6,Incidence,209,Guinea-Bissau,3,Both,27,Age-standardized,543,Alzheimer's disease and other dementias,3,Rate,2016,71.85057118956,82.1355380612,61.17468245279999
1,All Population,6,Incidence,213,Niger,3,Both,27,Age-standardized,543,Alzheimer's disease and other dementias,2,Percent,2010,0.0001346313965683,0.0001554900907008,0.0001155814884015
1,All Population,6,Incidence,213,Niger,3,Both,27,Age-standardized,543,Alzheimer's disease and other dementias,3,Rate,2010,75.98835197395,87.10338612575,65.2644425634
1,All Population,6,Incidence,212,Mauritania,3,Both,27,Age-standardized,543,Alzheimer's disease and other dementias,2,Percent,2019,0.0001764128818448,0.0002035582739644,0.0001502052189031
1,All Population,6,Incidence,212,Mauritania,3,Both,27,Age-standardized,543,Alzheimer's disease and other dementias,3,Rate,2019,71.68258804946,82.48330472958,61.058099973510004
1,All Population,6,Incidence,202,Cameroon,3,Both,27,Age-standardized,543,Alzheimer's disease and other dementias,2,Percent,2008,0.0001277305069603,0.0001463863996124,0.0001082403027562
1,All Population,6,Incidence,202,Cameroon,3,Both,27,Age-standardized,543,Alzheimer's disease and other dementias,3,Rate,2008,71.78143736397,81.66769298352,60.98953719394
1,All Population,6,Incidence,216,Senegal,3,Both,27,Age-standardized,543,Alzheimer's disease and other dementias,2,Percent,2008,0.000148746557308,0.000172364048012,0.000127174513577
1,All Population,6,Incidence,216,Senegal,3,Both,27,Age-standardized,543,Alzheimer's disease and other dementias,3,Rate,2008,73.42834069002001,84.23768493614,63.452442556090006
1,All Population,6,Incidence,201,Burkina Faso,3,Both,27,Age-standardized,543,Alzheimer's disease and other dementias,2,Percent,2011,0.0001459851236742,0.0001679665669089,0.0001249936509584
1,All Population,6,Incidence,201,Burkina Faso,3,Both,27,Age-standardized,543,Alzheimer's disease and other dementias,3,Rate,2011,76.01156926974,86.53756648752,65.43775753598
1,All Population,6,Incidence,215,Sao Tome and Principe,3,Both,27,Age-standardized,543,Alzheimer's disease and other dementias,2,Percent,2000,0.0001386406872535,0.0001616914760005,0.0001170669271737
1,All Population,6,Incidence,215,Sao Tome and Principe,3,Both,27,Age-standardized,543,Alzheimer's disease and other dementias,3,Rate,2000,72.91699210939001,83.81189880833,62.80587225106999
1,All Population,6,Incidence,203,Cabo Verde,3,Both,27,Age-standardized,543,Alzheimer's disease and other dementias,2,Percent,2018,0.0001851649036783,0.0002147431637204,0.0001572707776107
1,All Population,6,Incidence,203,Cabo Verde,3,Both,27,Age-standardized,543,Alzheimer's disease and other dementias,3,Rate,2018,73.12318659113,84.39966028188,62.49217667413
1,All Population,6,Incidence,200,Benin,3,Both,27,Age-standardized,543,Alzheimer's disease and other dementias,2,Percent,2015,0.0001520638076232,0.0001750130204658,0.0001303790343357
1,All Population,6,Incidence,200,Benin,3,Both,27,Age-standardized,543,Alzheimer's disease and other dementias,3,Rate,2015,72.06323339196,81.83934003933001,62.500424353149995
1,All Population,6,Incidence,208,Guinea,3,Both,27,Age-standardized,543,Alzheimer's disease and other dementias,2,Percent,2018,0.000158071958124,0.0001815342010669,0.0001343300944883
1,All Population,6,Incidence,208,Guinea,3,Both,27,Age-standardized,543,Alzheimer's disease and other dementias,3,Rate,2018,71.96333001391,82.58087538337,61.64563435338
1,All Population,6,Incidence,205,Côte d'Ivoire,3,Both,27,Age-standardized,543,Alzheimer's disease and other dementias,2,Percent,2015,0.0001509419536407,0.0001732906470637,0.0001287000934612
1,All Population,6,Incidence,205,Côte d'Ivoire,3,Both,27,Age-standardized,543,Alzheimer's disease and other dementias,3,Rate,2015,71.72152112276,82.4328747673,61.74227140197
1,All Population,6,Incidence,212,Mauritania,3,Both,27,Age-standardized,543,Alzheimer's disease and other dementias,2,Percent,2015,0.0001662051808541,0.0001904399564043,0.0001429872674056
1,All Population,6,Incidence,212,Mauritania,3,Both,27,Age-standardized,543,Alzheimer's disease and other dementias,3,Rate,2015,72.42588652577,83.32173480679,62.463095139
1,All Population,6,Incidence,211,Mali,3,Both,27,Age-standardized,543,Alzheimer's disease and other dementias,2,Percent,2017,0.0001639858836386,0.0001880336207267,0.0001411328440151
1,All Population,6,Incidence,211,Mali,3,Both,27,Age-standardized,543,Alzheimer's disease and other dementias,3,Rate,2017,73.11035225119001,84.06044258742,62.23465103114
1,All Population,6,Incidence,211,Mali,3,Both,27,Age-standardized,543,Alzheimer's disease and other dementias,2,Percent,2004,0.000145193907161,0.0001673975226258,0.0001234651854082
1,All Population,6,Incidence,211,Mali,3,Both,27,Age-standardized,543,Alzheimer's disease and other dementias,3,Rate,2004,74.89624431193,85.16625994486999,64.18299166461
1,All Population,6,Incidence,211,Mali,3,Both,27,Age-standardized,543,Alzheimer's disease and other dementias,2,Percent,2013,0.0001543788607715,0.0001781416937433,0.0001318230287427
1,All Population,6,Incidence,211,Mali,3,Both,27,Age-standardized,543,Alzheimer's disease and other dementias,3,Rate,2013,73.84014522862999,85.23536743936,63.14406571722
1,All Population,6,Incidence,200,Benin,3,Both,27,Age-standardized,543,Alzheimer's disease and other dementias,2,Percent,2003,0.0001404195577892,0.0001616338038298,0.000122267037137
1,All Population,6,Incidence,200,Benin,3,Both,27,Age-standardized,543,Alzheimer's disease and other dementias,3,Rate,2003,74.17935675814999,84.02582711117,65.27057345279
1,All Population,6,Incidence,205,Côte d'Ivoire,3,Both,27,Age-standardized,543,Alzheimer's disease and other dementias,2,Percent,2012,0.0001459520416715,0.0001672210685466,0.0001243834410784
1,All Population,6,Incidence,205,Côte d'Ivoire,3,Both,27,Age-standardized,543,Alzheimer's disease and other dementias,3,Rate,2012,72.06257991417,82.2733986659,62.298168225059996
1,All Population,6,Incidence,218,Togo,3,Both,27,Age-standardized,543,Alzheimer's disease and other dementias,2,Percent,2018,0.0001403750181207,0.0001605920618249,0.0001202084572441
1,All Population,6,Incidence,218,Togo,3,Both,27,Age-standardized,543,Alzheimer's disease and other dementias,3,Rate,2018,73.00795629632,83.32031291947,63.09197287509
1,All Population,6,Incidence,215,Sao Tome and Principe,3,Both,27,Age-standardized,543,Alzheimer's disease and other dementias,2,Percent,2013,0.0001571745025158,0.0001821678462763,0.0001336768490638
1,All Population,6,Incidence,215,Sao Tome and Principe,3,Both,27,Age-standardized,543,Alzheimer's disease and other dementias,3,Rate,2013,71.50008926247,82.34504187748,61.631518689749996
1,All Population,6,Incidence,208,Guinea,3,Both,27,Age-standardized,543,Alzheimer's disease and other dementias,2,Percent,2020,0.0001447306431872,0.0001669902963212,0.0001244345995889
1,All Population,6,Incidence,208,Guinea,3,Both,27,Age-standardized,543,Alzheimer's disease and other dementias,3,Rate,2020,71.57071094036,82.64777923263,61.59822494654
1,All Population,6,Incidence,207,Ghana,3,Both,27,Age-standardized,543,Alzheimer's disease and other dementias,2,Percent,2022,0.0001429318826782,0.0001717169957373,0.0001101757149647
1,All Population,6,Incidence,207,Ghana,3,Both,27,Age-standardized,543,Alzheimer's disease and other dementias,3,Rate,2022,72.19577937655,82.20755206248,61.94789711525
1,All Population,6,Incidence,207,Ghana,3,Both,27,Age-standardized,543,Alzheimer's disease and other dementias,2,Percent,2003,0.000155114989055,0.0001780716415602,0.0001325143734302
1,All Population,6,Incidence,207,Ghana,3,Both,27,Age-standardized,543,Alzheimer's disease and other dementias,3,Rate,2003,75.07960869476,86.58499255213,64.54252775339
1,All Population,6,Incidence,200,Benin,3,Both,27,Age-standardized,543,Alzheimer's disease and other dementias,2,Percent,2013,0.0001519043490662,0.0001746989524236,0.0001310362271835
1,All Population,6,Incidence,200,Benin,3,Both,27,Age-standardized,543,Alzheimer's disease and other dementias,3,Rate,2013,72.42563689268,82.20291041093,63.496501148229996
1,All Population,6,Incidence,206,Gambia,3,Both,27,Age-standardized,543,Alzheimer's disease and other dementias,2,Percent,2007,0.0001581273627206,0.0001827082583636,0.0001342508796472
1,All Population,6,Incidence,206,Gambia,3,Both,27,Age-standardized,543,Alzheimer's disease and other dementias,3,Rate,2007,73.64658358901,84.90606279849,63.22908260031
1,All Population,6,Incidence,204,Chad,3,Both,27,Age-standardized,543,Alzheimer's disease and other dementias,2,Percent,2002,0.0001278547518597,0.0001469234512254,0.0001086791205453
1,All Population,6,Incidence,204,Chad,3,Both,27,Age-standardized,543,Alzheimer's disease and other dementias,3,Rate,2002,75.893967902,87.3225847376,64.76764724503
1,All Population,6,Incidence,204,Chad,3,Both,27,Age-standardized,543,Alzheimer's disease and other dementias,2,Percent,2014,0.0001290591759676,0.0001491552443726,0.000110596241133
1,All Population,6,Incidence,204,Chad,3,Both,27,Age-standardized,543,Alzheimer's disease and other dementias,3,Rate,2014,73.06181960512,83.99965606738,62.92076769498001
1,All Population,6,Incidence,210,Liberia,3,Both,27,Age-standardized,543,Alzheimer's disease and other dementias,2,Percent,2020,0.0001375890361543,0.0001598510741395,0.0001165938515905
1,All Population,6,Incidence,210,Liberia,3,Both,27,Age-standardized,543,Alzheimer's disease and other dementias,3,Rate,2020,70.85750436389,80.9187935596,60.96021140584
1,All Population,6,Incidence,214,Nigeria,3,Both,27,Age-standardized,543,Alzheimer's disease and other dementias,2,Percent,2006,0.0001256649551762,0.0001441059578583,0.0001072313229187
1,All Population,6,Incidence,214,Nigeria,3,Both,27,Age-standardized,543,Alzheimer's disease and other dementias,3,Rate,2006,66.89860769376,76.84486823973,57.49234467134
1,All Population,6,Incidence,212,Mauritania,3,Both,27,Age-standardized,543,Alzheimer's disease and other dementias,2,Percent,2012,0.0001653426716067,0.0001894531040212,0.0001421747645413
1,All Population,6,Incidence,212,Mauritania,3,Both,27,Age-standardized,543,Alzheimer's disease and other dementias,3,Rate,2012,72.95407877252,83.56443418776999,62.5436781722
1,All Population,6,Incidence,213,Niger,3,Both,27,Age-standardized,543,Alzheimer's disease and other dementias,2,Percent,2003,0.0001277550581281,0.000147025859367,0.0001102453681507
1,All Population,6,Incidence,213,Niger,3,Both,27,Age-standardized,543,Alzheimer's disease and other dementias,3,Rate,2003,77.30196881863,88.68893074281,66.83991598735001
1,All Population,6,Incidence,209,Guinea-Bissau,3,Both,27,Age-standardized,543,Alzheimer's disease and other dementias,2,Percent,2001,0.0001335249638584,0.0001548917730926,0.0001139977724605
1,All Population,6,Incidence,209,Guinea-Bissau,3,Both,27,Age-standardized,543,Alzheimer's disease and other dementias,3,Rate,2001,72.64208097031,83.77457843952,62.60032304538
1,All Population,6,Incidence,207,Ghana,3,Both,27,Age-standardized,543,Alzheimer's disease and other dementias,2,Percent,2023,0.0001565619255949,0.0001966260640817,0.0001117788354273
1,All Population,6,Incidence,207,Ghana,3,Both,27,Age-standardized,543,Alzheimer's disease and other dementias,3,Rate,2023,72.23637444589,82.73817559836,62.505514045480005
1,All Population,6,Incidence,207,Ghana,3,Both,27,Age-standardized,543,Alzheimer's disease and other dementias,2,Percent,2021,0.0001416025058848,0.0001654143074642,0.0001189134591051
1,All Population,6,Incidence,207,Ghana,3,Both,27,Age-standardized,543,Alzheimer's disease and other dementias,3,Rate,2021,72.26663460985,82.14630617438999,62.09663131429
1,All Population,6,Incidence,207,Ghana,3,Both,27,Age-standardized,543,Alzheimer's disease and other dementias,2,Percent,2004,0.0001563276382571,0.0001804764648821,0.0001335233455382
1,All Population,6,Incidence,207,Ghana,3,Both,27,Age-standardized,543,Alzheimer's disease and other dementias,3,Rate,2004,74.98606580908,86.67597605348999,64.3774340629
1,All Population,6,Incidence,211,Mali,3,Both,27,Age-standardized,543,Alzheimer's disease and other dementias,2,Percent,2022,0.0001383646590383,0.000170589630034,0.0001087010910605
1,All Population,6,Incidence,211,Mali,3,Both,27,Age-standardized,543,Alzheimer's disease and other dementias,3,Rate,2022,72.50041638123,82.69290978764,62.439540291099995
1,All Population,6,Incidence,210,Liberia,3,Both,27,Age-standardized,543,Alzheimer's disease and other dementias,2,Percent,2022,0.0001250183894303,0.000145673024436,0.0001040319338272
1,All Population,6,Incidence,210,Liberia,3,Both,27,Age-standardized,543,Alzheimer's disease and other dementias,3,Rate,2022,70.73399826946,80.89300483708,59.71011931592
1,All Population,6,Incidence,206,Gambia,3,Both,27,Age-standardized,543,Alzheimer's disease and other dementias,2,Percent,2000,0.00015226672492,0.0001776464493131,0.0001301312867088
1,All Population,6,Incidence,206,Gambia,3,Both,27,Age-standardized,543,Alzheimer's disease and other dementias,3,Rate,2000,74.67436234247,85.59006643138,64.05696518537
1,All Population,6,Incidence,203,Cabo Verde,3,Both,27,Age-standardized,543,Alzheimer's disease and other dementias,2,Percent,2020,0.0001610986308852,0.0001880168690708,0.0001369790667679
1,All Population,6,Incidence,203,Cabo Verde,3,Both,27,Age-standardized,543,Alzheimer's disease and other dementias,3,Rate,2020,72.87886474362999,83.9251393816,62.408555974049996
1,All Population,6,Incidence,218,Togo,3,Both,27,Age-standardized,543,Alzheimer's disease and other dementias,2,Percent,2019,0.0001424147815413,0.0001637540701668,0.0001221846372338
1,All Population,6,Incidence,218,Togo,3,Both,27,Age-standardized,543,Alzheimer's disease and other dementias,3,Rate,2019,72.83175917806,83.10347795538,62.93277801809
1,All Population,6,Incidence,217,Sierra Leone,3,Both,27,Age-standardized,543,Alzheimer's disease and other dementias,2,Percent,1999,0.0001313190791032,0.0001526148227002,0.0001119686478849
1,All Population,6,Incidence,217,Sierra Leone,3,Both,27,Age-standardized,543,Alzheimer's disease and other dementias,3,Rate,1999,76.87845220621,88.03881207158,66.30812933441
1,All Population,6,Incidence,209,Guinea-Bissau,3,Both,27,Age-standardized,543,Alzheimer's disease and other dementias,2,Percent,2018,0.0001549545555205,0.0001776247533244,0.0001311381512609
1,All Population,6,Incidence,209,Guinea-Bissau,3,Both,27,Age-standardized,543,Alzheimer's disease and other dementias,3,Rate,2018,71.49207521388,82.13400270061,61.08940936839
1,All Population,6,Incidence,216,Senegal,3,Both,27,Age-standardized,543,Alzheimer's disease and other dementias,2,Percent,2001,0.0001419603829565,0.0001635990410754,0.0001209016700709
1,All Population,6,Incidence,216,Senegal,3,Both,27,Age-standardized,543,Alzheimer's disease and other dementias,3,Rate,2001,74.66348977051,85.83982300868,63.69939814632
1,All Population,6,Incidence,209,Guinea-Bissau,3,Both,27,Age-standardized,543,Alzheimer's disease and other dementias,2,Percent,2020,0.0001361815756396,0.0001579513204425,0.0001147611402996
1,All Population,6,Incidence,209,Guinea-Bissau,3,Both,27,Age-standardized,543,Alzheimer's disease and other dementias,3,Rate,2020,71.21859043214,82.17897945885,60.91804201509
1,All Population,6,Incidence,201,Burkina Faso,3,Both,27,Age-standardized,543,Alzheimer's disease and other dementias,2,Percent,2006,0.0001384416662424,0.0001595524448492,0.0001186392266573
1,All Population,6,Incidence,201,Burkina Faso,3,Both,27,Age-standardized,543,Alzheimer's disease and other dementias,3,Rate,2006,76.93469771668,87.64509413668,66.67461482115999
1,All Population,6,Incidence,208,Guinea,3,Both,27,Age-standardized,543,Alzheimer's disease and other dementias,2,Percent,2021,0.0001307904988363,0.0001524907497177,0.0001107062520332
1,All Population,6,Incidence,208,Guinea,3,Both,27,Age-standardized,543,Alzheimer's disease and other dementias,3,Rate,2021,71.37706519874,81.67767725353,60.9192404095
1,All Population,6,Incidence,208,Guinea,3,Both,27,Age-standardized,543,Alzheimer's disease and other dementias,2,Percent,2022,0.0001225414075832,0.0001525096239344,0.0001015260622367
1,All Population,6,Incidence,208,Guinea,3,Both,27,Age-standardized,543,Alzheimer's disease and other dementias,3,Rate,2022,71.21338904148,81.45141010164001,60.674997509369994
1,All Population,6,Incidence,200,Benin,3,Both,27,Age-standardized,543,Alzheimer's disease and other dementias,2,Percent,2004,0.000140765251107,0.0001624843692882,0.0001224910258394
1,All Population,6,Incidence,200,Benin,3,Both,27,Age-standardized,543,Alzheimer's disease and other dementias,3,Rate,2004,74.0577336904,84.46899619310001,65.06255068665
1,All Population,6,Incidence,202,Cameroon,3,Both,27,Age-standardized,543,Alzheimer's disease and other dementias,2,Percent,2001,0.0001265826832823,0.0001458436866843,0.0001078967009068
1,All Population,6,Incidence,202,Cameroon,3,Both,27,Age-standardized,543,Alzheimer's disease and other dementias,3,Rate,2001,72.60871395177,82.49794657023,61.8243938083
1,All Population,6,Incidence,210,Liberia,3,Both,27,Age-standardized,543,Alzheimer's disease and other dementias,2,Percent,2018,0.0001478120814526,0.0001695232611144,0.000125484726429
1,All Population,6,Incidence,210,Liberia,3,Both,27,Age-standardized,543,Alzheimer's disease and other dementias,3,Rate,2018,71.11922658195999,81.80057057289001,61.43910736257
1,All Population,6,Incidence,213,Niger,3,Both,27,Age-standardized,543,Alzheimer's disease and other dementias,2,Percent,2019,0.000147519483413,0.0001696720532046,0.0001264123747689
1,All Population,6,Incidence,213,Niger,3,Both,27,Age-standardized,543,Alzheimer's disease and other dementias,3,Rate,2019,74.22017907637999,84.37638259582,63.48470729047
1,All Population,6,Incidence,210,Liberia,3,Both,27,Age-standardized,543,Alzheimer's disease and other dementias,2,Percent,2021,0.0001223712802503,0.0001411770995605,0.00010380076666
1,All Population,6,Incidence,210,Liberia,3,Both,27,Age-standardized,543,Alzheimer's disease and other dementias,3,Rate,2021,70.80457223306999,81.23786416739,60.60252746534
1,All Population,6,Incidence,213,Niger,3,Both,27,Age-standardized,543,Alzheimer's disease and other dementias,2,Percent,2015,0.000141976577455,0.0001621649112542,0.0001219966650883
1,All Population,6,Incidence,213,Niger,3,Both,27,Age-standardized,543,Alzheimer's disease and other dementias,3,Rate,2015,74.98086898772999,85.96658861692,63.86812551809
1,All Population,6,Incidence,212,Mauritania,3,Both,27,Age-standardized,543,Alzheimer's disease and other dementias,2,Percent,2013,0.0001658760602624,0.0001900909195126,0.0001427181549372
1,All Population,6,Incidence,212,Mauritania,3,Both,27,Age-standardized,543,Alzheimer's disease and other dementias,3,Rate,2013,72.7146082605,83.28034217116999,62.57264852253
1,All Population,6,Incidence,206,Gambia,3,Both,27,Age-standardized,543,Alzheimer's disease and other dementias,2,Percent,2010,0.0001587221835139,0.0001833469804595,0.0001341656965074
1,All Population,6,Incidence,206,Gambia,3,Both,27,Age-standardized,543,Alzheimer's disease and other dementias,3,Rate,2010,73.12812168123,83.7678227904,62.07166667867
1,All Population,6,Incidence,205,Côte d'Ivoire,3,Both,27,Age-standardized,543,Alzheimer's disease and other dementias,2,Percent,2013,0.0001484114010796,0.0001701747883709,0.0001263771307301
1,All Population,6,Incidence,205,Côte d'Ivoire,3,Both,27,Age-standardized,543,Alzheimer's disease and other dementias,3,Rate,2013,71.94353251186,82.26432121978,62.19443083327
1,All Population,6,Incidence,203,Cabo Verde,3,Both,27,Age-standardized,543,Alzheimer's disease and other dementias,2,Percent,2016,0.0001791050170474,0.0002071424452012,0.0001516380115933
1,All Population,6,Incidence,203,Cabo Verde,3,Both,27,Age-standardized,543,Alzheimer's disease and other dementias,3,Rate,2016,73.43376986497,85.37856280131,62.86668986557
1,All Population,6,Incidence,218,Togo,3,Both,27,Age-standardized,543,Alzheimer's disease and other dementias,2,Percent,2002,0.0001277932779326,0.0001468071028769,0.0001087725295877
1,All Population,6,Incidence,218,Togo,3,Both,27,Age-standardized,543,Alzheimer's disease and other dementias,3,Rate,2002,74.65289631668,85.19620091830001,64.48246765859001
1,All Population,6,Incidence,206,Gambia,3,Both,27,Age-standardized,543,Alzheimer's disease and other dementias,2,Percent,2015,0.0001620815751913,0.0001877378707942,0.000138059744779
1,All Population,6,Incidence,206,Gambia,3,Both,27,Age-standardized,543,Alzheimer's disease and other dementias,3,Rate,2015,72.3422235103,83.15670206195999,62.10063764472
1,All Population,6,Incidence,218,Togo,3,Both,27,Age-standardized,543,Alzheimer's disease and other dementias,2,Percent,2020,0.0001368871944499,0.000158522845927,0.0001167779612127
1,All Population,6,Incidence,218,Togo,3,Both,27,Age-standardized,543,Alzheimer's disease and other dementias,3,Rate,2020,72.665366585,83.3742158951,62.629436369569994
1,All Population,6,Incidence,208,Guinea,3,Both,27,Age-standardized,543,Alzheimer's disease and other dementias,2,Percent,2023,0.0001379740520864,0.0001795523385014,0.0001004139094206
1,All Population,6,Incidence,208,Guinea,3,Both,27,Age-standardized,543,Alzheimer's disease and other dementias,3,Rate,2023,71.27193360655,81.22126878444,60.93655262791
1,All Population,6,Incidence,212,Mauritania,3,Both,27,Age-standardized,543,Alzheimer's disease and other dementias,2,Percent,2004,0.0001634734935907,0.0001866883996086,0.0001401307128347
1,All Population,6,Incidence,212,Mauritania,3,Both,27,Age-standardized,543,Alzheimer's disease and other dementias,3,Rate,2004,74.16811957568,84.11592669766,64.00396404128
1,All Population,6,Incidence,212,Mauritania,3,Both,27,Age-standardized,543,Alzheimer's disease and other dementias,2,Percent,2017,0.0001702366136197,0.0001958284912782,0.0001453954476584
1,All Population,6,Incidence,212,Mauritania,3,Both,27,Age-standardized,543,Alzheimer's disease and other dementias,3,Rate,2017,72.08792887776,83.02620433491,61.86595191384001
1,All Population,6,Incidence,213,Niger,3,Both,27,Age-standardized,543,Alzheimer's disease and other dementias,2,Percent,2016,0.0001436250978739,0.00016344162167,0.0001237386055894
1,All Population,6,Incidence,213,Niger,3,Both,27,Age-standardized,543,Alzheimer's disease and other dementias,3,Rate,2016,74.8337834949,85.67004040636,63.74125388557
1,All Population,6,Incidence,213,Niger,3,Both,27,Age-standardized,543,Alzheimer's disease and other dementias,2,Percent,2012,0.0001371947511881,0.0001580298776857,0.0001173407977584
1,All Population,6,Incidence,213,Niger,3,Both,27,Age-standardized,543,Alzheimer's disease and other dementias,3,Rate,2012,75.60374702576999,86.46911395987,64.68287520109
1,All Population,6,Incidence,207,Ghana,3,Both,27,Age-standardized,543,Alzheimer's disease and other dementias,2,Percent,2007,0.0001595562265657,0.000183832843195,0.0001370937315674
1,All Population,6,Incidence,207,Ghana,3,Both,27,Age-standardized,543,Alzheimer's disease and other dementias,3,Rate,2007,74.77311894233,86.2246066278,64.31426298479
1,All Population,6,Incidence,211,Mali,3,Both,27,Age-standardized,543,Alzheimer's disease and other dementias,2,Percent,2020,0.0001527890929774,0.0001753694714197,0.0001307623912055
1,All Population,6,Incidence,211,Mali,3,Both,27,Age-standardized,543,Alzheimer's disease and other dementias,3,Rate,2020,72.58234914626,83.11451413825,62.09613894882
1,All Population,6,Incidence,216,Senegal,3,Both,27,Age-standardized,543,Alzheimer's disease and other dementias,2,Percent,2011,0.0001534365086871,0.0001782117519596,0.0001305074269315
1,All Population,6,Incidence,216,Senegal,3,Both,27,Age-standardized,543,Alzheimer's disease and other dementias,3,Rate,2011,73.06870527512001,84.01892158169001,63.04001902464
1,All Population,6,Incidence,202,Cameroon,3,Both,27,Age-standardized,543,Alzheimer's disease and other dementias,2,Percent,2000,0.0001267654534851,0.0001456837993465,0.0001082860249329
1,All Population,6,Incidence,202,Cameroon,3,Both,27,Age-standardized,543,Alzheimer's disease and other dementias,3,Rate,2000,72.72374225979,82.79259988703001,61.906599067600006
1,All Population,6,Incidence,201,Burkina Faso,3,Both,27,Age-standardized,543,Alzheimer's disease and other dementias,2,Percent,2014,0.0001533686699416,0.0001770133320425,0.0001311501193264
1,All Population,6,Incidence,201,Burkina Faso,3,Both,27,Age-standardized,543,Alzheimer's disease and other dementias,3,Rate,2014,75.4660935196,85.70501708635,64.88597913669
1,All Population,6,Incidence,204,Chad,3,Both,27,Age-standardized,543,Alzheimer's disease and other dementias,2,Percent,2018,0.0001314274284075,0.0001501469536901,0.0001126524472537
1,All Population,6,Incidence,204,Chad,3,Both,27,Age-standardized,543,Alzheimer's disease and other dementias,3,Rate,2018,72.13175968339,82.99479634208,62.278199066460004
1,All Population,6,Incidence,216,Senegal,3,Both,27,Age-standardized,543,Alzheimer's disease and other dementias,2,Percent,2007,0.0001468258170776,0.0001697673334147,0.0001260423075369
1,All Population,6,Incidence,216,Senegal,3,Both,27,Age-standardized,543,Alzheimer's disease and other dementias,3,Rate,2007,73.60272415719,84.00615470415,63.74272064323001
1,All Population,6,Incidence,203,Cabo Verde,3,Both,27,Age-standardized,543,Alzheimer's disease and other dementias,2,Percent,2021,0.000148899281872,0.000175759307682,0.0001278733221563
1,All Population,6,Incidence,203,Cabo Verde,3,Both,27,Age-standardized,543,Alzheimer's disease and other dementias,3,Rate,2021,72.6630991268,82.87090166924,62.50945488713
1,All Population,6,Incidence,208,Guinea,3,Both,27,Age-standardized,543,Alzheimer's disease and other dementias,2,Percent,2004,0.0001412426594806,0.0001632643942915,0.0001208469911215
1,All Population,6,Incidence,208,Guinea,3,Both,27,Age-standardized,543,Alzheimer's disease and other dementias,3,Rate,2004,74.84778154294,85.48318431592,64.46022952834001
1,All Population,6,Incidence,209,Guinea-Bissau,3,Both,27,Age-standardized,543,Alzheimer's disease and other dementias,2,Percent,2003,0.0001368520777492,0.0001583800926772,0.0001170700244451
1,All Population,6,Incidence,209,Guinea-Bissau,3,Both,27,Age-standardized,543,Alzheimer's disease and other dementias,3,Rate,2003,72.53945043517,83.65233791014,62.2859823324
1,All Population,6,Incidence,212,Mauritania,3,Both,27,Age-standardized,543,Alzheimer's disease and other dementias,2,Percent,2022,0.0001415002779323,0.0001740460680894,0.0001147465560329
1,All Population,6,Incidence,212,Mauritania,3,Both,27,Age-standardized,543,Alzheimer's disease and other dementias,3,Rate,2022,71.51475873346,82.28440031688,61.16167614903
1,All Population,6,Incidence,216,Senegal,3,Both,27,Age-standardized,543,Alzheimer's disease and other dementias,2,Percent,2000,0.0001386243952228,0.0001595338817937,0.0001184290674193
1,All Population,6,Incidence,216,Senegal,3,Both,27,Age-standardized,543,Alzheimer's disease and other dementias,3,Rate,2000,74.83355570798,86.03358065153,63.71886212213
1,All Population,6,Incidence,217,Sierra Leone,3,Both,27,Age-standardized,543,Alzheimer's disease and other dementias,2,Percent,2008,0.0001453344035429,0.0001665642642389,0.0001246319580403
1,All Population,6,Incidence,217,Sierra Leone,3,Both,27,Age-standardized,543,Alzheimer's disease and other dementias,3,Rate,2008,76.27494332245,87.28915484065,65.83871923153
1,All Population,6,Incidence,201,Burkina Faso,3,Both,27,Age-standardized,543,Alzheimer's disease and other dementias,2,Percent,2015,0.0001559663758446,0.000179820326361,0.0001329090881728
1,All Population,6,Incidence,201,Burkina Faso,3,Both,27,Age-standardized,543,Alzheimer's disease and other dementias,3,Rate,2015,75.31614304589,85.77232069672999,64.64782101248
1,All Population,6,Incidence,204,Chad,3,Both,27,Age-standardized,543,Alzheimer's disease and other dementias,2,Percent,2004,0.0001269907644889,0.0001462722945308,0.0001074400438181
1,All Population,6,Incidence,204,Chad,3,Both,27,Age-standardized,543,Alzheimer's disease and other dementias,3,Rate,2004,75.43389235715999,87.06329030250001,64.30076021514
1,All Population,6,Incidence,205,Côte d'Ivoire,3,Both,27,Age-standardized,543,Alzheimer's disease and other dementias,2,Percent,2002,0.0001430296354212,0.0001640620700291,0.0001219808620123
1,All Population,6,Incidence,205,Côte d'Ivoire,3,Both,27,Age-standardized,543,Alzheimer's disease and other dementias,3,Rate,2002,73.18887623785001,84.42097798873,62.87966206362
1,All Population,6,Incidence,205,Côte d'Ivoire,3,Both,27,Age-standardized,543,Alzheimer's disease and other dementias,2,Percent,2014,0.0001496822061587,0.000171667548081,0.0001275160381188
1,All Population,6,Incidence,205,Côte d'Ivoire,3,Both,27,Age-standardized,543,Alzheimer's disease and other dementias,3,Rate,2014,71.82068821071,82.40594842679,61.953995783580005
1,All Population,6,Incidence,214,Nigeria,3,Both,27,Age-standardized,543,Alzheimer's disease and other dementias,2,Percent,2002,0.0001236279664358,0.0001421581896806,0.0001054746599137
1,All Population,6,Incidence,214,Nigeria,3,Both,27,Age-standardized,543,Alzheimer's disease and other dementias,3,Rate,2002,67.51746030507,77.60513949551999,58.267232187119994
1,All Population,6,Incidence,214,Nigeria,3,Both,27,Age-standardized,543,Alzheimer's disease and other dementias,2,Percent,2017,0.0001381090435627,0.0001578066769562,0.0001177679287618
1,All Population,6,Incidence,214,Nigeria,3,Both,27,Age-standardized,543,Alzheimer's disease and other dementias,3,Rate,2017,66.61983307324999,76.08457879523,57.408244866089994
1,All Population,6,Incidence,200,Benin,3,Both,27,Age-standardized,543,Alzheimer's disease and other dementias,2,Percent,2017,0.0001512069592453,0.0001739840842287,0.0001306373648673
1,All Population,6,Incidence,200,Benin,3,Both,27,Age-standardized,543,Alzheimer's disease and other dementias,3,Rate,2017,71.55576694431001,81.13070146252,62.39913657643999
1,All Population,6,Incidence,211,Mali,3,Both,27,Age-standardized,543,Alzheimer's disease and other dementias,2,Percent,2018,0.0001657841713353,0.0001901646892943,0.0001423409669321
1,All Population,6,Incidence,211,Mali,3,Both,27,Age-standardized,543,Alzheimer's disease and other dementias,3,Rate,2018,72.87831324701999,83.90447132839999,62.116369285459996
1,All Population,6,Incidence,202,Cameroon,3,Both,27,Age-standardized,543,Alzheimer's disease and other dementias,2,Percent,2011,0.0001308706917057,0.0001517634342471,0.0001111096071074
1,All Population,6,Incidence,202,Cameroon,3,Both,27,Age-standardized,543,Alzheimer's disease and other dementias,3,Rate,2011,71.36968053854,81.41941082894,60.789146509039995
1,All Population,6,Incidence,209,Guinea-Bissau,3,Both,27,Age-standardized,543,Alzheimer's disease and other dementias,2,Percent,2022,0.0001077841748599,0.0001357492738722,8.67957474266e-05
1,All Population,6,Incidence,209,Guinea-Bissau,3,Both,27,Age-standardized,543,Alzheimer's disease and other dementias,3,Rate,2022,71.12994540331,82.03545902971,61.19719897486
1,All Population,6,Incidence,209,Guinea-Bissau,3,Both,27,Age-standardized,543,Alzheimer's disease and other dementias,2,Percent,2021,0.0001255603064058,0.0001495784946819,0.0001068165027219
1,All Population,6,Incidence,209,Guinea-Bissau,3,Both,27,Age-standardized,543,Alzheimer's disease and other dementias,3,Rate,2021,71.17013330751,82.23372681601,60.83519418528999
1,All Population,6,Incidence,211,Mali,3,Both,27,Age-standardized,543,Alzheimer's disease and other dementias,2,Percent,2021,0.0001343488129458,0.0001553010867476,0.000115704453739
1,All Population,6,Incidence,211,Mali,3,Both,27,Age-standardized,543,Alzheimer's disease and other dementias,3,Rate,2021,72.54762564292,82.99623086531,62.34913809354
1,All Population,6,Incidence,208,Guinea,3,Both,27,Age-standardized,543,Alzheimer's disease and other dementias,2,Percent,2007,0.0001436668511274,0.0001655467144894,0.0001224583356014
1,All Population,6,Incidence,208,Guinea,3,Both,27,Age-standardized,543,Alzheimer's disease and other dementias,3,Rate,2007,74.4295786507,85.41051750241999,64.30868939017999
1,All Population,6,Incidence,213,Niger,3,Both,27,Age-standardized,543,Alzheimer's disease and other dementias,2,Percent,2013,0.0001388042564328,0.0001593699533773,0.0001187378618484
1,All Population,6,Incidence,213,Niger,3,Both,27,Age-standardized,543,Alzheimer's disease and other dementias,3,Rate,2013,75.32414754852,86.04742001709,64.27682955652
1,All Population,6,Incidence,213,Niger,3,Both,27,Age-standardized,543,Alzheimer's disease and other dementias,2,Percent,2004,0.0001274703321823,0.0001474354188307,0.0001097943851137
1,All Population,6,Incidence,213,Niger,3,Both,27,Age-standardized,543,Alzheimer's disease and other dementias,3,Rate,2004,77.11505226735001,88.27380621443,66.74936918841
1,All Population,6,Incidence,212,Mauritania,3,Both,27,Age-standardized,543,Alzheimer's disease and other dementias,2,Percent,2020,0.0001547733903686,0.0001806652187436,0.0001321716061596
1,All Population,6,Incidence,212,Mauritania,3,Both,27,Age-standardized,543,Alzheimer's disease and other dementias,3,Rate,2020,71.61198039787999,82.47911232554999,61.19672629588
1,All Population,6,Incidence,203,Cabo Verde,3,Both,27,Age-standardized,543,Alzheimer's disease and other dementias,2,Percent,2022,0.0001419034230212,0.0001859861933083,0.0001031139639273
1,All Population,6,Incidence,203,Cabo Verde,3,Both,27,Age-standardized,543,Alzheimer's disease and other dementias,3,Rate,2022,72.45169326522,82.97873732202,62.030022697570004
1,All Population,6,Incidence,218,Togo,3,Both,27,Age-standardized,543,Alzheimer's disease and other dementias,2,Percent,2021,0.0001223406093506,0.000141273926312,0.0001041162111202
1,All Population,6,Incidence,218,Togo,3,Both,27,Age-standardized,543,Alzheimer's disease and other dementias,3,Rate,2021,72.49180519691,83.29754794632,62.15658421069
1,All Population,6,Incidence,218,Togo,3,Both,27,Age-standardized,543,Alzheimer's disease and other dementias,2,Percent,2022,0.0001237168336558,0.0001512810246719,0.0001001146075582
1,All Population,6,Incidence,218,Togo,3,Both,27,Age-standardized,543,Alzheimer's disease and other dementias,3,Rate,2022,72.4054158389,83.61818894817,62.31219942172
1,All Population,6,Incidence,209,Guinea-Bissau,3,Both,27,Age-standardized,543,Alzheimer's disease and other dementias,2,Percent,2023,0.0001076136298133,0.0001490074761789,7.18517396058e-05
1,All Population,6,Incidence,209,Guinea-Bissau,3,Both,27,Age-standardized,543,Alzheimer's disease and other dementias,3,Rate,2023,71.13076298463,81.71352250158,61.03061322076
1,All Population,6,Incidence,209,Guinea-Bissau,3,Both,27,Age-standardized,543,Alzheimer's disease and other dementias,2,Percent,2004,0.0001384686363963,0.0001600558677606,0.000119255175845
1,All Population,6,Incidence,209,Guinea-Bissau,3,Both,27,Age-standardized,543,Alzheimer's disease and other dementias,3,Rate,2004,72.50281254249,83.61568528907,62.152191413580006
1,All Population,6,Incidence,213,Niger,3,Both,27,Age-standardized,543,Alzheimer's disease and other dementias,2,Percent,2017,0.0001456958717797,0.0001656660503254,0.0001254364380093
1,All Population,6,Incidence,213,Niger,3,Both,27,Age-standardized,543,Alzheimer's disease and other dementias,3,Rate,2017,74.6561283528,85.3820790464,63.63240710952
1,All Population,6,Incidence,213,Niger,3,Both,27,Age-standardized,543,Alzheimer's disease and other dementias,2,Percent,2022,0.000121505052386,0.0001450188757068,9.92738241579e-05
1,All Population,6,Incidence,213,Niger,3,Both,27,Age-standardized,543,Alzheimer's disease and other dementias,3,Rate,2022,74.00674646974,85.33494576284001,63.25094178187
1,All Population,6,Incidence,210,Liberia,3,Both,27,Age-standardized,543,Alzheimer's disease and other dementias,2,Percent,2008,0.0001376869385052,0.0001578555664614,0.0001179892872688
1,All Population,6,Incidence,210,Liberia,3,Both,27,Age-standardized,543,Alzheimer's disease and other dementias,3,Rate,2008,72.42789796826999,83.16008965111999,61.79016916894
1,All Population,6,Incidence,217,Sierra Leone,3,Both,27,Age-standardized,543,Alzheimer's disease and other dementias,2,Percent,2018,0.0001569186538615,0.0001797613746714,0.0001349829404611
1,All Population,6,Incidence,217,Sierra Leone,3,Both,27,Age-standardized,543,Alzheimer's disease and other dementias,3,Rate,2018,73.76342215783001,84.25201717259,63.06351444418
1,All Population,6,Incidence,214,Nigeria,3,Both,27,Age-standardized,543,Alzheimer's disease and other dementias,2,Percent,2016,0.0001366105805315,0.0001559364687169,0.0001163864319378
1,All Population,6,Incidence,214,Nigeria,3,Both,27,Age-standardized,543,Alzheimer's disease and other dementias,3,Rate,2016,66.75943065615,76.23854044226,57.57454307897
1,All Population,6,Incidence,200,Benin,3,Both,27,Age-standardized,543,Alzheimer's disease and other dementias,2,Percent,2016,0.0001514916853245,0.0001740875101887,0.0001302730931155
1,All Population,6,Incidence,200,Benin,3,Both,27,Age-standardized,543,Alzheimer's disease and other dementias,3,Rate,2016,71.84065099211,81.42291005741001,62.53956381252
1,All Population,6,Incidence,214,Nigeria,3,Both,27,Age-standardized,543,Alzheimer's disease and other dementias,2,Percent,2018,0.0001398385484357,0.0001598654425864,0.0001191632403815
1,All Population,6,Incidence,214,Nigeria,3,Both,27,Age-standardized,543,Alzheimer's disease and other dementias,3,Rate,2018,66.47695696974999,75.94726366051,57.23704180063
1,All Population,6,Incidence,209,Guinea-Bissau,3,Both,27,Age-standardized,543,Alzheimer's disease and other dementias,2,Percent,2007,0.000141350540391,0.0001639137192064,0.0001217475923843
1,All Population,6,Incidence,209,Guinea-Bissau,3,Both,27,Age-standardized,543,Alzheimer's disease and other dementias,3,Rate,2007,72.43176170599,83.45598303588,62.41335451226
1,All Population,6,Incidence,208,Guinea,3,Both,27,Age-standardized,543,Alzheimer's disease and other dementias,2,Percent,2006,0.0001427927804513,0.0001643461564469,0.0001218095422654
1,All Population,6,Incidence,208,Guinea,3,Both,27,Age-standardized,543,Alzheimer's disease and other dementias,3,Rate,2006,74.5808018306,85.48774142228001,64.35855641806
1,All Population,6,Incidence,216,Senegal,3,Both,27,Age-standardized,543,Alzheimer's disease and other dementias,2,Percent,2013,0.0001558470514194,0.0001787472192033,0.0001330069487778
1,All Population,6,Incidence,216,Senegal,3,Both,27,Age-standardized,543,Alzheimer's disease and other dementias,3,Rate,2013,72.6463736777,83.14972513044,62.403883836889996
1,All Population,6,Incidence,206,Gambia,3,Both,27,Age-standardized,543,Alzheimer's disease and other dementias,2,Percent,2013,0.0001585621397101,0.0001818866942085,0.0001352067086044
1,All Population,6,Incidence,206,Gambia,3,Both,27,Age-standardized,543,Alzheimer's disease and other dementias,3,Rate,2013,72.65514026782999,83.35068134717,61.85609944399
1,All Population,6,Incidence,212,Mauritania,3,Both,27,Age-standardized,543,Alzheimer's disease and other dementias,2,Percent,2018,0.0001727861981926,0.0001989119687751,0.0001474338985327
1,All Population,6,Incidence,212,Mauritania,3,Both,27,Age-standardized,543,Alzheimer's disease and other dementias,3,Rate,2018,71.85585627681,82.76676503126001,61.364933458079996
1,All Population,6,Incidence,212,Mauritania,3,Both,27,Age-standardized,543,Alzheimer's disease and other dementias,2,Percent,2021,0.0001434147378216,0.0001714640467895,0.0001212933247309
1,All Population,6,Incidence,212,Mauritania,3,Both,27,Age-standardized,543,Alzheimer's disease and other dementias,3,Rate,2021,71.56177120182001,82.56519528145,60.86450275736
1,All Population,6,Incidence,204,Chad,3,Both,27,Age-standardized,543,Alzheimer's disease and other dementias,2,Percent,2020,0.000122245546867,0.0001401379413282,0.0001045748694189
1,All Population,6,Incidence,204,Chad,3,Both,27,Age-standardized,543,Alzheimer's disease and other dementias,3,Rate,2020,71.72660174046,82.23024810900999,61.74203324626
1,All Population,6,Incidence,218,Togo,3,Both,27,Age-standardized,543,Alzheimer's disease and other dementias,2,Percent,2016,0.0001347660369398,0.0001536793680495,0.0001145597390591
1,All Population,6,Incidence,218,Togo,3,Both,27,Age-standardized,543,Alzheimer's disease and other dementias,3,Rate,2016,73.15930461622,83.79736998402,63.12760819516
1,All Population,6,Incidence,218,Togo,3,Both,27,Age-standardized,543,Alzheimer's disease and other dementias,2,Percent,2004,0.0001270833465578,0.0001460266642189,0.0001087910939024
1,All Population,6,Incidence,218,Togo,3,Both,27,Age-standardized,543,Alzheimer's disease and other dementias,3,Rate,2004,74.42547054363,85.84984772125,64.20933143004
1,All Population,6,Incidence,213,Niger,3,Both,27,Age-standardized,543,Alzheimer's disease and other dementias,2,Percent,2020,0.0001373963724853,0.000157313736962,0.0001171251270614
1,All Population,6,Incidence,213,Niger,3,Both,27,Age-standardized,543,Alzheimer's disease and other dementias,3,Rate,2020,74.17756976025001,84.61604835026,63.452397713479996
1,All Population,6,Incidence,215,Sao Tome and Principe,3,Both,27,Age-standardized,543,Alzheimer's disease and other dementias,2,Percent,2006,0.0001495473988062,0.0001731859712751,0.0001272811151935
1,All Population,6,Incidence,215,Sao Tome and Principe,3,Both,27,Age-standardized,543,Alzheimer's disease and other dementias,3,Rate,2006,72.13853321378,82.91316280132,61.96349368556
1,All Population,6,Incidence,200,Benin,3,Both,27,Age-standardized,543,Alzheimer's disease and other dementias,2,Percent,2005,0.0001412621200827,0.0001642328053882,0.0001229176743687
1,All Population,6,Incidence,200,Benin,3,Both,27,Age-standardized,543,Alzheimer's disease and other dementias,3,Rate,2005,73.92343520595999,85.00432786614999,64.77218012809
1,All Population,6,Incidence,209,Guinea-Bissau,3,Both,27,Age-standardized,543,Alzheimer's disease and other dementias,2,Percent,2006,0.0001401764120796,0.0001622685864319,0.0001211001358186
1,All Population,6,Incidence,209,Guinea-Bissau,3,Both,27,Age-standardized,543,Alzheimer's disease and other dementias,3,Rate,2006,72.47954952965,83.60757449677,62.27387284248
1,All Population,6,Incidence,205,Côte d'Ivoire,3,Both,27,Age-standardized,543,Alzheimer's disease and other dementias,2,Percent,2004,0.0001431672786513,0.0001641092417049,0.0001218523477409
1,All Population,6,Incidence,205,Côte d'Ivoire,3,Both,27,Age-standardized,543,Alzheimer's disease and other dementias,3,Rate,2004,72.92060943682,84.01809049834,62.66385350063
1,All Population,6,Incidence,204,Chad,3,Both,27,Age-standardized,543,Alzheimer's disease and other dementias,2,Percent,2016,0.0001296730783247,0.0001489256277963,0.0001115091844716
1,All Population,6,Incidence,204,Chad,3,Both,27,Age-standardized,543,Alzheimer's disease and other dementias,3,Rate,2016,72.64593969832,83.69733364698,62.82211900484
1,All Population,6,Incidence,203,Cabo Verde,3,Both,27,Age-standardized,543,Alzheimer's disease and other dementias,2,Percent,2003,0.0001708818129591,0.0001976876880934,0.0001466437842117
1,All Population,6,Incidence,203,Cabo Verde,3,Both,27,Age-standardized,543,Alzheimer's disease and other dementias,3,Rate,2003,74.93054458648,85.43653983994,64.90349541185
1,All Population,6,Incidence,213,Niger,3,Both,27,Age-standardized,543,Alzheimer's disease and other dementias,2,Percent,2021,0.0001322155661103,0.000155477557565,0.0001098102559152
1,All Population,6,Incidence,213,Niger,3,Both,27,Age-standardized,543,Alzheimer's disease and other dementias,3,Rate,2021,74.11376073896,84.89752420456,63.39326984812
1,All Population,6,Incidence,206,Gambia,3,Both,27,Age-standardized,543,Alzheimer's disease and other dementias,2,Percent,2023,0.000136770165707,0.0001608937624461,0.0001128859731591
1,All Population,6,Incidence,206,Gambia,3,Both,27,Age-standardized,543,Alzheimer's disease and other dementias,3,Rate,2023,71.22483285287,80.86603040889,60.395425240179996
1,All Population,6,Incidence,206,Gambia,3,Both,27,Age-standardized,543,Alzheimer's disease and other dementias,2,Percent,2002,0.0001518777384338,0.0001754586972987,0.0001303608131418
1,All Population,6,Incidence,206,Gambia,3,Both,27,Age-standardized,543,Alzheimer's disease and other dementias,3,Rate,2002,74.37314826659,85.43514173372,63.922031141489995
1,All Population,6,Incidence,213,Niger,3,Both,27,Age-standardized,543,Alzheimer's disease and other dementias,2,Percent,2018,0.0001469466010571,0.0001677606219236,0.0001260819704675
1,All Population,6,Incidence,213,Niger,3,Both,27,Age-standardized,543,Alzheimer's disease and other dementias,3,Rate,2018,74.3701347014,84.54445895846,63.55244240823
1,All Population,6,Incidence,200,Benin,3,Both,27,Age-standardized,543,Alzheimer's disease and other dementias,2,Percent,2019,0.0001505915821875,0.0001739249948667,0.0001303367653896
1,All Population,6,Incidence,200,Benin,3,Both,27,Age-standardized,543,Alzheimer's disease and other dementias,3,Rate,2019,70.97488773116,80.90850360578,61.97362802376
1,All Population,6,Incidence,200,Benin,3,Both,27,Age-standardized,543,Alzheimer's disease and other dementias,2,Percent,2021,0.0001403954095615,0.0001626176570259,0.0001220568079752
1,All Population,6,Incidence,200,Benin,3,Both,27,Age-standardized,543,Alzheimer's disease and other dementias,3,Rate,2021,70.65251248561,80.93901628467,61.285370641270006
1,All Population,6,Incidence,200,Benin,3,Both,27,Age-standardized,543,Alzheimer's disease and other dementias,2,Percent,2018,0.0001509639267249,0.000173873207299,0.0001303990609699
1,All Population,6,Incidence,200,Benin,3,Both,27,Age-standardized,543,Alzheimer's disease and other dementias,3,Rate,2018,71.23736870997,80.99113588904,62.30615323538
1,All Population,6,Incidence,205,Côte d'Ivoire,3,Both,27,Age-standardized,543,Alzheimer's disease and other dementias,2,Percent,2018,0.0001543522871526,0.0001768984718815,0.0001311009028183
1,All Population,6,Incidence,205,Côte d'Ivoire,3,Both,27,Age-standardized,543,Alzheimer's disease and other dementias,3,Rate,2018,71.25063514152001,81.751272082,61.049278627010004
1,All Population,6,Incidence,217,Sierra Leone,3,Both,27,Age-standardized,543,Alzheimer's disease and other dementias,2,Percent,2001,0.0001358874879162,0.0001569469654401,0.0001160966746083
1,All Population,6,Incidence,217,Sierra Leone,3,Both,27,Age-standardized,543,Alzheimer's disease and other dementias,3,Rate,2001,76.75598499759,88.31129823057,66.34069652852
1,All Population,6,Incidence,203,Cabo Verde,3,Both,27,Age-standardized,543,Alzheimer's disease and other dementias,2,Percent,2023,0.0001410646498138,0.0001985520982284,8.37333535881e-05
1,All Population,6,Incidence,203,Cabo Verde,3,Both,27,Age-standardized,543,Alzheimer's disease and other dementias,3,Rate,2023,72.62677738106,83.49536602482999,62.569589425509996
1,All Population,6,Incidence,218,Togo,3,Both,27,Age-standardized,543,Alzheimer's disease and other dementias,2,Percent,2003,0.0001273531777392,0.0001466040493213,0.0001085644256832
1,All Population,6,Incidence,218,Togo,3,Both,27,Age-standardized,543,Alzheimer's disease and other dementias,3,Rate,2003,74.53476802115,85.48309818456,64.38634137924001
1,All Population,6,Incidence,210,Liberia,3,Both,27,Age-standardized,543,Alzheimer's disease and other dementias,2,Percent,2009,0.0001389895089583,0.0001591445425574,0.0001186600228349
1,All Population,6,Incidence,210,Liberia,3,Both,27,Age-standardized,543,Alzheimer's disease and other dementias,3,Rate,2009,72.22941736947,83.07503900034,61.65116257036
1,All Population,6,Incidence,204,Chad,3,Both,27,Age-standardized,543,Alzheimer's disease and other dementias,2,Percent,2021,0.0001196624175049,0.0001394986891759,0.0001008071272269
1,All Population,6,Incidence,204,Chad,3,Both,27,Age-standardized,543,Alzheimer's disease and other dementias,3,Rate,2021,71.65600109648,82.44521327810999,61.460145198460005
1,All Population,6,Incidence,202,Cameroon,3,Both,27,Age-standardized,543,Alzheimer's disease and other dementias,2,Percent,2006,0.0001268313581406,0.0001447688216519,0.0001071535024437
1,All Population,6,Incidence,202,Cameroon,3,Both,27,Age-standardized,543,Alzheimer's disease and other dementias,3,Rate,2006,72.01925872737,82.33470874235,61.72109371079001
1,All Population,6,Incidence,214,Nigeria,3,Both,27,Age-standardized,543,Alzheimer's disease and other dementias,2,Percent,2004,0.0001242671698841,0.0001428486019128,0.0001063861546138
1,All Population,6,Incidence,214,Nigeria,3,Both,27,Age-standardized,543,Alzheimer's disease and other dementias,3,Rate,2004,66.99841759612,77.00324284149,57.691550459610006
1,All Population,6,Incidence,206,Gambia,3,Both,27,Age-standardized,543,Alzheimer's disease and other dementias,2,Percent,2014,0.0001628718331843,0.0001877727395503,0.0001388520759083
1,All Population,6,Incidence,206,Gambia,3,Both,27,Age-standardized,543,Alzheimer's disease and other dementias,3,Rate,2014,72.48602536432999,83.24452731524,61.99752413383
1,All Population,6,Incidence,204,Chad,3,Both,27,Age-standardized,543,Alzheimer's disease and other dementias,2,Percent,2022,0.0001082520661217,0.0001304517620333,9.21919107083e-05
1,All Population,6,Incidence,204,Chad,3,Both,27,Age-standardized,543,Alzheimer's disease and other dementias,3,Rate,2022,71.58396260786999,82.15410611949,60.799404198999994
1,All Population,6,Incidence,211,Mali,3,Both,27,Age-standardized,543,Alzheimer's disease and other dementias,2,Percent,2009,0.0001531744808669,0.0001784611342537,0.000131043737591
1,All Population,6,Incidence,211,Mali,3,Both,27,Age-standardized,543,Alzheimer's disease and other dementias,3,Rate,2009,74.43484922095,85.68960120884,64.37879546555
1,All Population,6,Incidence,205,Côte d'Ivoire,3,Both,27,Age-standardized,543,Alzheimer's disease and other dementias,2,Percent,2020,0.0001435421518545,0.0001644909763176,0.0001221698731653
1,All Population,6,Incidence,205,Côte d'Ivoire,3,Both,27,Age-standardized,543,Alzheimer's disease and other dementias,3,Rate,2020,70.97636022519,81.34693326236,60.72101471534
1,All Population,6,Incidence,217,Sierra Leone,3,Both,27,Age-standardized,543,Alzheimer's disease and other dementias,2,Percent,2011,0.0001493519048104,0.0001710929449826,0.0001290339085757
1,All Population,6,Incidence,217,Sierra Leone,3,Both,27,Age-standardized,543,Alzheimer's disease and other dementias,3,Rate,2011,75.81851584422999,86.54740306931001,65.43182225785999
1,All Population,6,Incidence,212,Mauritania,3,Both,27,Age-standardized,543,Alzheimer's disease and other dementias,2,Percent,2009,0.0001640398929345,0.0001885097298064,0.0001411085970291
1,All Population,6,Incidence,212,Mauritania,3,Both,27,Age-standardized,543,Alzheimer's disease and other dementias,3,Rate,2009,73.38563367026,84.10488800003999,62.70658787887
1,All Population,6,Incidence,210,Liberia,3,Both,27,Age-standardized,543,Alzheimer's disease and other dementias,2,Percent,2014,0.0001433854472052,0.0001640781412286,0.0001220018480122
1,All Population,6,Incidence,210,Liberia,3,Both,27,Age-standardized,543,Alzheimer's disease and other dementias,3,Rate,2014,71.66214567816,82.19550094564,61.3495828388
1,All Population,6,Incidence,206,Gambia,3,Both,27,Age-standardized,543,Alzheimer's disease and other dementias,2,Percent,2004,0.0001554730510066,0.0001804165431952,0.0001328105015542
1,All Population,6,Incidence,206,Gambia,3,Both,27,Age-standardized,543,Alzheimer's disease and other dementias,3,Rate,2004,74.07862619672,85.51933485112,63.66921212522
1,All Population,6,Incidence,213,Niger,3,Both,27,Age-standardized,543,Alzheimer's disease and other dementias,2,Percent,2009,0.0001335959781212,0.0001533504672502,0.000114480313057
1,All Population,6,Incidence,213,Niger,3,Both,27,Age-standardized,543,Alzheimer's disease and other dementias,3,Rate,2009,76.16021249841,87.24045389748001,65.62870570029
1,All Population,6,Incidence,215,Sao Tome and Principe,3,Both,27,Age-standardized,543,Alzheimer's disease and other dementias,2,Percent,2002,0.0001368573936382,0.0001579802198067,0.0001157963494866
1,All Population,6,Incidence,215,Sao Tome and Principe,3,Both,27,Age-standardized,543,Alzheimer's disease and other dementias,3,Rate,2002,72.61562884842999,83.4606062566,62.84866898493
1,All Population,6,Incidence,207,Ghana,3,Both,27,Age-standardized,543,Alzheimer's disease and other dementias,2,Percent,2010,0.0001618441046259,0.0001860945948694,0.0001386951238195
1,All Population,6,Incidence,207,Ghana,3,Both,27,Age-standardized,543,Alzheimer's disease and other dementias,3,Rate,2010,74.50963785654001,85.47314908116,64.34998907029
1,All Population,6,Incidence,210,Liberia,3,Both,27,Age-standardized,543,Alzheimer's disease and other dementias,2,Percent,2023,0.0001207473496643,0.0001404730322356,9.9569951892e-05
1,All Population,6,Incidence,210,Liberia,3,Both,27,Age-standardized,543,Alzheimer's disease and other dementias,3,Rate,2023,70.78489533914,81.29307254509999,60.33957442265
1,All Population,6,Incidence,201,Burkina Faso,3,Both,27,Age-standardized,543,Alzheimer's disease and other dementias,2,Percent,2017,0.0001602825241799,0.0001833271719969,0.0001357660854826
1,All Population,6,Incidence,201,Burkina Faso,3,Both,27,Age-standardized,543,Alzheimer's disease and other dementias,3,Rate,2017,74.91247476424999,85.48663720425,64.14167676414
1,All Population,6,Incidence,217,Sierra Leone,3,Both,27,Age-standardized,543,Alzheimer's disease and other dementias,2,Percent,2000,0.0001344931002016,0.0001563092096815,0.0001144818010122
1,All Population,6,Incidence,217,Sierra Leone,3,Both,27,Age-standardized,543,Alzheimer's disease and other dementias,3,Rate,2000,76.78406551636999,88.33717846815,66.15866854573
1,All Population,6,Incidence,202,Cameroon,3,Both,27,Age-standardized,543,Alzheimer's disease and other dementias,2,Percent,2014,0.0001320204100186,0.0001533708240427,0.0001129999840235
1,All Population,6,Incidence,202,Cameroon,3,Both,27,Age-standardized,543,Alzheimer's disease and other dementias,3,Rate,2014,70.92596124628001,81.43575637752,60.8029779063
1,All Population,6,Incidence,214,Nigeria,3,Both,27,Age-standardized,543,Alzheimer's disease and other dementias,2,Percent,2003,0.0001240199150001,0.0001424580261078,0.0001060967398222
1,All Population,6,Incidence,214,Nigeria,3,Both,27,Age-standardized,543,Alzheimer's disease and other dementias,3,Rate,2003,67.23165227617,77.28071051928,57.97867887380001
1,All Population,6,Incidence,215,Sao Tome and Principe,3,Both,27,Age-standardized,543,Alzheimer's disease and other dementias,2,Percent,2017,0.0001662705073309,0.0001904694759197,0.0001411410030808
1,All Population,6,Incidence,215,Sao Tome and Principe,3,Both,27,Age-standardized,543,Alzheimer's disease and other dementias,3,Rate,2017,70.96951177123,81.20514878434,60.62436355218
1,All Population,6,Incidence,215,Sao Tome and Principe,3,Both,27,Age-standardized,543,Alzheimer's disease and other dementias,2,Percent,2018,0.0001677175190663,0.0001911566504038,0.00014269570454
1,All Population,6,Incidence,215,Sao Tome and Principe,3,Both,27,Age-standardized,543,Alzheimer's disease and other dementias,3,Rate,2018,70.78811807332,80.95087420978,60.56739831151
1,All Population,6,Incidence,202,Cameroon,3,Both,27,Age-standardized,543,Alzheimer's disease and other dementias,2,Percent,2015,0.0001325343652975,0.0001543658604995,0.0001136201287014
1,All Population,6,Incidence,202,Cameroon,3,Both,27,Age-standardized,543,Alzheimer's disease and other dementias,3,Rate,2015,70.79206683679,81.61402739377,60.68375621786001
1,All Population,6,Incidence,215,Sao Tome and Principe,3,Both,27,Age-standardized,543,Alzheimer's disease and other dementias,2,Percent,2010,0.000154646564222,0.0001799830107217,0.0001315853437118
1,All Population,6,Incidence,215,Sao Tome and Principe,3,Both,27,Age-standardized,543,Alzheimer's disease and other dementias,3,Rate,2010,71.81897130003,82.92029981981,62.0386758665
1,All Population,6,Incidence,215,Sao Tome and Principe,3,Both,27,Age-standardized,543,Alzheimer's disease and other dementias,2,Percent,2016,0.0001643642807226,0.0001894747201079,0.0001396343509322
1,All Population,6,Incidence,215,Sao Tome and Principe,3,Both,27,Age-standardized,543,Alzheimer's disease and other dementias,3,Rate,2016,71.13564416768,81.4699383529,61.02248275323
1,All Population,6,Incidence,204,Chad,3,Both,27,Age-standardized,543,Alzheimer's disease and other dementias,2,Percent,2003,0.0001274690730199,0.0001469636454396,0.000108115381755
1,All Population,6,Incidence,204,Chad,3,Both,27,Age-standardized,543,Alzheimer's disease and other dementias,3,Rate,2003,75.64882916202001,87.00548229526001,64.58209641933
1,All Population,6,Incidence,205,Côte d'Ivoire,3,Both,27,Age-standardized,543,Alzheimer's disease and other dementias,2,Percent,2016,0.0001520049320924,0.0001738460787882,0.0001296220167636
1,All Population,6,Incidence,205,Côte d'Ivoire,3,Both,27,Age-standardized,543,Alzheimer's disease and other dementias,3,Rate,2016,71.60081434324,82.08714744656,61.68633417236
1,All Population,6,Incidence,211,Mali,3,Both,27,Age-standardized,543,Alzheimer's disease and other dementias,2,Percent,2023,0.0001395220985403,0.0001702816484737,0.0001012775794706
1,All Population,6,Incidence,211,Mali,3,Both,27,Age-standardized,543,Alzheimer's disease and other dementias,3,Rate,2023,72.39607764777,82.88122556914,62.08353524034
1,All Population,6,Incidence,203,Cabo Verde,3,Both,27,Age-standardized,543,Alzheimer's disease and other dementias,2,Percent,2004,0.0001762963005794,0.0002031204795408,0.0001511287514682
1,All Population,6,Incidence,203,Cabo Verde,3,Both,27,Age-standardized,543,Alzheimer's disease and other dementias,3,Rate,2004,74.79693325464001,85.65203532167,65.00045356295
1,All Population,6,Incidence,208,Guinea,3,Both,27,Age-standardized,543,Alzheimer's disease and other dementias,2,Percent,2010,0.0001457479764405,0.0001684080538284,0.0001244120785915
1,All Population,6,Incidence,208,Guinea,3,Both,27,Age-standardized,543,Alzheimer's disease and other dementias,3,Rate,2010,73.95179455283001,85.00991936034,63.74757388229
1,All Population,6,Incidence,207,Ghana,3,Both,27,Age-standardized,543,Alzheimer's disease and other dementias,2,Percent,2011,0.0001627956216691,0.000186921611913,0.0001397876958501
1,All Population,6,Incidence,207,Ghana,3,Both,27,Age-standardized,543,Alzheimer's disease and other dementias,3,Rate,2011,74.44157233403999,85.28329508629,64.19032837153
1,All Population,6,Incidence,212,Mauritania,3,Both,27,Age-standardized,543,Alzheimer's disease and other dementias,2,Percent,2023,0.0001637408629056,0.0002004899969342,0.0001258314424384
1,All Population,6,Incidence,212,Mauritania,3,Both,27,Age-standardized,543,Alzheimer's disease and other dementias,3,Rate,2023,71.58080317695,82.68668406803,61.240151927869995
1,All Population,6,Incidence,201,Burkina Faso,3,Both,27,Age-standardized,543,Alzheimer's disease and other dementias,2,Percent,2016,0.0001584435939328,0.0001815962103803,0.0001345610170715
1,All Population,6,Incidence,201,Burkina Faso,3,Both,27,Age-standardized,543,Alzheimer's disease and other dementias,3,Rate,2016,75.13052800490999,85.55877343092,64.41036055117
1,All Population,6,Incidence,205,Côte d'Ivoire,3,Both,27,Age-standardized,543,Alzheimer's disease and other dementias,2,Percent,2021,0.0001219721840891,0.0001480469351329,0.000103946426734
1,All Population,6,Incidence,205,Côte d'Ivoire,3,Both,27,Age-standardized,543,Alzheimer's disease and other dementias,3,Rate,2021,70.88823047554,81.65310001886,60.45590995276999
1,All Population,6,Incidence,217,Sierra Leone,3,Both,27,Age-standardized,543,Alzheimer's disease and other dementias,2,Percent,2013,0.0001518373853079,0.0001741045132527,0.0001308838045834
1,All Population,6,Incidence,217,Sierra Leone,3,Both,27,Age-standardized,543,Alzheimer's disease and other dementias,3,Rate,2013,75.22270239506,86.03681964965,64.91225287285
1,All Population,6,Incidence,214,Nigeria,3,Both,27,Age-standardized,543,Alzheimer's disease and other dementias,2,Percent,2020,0.0001319015861737,0.0001506201914879,0.0001121800947793
1,All Population,6,Incidence,214,Nigeria,3,Both,27,Age-standardized,543,Alzheimer's disease and other dementias,3,Rate,2020,66.33038345560999,75.86597062903,56.98765966887
1,All Population,6,Incidence,204,Chad,3,Both,27,Age-standardized,543,Alzheimer's disease and other dementias,2,Percent,2023,0.0001150963276256,0.0001380755219385,9.83509961276e-05
1,All Population,6,Incidence,204,Chad,3,Both,27,Age-standardized,543,Alzheimer's disease and other dementias,3,Rate,2023,71.5971583032,81.93460204723,61.98744660061
1,All Population,6,Incidence,206,Gambia,3,Both,27,Age-standardized,543,Alzheimer's disease and other dementias,2,Percent,2018,0.0001736113118038,0.0001978401282045,0.000148652042272
1,All Population,6,Incidence,206,Gambia,3,Both,27,Age-standardized,543,Alzheimer's disease and other dementias,3,Rate,2018,71.79947686001,81.83468619125,61.830354597079996
1,All Population,6,Incidence,218,Togo,3,Both,27,Age-standardized,543,Alzheimer's disease and other dementias,2,Percent,2023,0.0001228162291348,0.0001520863344092,9.70404052469e-05
1,All Population,6,Incidence,218,Togo,3,Both,27,Age-standardized,543,Alzheimer's disease and other dementias,3,Rate,2023,72.53637963024,83.63728875998,62.492186901989996
1,All Population,6,Incidence,203,Cabo Verde,3,Both,27,Age-standardized,543,Alzheimer's disease and other dementias,2,Percent,2005,0.0001791373715407,0.0002057510367893,0.000154273764827
1,All Population,6,Incidence,203,Cabo Verde,3,Both,27,Age-standardized,543,Alzheimer's disease and other dementias,3,Rate,2005,74.72223126523,85.96198233155,65.060042032
1,All Population,6,Incidence,213,Niger,3,Both,27,Age-standardized,543,Alzheimer's disease and other dementias,2,Percent,2023,0.0001215763410729,0.0001476685123117,9.72332280393e-05
1,All Population,6,Incidence,213,Niger,3,Both,27,Age-standardized,543,Alzheimer's disease and other dementias,3,Rate,2023,73.63101465452,84.65200822818,63.27026010255
1,All Population,6,Incidence,208,Guinea,3,Both,27,Age-standardized,543,Alzheimer's disease and other dementias,2,Percent,2011,0.0001465520086726,0.0001688662246246,0.0001251437488566
1,All Population,6,Incidence,208,Guinea,3,Both,27,Age-standardized,543,Alzheimer's disease and other dementias,3,Rate,2011,73.75025303425,84.59264150335,63.48364745196999
1,All Population,6,Incidence,209,Guinea-Bissau,3,Both,27,Age-standardized,543,Alzheimer's disease and other dementias,2,Percent,2010,0.0001421654267505,0.0001648544001531,0.0001212428611524
1,All Population,6,Incidence,209,Guinea-Bissau,3,Both,27,Age-standardized,543,Alzheimer's disease and other dementias,3,Rate,2010,72.27752763683,83.48394403418,61.924523176369995
1,All Population,6,Incidence,207,Ghana,3,Both,27,Age-standardized,543,Alzheimer's disease and other dementias,2,Percent,2012,0.0001643315994977,0.0001882485048268,0.0001407644895859
1,All Population,6,Incidence,207,Ghana,3,Both,27,Age-standardized,543,Alzheimer's disease and other dementias,3,Rate,2012,74.34986693214,85.11211128426,64.0104621592
1,All Population,6,Incidence,201,Burkina Faso,3,Both,27,Age-standardized,543,Alzheimer's disease and other dementias,2,Percent,2021,0.0001202326297002,0.000137698169896,0.000103406286549
1,All Population,6,Incidence,201,Burkina Faso,3,Both,27,Age-standardized,543,Alzheimer's disease and other dementias,3,Rate,2021,74.3646127121,84.65479806155001,64.06657714818
1,All Population,6,Incidence,206,Gambia,3,Both,27,Age-standardized,543,Alzheimer's disease and other dementias,2,Percent,2020,0.0001565903419278,0.000180072734084,0.0001334117074709
1,All Population,6,Incidence,206,Gambia,3,Both,27,Age-standardized,543,Alzheimer's disease and other dementias,3,Rate,2020,71.49949485719999,80.88465258571,61.72948064202001
1,All Population,6,Incidence,216,Senegal,3,Both,27,Age-standardized,543,Alzheimer's disease and other dementias,2,Percent,2006,0.0001451161832157,0.0001674116198178,0.0001245642570124
1,All Population,6,Incidence,216,Senegal,3,Both,27,Age-standardized,543,Alzheimer's disease and other dementias,3,Rate,2006,73.76729925031,84.11974787816,63.58127768926
1,All Population,6,Incidence,200,Benin,3,Both,27,Age-standardized,543,Alzheimer's disease and other dementias,2,Percent,2009,0.0001473541637828,0.0001672982054399,0.0001283998644575
1,All Population,6,Incidence,200,Benin,3,Both,27,Age-standardized,543,Alzheimer's disease and other dementias,3,Rate,2009,73.16507827750999,82.91908534615,64.43633712998
1,All Population,6,Incidence,216,Senegal,3,Both,27,Age-standardized,543,Alzheimer's disease and other dementias,2,Percent,2021,0.0001286858794571,0.0001480580677696,0.0001101243861123
1,All Population,6,Incidence,216,Senegal,3,Both,27,Age-standardized,543,Alzheimer's disease and other dementias,3,Rate,2021,71.36173026273,81.60000319979,60.72909168008
1,All Population,6,Incidence,202,Cameroon,3,Both,27,Age-standardized,543,Alzheimer's disease and other dementias,2,Percent,2021,0.0001221391293708,0.0001398909542173,0.0001046211495768
1,All Population,6,Incidence,202,Cameroon,3,Both,27,Age-standardized,543,Alzheimer's disease and other dementias,3,Rate,2021,69.9540238493,79.97434273952,59.841111408070006
1,All Population,6,Incidence,205,Côte d'Ivoire,3,Both,27,Age-standardized,543,Alzheimer's disease and other dementias,2,Percent,2022,0.0001253372067604,0.0001525089901029,0.0001049539773336
1,All Population,6,Incidence,205,Côte d'Ivoire,3,Both,27,Age-standardized,543,Alzheimer's disease and other dementias,3,Rate,2022,70.82960847544,81.39518019459,60.293660911619995
1,All Population,6,Incidence,211,Mali,3,Both,27,Age-standardized,543,Alzheimer's disease and other dementias,2,Percent,2014,0.0001558788807447,0.0001795449107365,0.0001337789875387
1,All Population,6,Incidence,211,Mali,3,Both,27,Age-standardized,543,Alzheimer's disease and other dementias,3,Rate,2014,73.65554811465,84.8461054553,62.77264238694
1,All Population,6,Incidence,206,Gambia,3,Both,27,Age-standardized,543,Alzheimer's disease and other dementias,2,Percent,2016,0.0001667914679531,0.0001925205810132,0.0001419060183921
1,All Population,6,Incidence,206,Gambia,3,Both,27,Age-standardized,543,Alzheimer's disease and other dementias,3,Rate,2016,72.19464733735,82.66940789151,61.99126207138001
1,All Population,6,Incidence,205,Côte d'Ivoire,3,Both,27,Age-standardized,543,Alzheimer's disease and other dementias,2,Percent,2003,0.0001430254278713,0.0001637592225554,0.0001218111011387
1,All Population,6,Incidence,205,Côte d'Ivoire,3,Both,27,Age-standardized,543,Alzheimer's disease and other dementias,3,Rate,2003,73.05042131281999,84.06051524922,62.72363011752
1,All Population,6,Incidence,218,Togo,3,Both,27,Age-standardized,543,Alzheimer's disease and other dementias,2,Percent,2005,0.0001265803364291,0.0001456209468776,0.0001081680216638
1,All Population,6,Incidence,218,Togo,3,Both,27,Age-standardized,543,Alzheimer's disease and other dementias,3,Rate,2005,74.34155634182,86.18914854521,64.00556375518
1,All Population,6,Incidence,208,Guinea,3,Both,27,Age-standardized,543,Alzheimer's disease and other dementias,2,Percent,2012,0.0001476171634424,0.0001707903675084,0.0001255536771391
1,All Population,6,Incidence,208,Guinea,3,Both,27,Age-standardized,543,Alzheimer's disease and other dementias,3,Rate,2012,73.47764396127,84.29332507137,63.0618479496
1,All Population,6,Incidence,209,Guinea-Bissau,3,Both,27,Age-standardized,543,Alzheimer's disease and other dementias,2,Percent,2011,0.0001428829598444,0.0001654635198459,0.0001217059998367
1,All Population,6,Incidence,209,Guinea-Bissau,3,Both,27,Age-standardized,543,Alzheimer's disease and other dementias,3,Rate,2011,72.24579728325,83.21409960916,62.24124244258999
1,All Population,6,Incidence,210,Liberia,3,Both,27,Age-standardized,543,Alzheimer's disease and other dementias,2,Percent,2016,0.0001450512191059,0.0001664330248407,0.0001233212768387
1,All Population,6,Incidence,210,Liberia,3,Both,27,Age-standardized,543,Alzheimer's disease and other dementias,3,Rate,2016,71.48520510288,82.12621800911,61.463217956049995
1,All Population,6,Incidence,212,Mauritania,3,Both,27,Age-standardized,543,Alzheimer's disease and other dementias,2,Percent,2014,0.0001656543728051,0.0001900688579999,0.0001420868625683
1,All Population,6,Incidence,212,Mauritania,3,Both,27,Age-standardized,543,Alzheimer's disease and other dementias,3,Rate,2014,72.56030332483,83.14694063806,62.582859545670004
1,All Population,6,Incidence,201,Burkina Faso,3,Both,27,Age-standardized,543,Alzheimer's disease and other dementias,2,Percent,2018,0.0001615697600776,0.0001850640798292,0.0001362279694777
1,All Population,6,Incidence,201,Burkina Faso,3,Both,27,Age-standardized,543,Alzheimer's disease and other dementias,3,Rate,2018,74.68609498945999,85.3804327436,63.858622466860005
1,All Population,6,Incidence,209,Guinea-Bissau,3,Both,27,Age-standardized,543,Alzheimer's disease and other dementias,2,Percent,2012,0.0001438757837409,0.0001660471285089,0.0001219539386812
1,All Population,6,Incidence,209,Guinea-Bissau,3,Both,27,Age-standardized,543,Alzheimer's disease and other dementias,3,Rate,2012,72.18333329066,82.77348672112,62.152832844429994
1,All Population,6,Incidence,207,Ghana,3,Both,27,Age-standardized,543,Alzheimer's disease and other dementias,2,Percent,2014,0.0001689381411858,0.0001920191528404,0.0001450015274459
1,All Population,6,Incidence,207,Ghana,3,Both,27,Age-standardized,543,Alzheimer's disease and other dementias,3,Rate,2014,74.1305134155,84.41250949882,63.83291262884
1,All Population,6,Incidence,205,Côte d'Ivoire,3,Both,27,Age-standardized,543,Alzheimer's disease and other dementias,2,Percent,2023,0.0001296254206394,0.0001697124747267,0.0001028416637182
1,All Population,6,Incidence,205,Côte d'Ivoire,3,Both,27,Age-standardized,543,Alzheimer's disease and other dementias,3,Rate,2023,70.8990120317,81.70999882391999,61.320678813970005
1,All Population,6,Incidence,206,Gambia,3,Both,27,Age-standardized,543,Alzheimer's disease and other dementias,2,Percent,2021,0.0001350373774116,0.0001593230181997,0.0001151685545409
1,All Population,6,Incidence,206,Gambia,3,Both,27,Age-standardized,543,Alzheimer's disease and other dementias,3,Rate,2021,71.39909033962,81.39509875879,61.45280700234999
1,All Population,6,Incidence,200,Benin,3,Both,27,Age-standardized,543,Alzheimer's disease and other dementias,2,Percent,2010,0.0001490579145663,0.0001699530588637,0.0001296218330277
1,All Population,6,Incidence,200,Benin,3,Both,27,Age-standardized,543,Alzheimer's disease and other dementias,3,Rate,2010,72.98634117531,82.35362214552,64.14072203165
1,All Population,6,Incidence,201,Burkina Faso,3,Both,27,Age-standardized,543,Alzheimer's disease and other dementias,2,Percent,2019,0.0001615741286942,0.000186081255969,0.0001360055536876
1,All Population,6,Incidence,201,Burkina Faso,3,Both,27,Age-standardized,543,Alzheimer's disease and other dementias,3,Rate,2019,74.48590085833,85.21184146831,63.517466587579996
1,All Population,6,Incidence,213,Niger,3,Both,27,Age-standardized,543,Alzheimer's disease and other dementias,2,Percent,2014,0.0001404708552001,0.0001607940633133,0.0001205277697853
1,All Population,6,Incidence,213,Niger,3,Both,27,Age-standardized,543,Alzheimer's disease and other dementias,3,Rate,2014,75.11103727601,85.88168464926,63.97735651513
1,All Population,6,Incidence,211,Mali,3,Both,27,Age-standardized,543,Alzheimer's disease and other dementias,2,Percent,2016,0.0001615287160956,0.0001849337126117,0.0001386720897035
1,All Population,6,Incidence,211,Mali,3,Both,27,Age-standardized,543,Alzheimer's disease and other dementias,3,Rate,2016,73.33484284683,84.2164711722,62.31736389005
1,All Population,6,Incidence,204,Chad,3,Both,27,Age-standardized,543,Alzheimer's disease and other dementias,2,Percent,2005,0.0001267560465873,0.0001464842205589,0.0001074695084913
1,All Population,6,Incidence,204,Chad,3,Both,27,Age-standardized,543,Alzheimer's disease and other dementias,3,Rate,2005,75.25216829473,87.08627316362,64.03340222081
1,All Population,6,Incidence,206,Gambia,3,Both,27,Age-standardized,543,Alzheimer's disease and other dementias,2,Percent,2003,0.0001534546489704,0.0001773153930524,0.0001311266537953
1,All Population,6,Incidence,206,Gambia,3,Both,27,Age-standardized,543,Alzheimer's disease and other dementias,3,Rate,2003,74.2198758467,85.30939451826,63.89640822954
1,All Population,6,Incidence,206,Gambia,3,Both,27,Age-standardized,543,Alzheimer's disease and other dementias,2,Percent,2022,0.0001328057212211,0.0001628213769463,0.0001112588687508
1,All Population,6,Incidence,206,Gambia,3,Both,27,Age-standardized,543,Alzheimer's disease and other dementias,3,Rate,2022,71.28243480553999,82.52382543281,61.15180608007
1,All Population,6,Incidence,203,Cabo Verde,3,Both,27,Age-standardized,543,Alzheimer's disease and other dementias,2,Percent,2006,0.0001800977446526,0.0002067257415004,0.000155103060409
1,All Population,6,Incidence,203,Cabo Verde,3,Both,27,Age-standardized,543,Alzheimer's disease and other dementias,3,Rate,2006,74.67714993259999,85.97585923225,64.86753648828
1,All Population,6,Incidence,208,Guinea,3,Both,27,Age-standardized,543,Alzheimer's disease and other dementias,2,Percent,2014,0.0001511295749838,0.0001747994663984,0.0001278187786818
1,All Population,6,Incidence,208,Guinea,3,Both,27,Age-standardized,543,Alzheimer's disease and other dementias,3,Rate,2014,72.90781577393,83.45090675227999,62.1877631958
1,All Population,6,Incidence,212,Mauritania,3,Both,27,Age-standardized,543,Alzheimer's disease and other dementias,2,Percent,2016,0.0001671411182907,0.0001919558877914,0.0001434931260459
1,All Population,6,Incidence,212,Mauritania,3,Both,27,Age-standardized,543,Alzheimer's disease and other dementias,3,Rate,2016,72.27276211513,83.19900600679999,62.30891850243
1,All Population,6,Incidence,215,Sao Tome and Principe,3,Both,27,Age-standardized,543,Alzheimer's disease and other dementias,2,Percent,2004,0.000138498608468,0.000161144614537,0.000117460651298
1,All Population,6,Incidence,215,Sao Tome and Principe,3,Both,27,Age-standardized,543,Alzheimer's disease and other dementias,3,Rate,2004,72.29321911897,82.86293032867,62.15932525486
1,All Population,6,Incidence,216,Senegal,3,Both,27,Age-standardized,543,Alzheimer's disease and other dementias,2,Percent,2016,0.000161904691739,0.0001838625118164,0.0001380475599835
1,All Population,6,Incidence,216,Senegal,3,Both,27,Age-standardized,543,Alzheimer's disease and other dementias,3,Rate,2016,72.19000468133,82.18511142658001,61.89948008115999
1,All Population,6,Incidence,216,Senegal,3,Both,27,Age-standardized,543,Alzheimer's disease and other dementias,2,Percent,2018,0.0001667579654621,0.0001898435322924,0.0001420510958512
1,All Population,6,Incidence,216,Senegal,3,Both,27,Age-standardized,543,Alzheimer's disease and other dementias,3,Rate,2018,71.82328445897,82.3358272354,61.493883772459995
1,All Population,6,Incidence,218,Togo,3,Both,27,Age-standardized,543,Alzheimer's disease and other dementias,2,Percent,2006,0.0001275391957014,0.0001465570150273,0.0001092590528001
1,All Population,6,Incidence,218,Togo,3,Both,27,Age-standardized,543,Alzheimer's disease and other dementias,3,Rate,2006,74.21841154474001,85.50018361688,63.82021190969
1,All Population,6,Incidence,210,Liberia,3,Both,27,Age-standardized,543,Alzheimer's disease and other dementias,2,Percent,2019,0.000149177111061,0.0001711406192649,0.0001268673726935
1,All Population,6,Incidence,210,Liberia,3,Both,27,Age-standardized,543,Alzheimer's disease and other dementias,3,Rate,2019,70.91808468149999,81.18820331926,61.14154657823
1,All Population,6,Incidence,216,Senegal,3,Both,27,Age-standardized,543,Alzheimer's disease and other dementias,2,Percent,2002,0.0001423589748813,0.0001643007061078,0.0001217215691273
1,All Population,6,Incidence,216,Senegal,3,Both,27,Age-standardized,543,Alzheimer's disease and other dementias,3,Rate,2002,74.46072912363,85.32076670827,63.77394188534
1,All Population,6,Incidence,215,Sao Tome and Principe,3,Both,27,Age-standardized,543,Alzheimer's disease and other dementias,2,Percent,2003,0.0001384392949671,0.0001603026962897,0.0001174128551201
1,All Population,6,Incidence,215,Sao Tome and Principe,3,Both,27,Age-standardized,543,Alzheimer's disease and other dementias,3,Rate,2003,72.44200886756,83.43280518897,62.585931982299996
1,All Population,6,Incidence,200,Benin,3,Both,27,Age-standardized,543,Alzheimer's disease and other dementias,2,Percent,2022,0.0001306392263861,0.0001558561591446,0.0001104494016368
1,All Population,6,Incidence,200,Benin,3,Both,27,Age-standardized,543,Alzheimer's disease and other dementias,3,Rate,2022,70.55138308771001,81.04031506004,61.05112984291
1,All Population,6,Incidence,214,Nigeria,3,Both,27,Age-standardized,543,Alzheimer's disease and other dementias,2,Percent,2022,0.0001240675911307,0.0001459377139497,0.0001023298300337
1,All Population,6,Incidence,214,Nigeria,3,Both,27,Age-standardized,543,Alzheimer's disease and other dementias,3,Rate,2022,66.32018059309999,76.01123222160001,56.89033962927999
1,All Population,6,Incidence,205,Côte d'Ivoire,3,Both,27,Age-standardized,543,Alzheimer's disease and other dementias,2,Percent,2005,0.0001435840289368,0.0001645223984403,0.0001219269070814
1,All Population,6,Incidence,205,Côte d'Ivoire,3,Both,27,Age-standardized,543,Alzheimer's disease and other dementias,3,Rate,2005,72.82712290815999,83.76063580214,62.36569945156
1,All Population,6,Incidence,211,Mali,3,Both,27,Age-standardized,543,Alzheimer's disease and other dementias,2,Percent,2019,0.0001669080015801,0.0001919065835483,0.0001425917332546
1,All Population,6,Incidence,211,Mali,3,Both,27,Age-standardized,543,Alzheimer's disease and other dementias,3,Rate,2019,72.6796766691,83.44124623908999,62.10092481219
1,All Population,6,Incidence,204,Chad,3,Both,27,Age-standardized,543,Alzheimer's disease and other dementias,2,Percent,2006,0.0001259625497576,0.0001454033068832,0.0001065872109113
1,All Population,6,Incidence,204,Chad,3,Both,27,Age-standardized,543,Alzheimer's disease and other dementias,3,Rate,2006,75.04330885161,86.60024165428,63.992270732929995
1,All Population,6,Incidence,202,Cameroon,3,Both,27,Age-standardized,543,Alzheimer's disease and other dementias,2,Percent,2016,0.0001341103531563,0.0001554536893133,0.0001146978174145
1,All Population,6,Incidence,202,Cameroon,3,Both,27,Age-standardized,543,Alzheimer's disease and other dementias,3,Rate,2016,70.65423143524,81.13588023152,60.72320745765
1,All Population,6,Incidence,202,Cameroon,3,Both,27,Age-standardized,543,Alzheimer's disease and other dementias,2,Percent,2017,0.0001359448452382,0.0001565236537738,0.0001162549335801
1,All Population,6,Incidence,202,Cameroon,3,Both,27,Age-standardized,543,Alzheimer's disease and other dementias,3,Rate,2017,70.51257506111999,80.91331921461,60.57485232909
1,All Population,6,Incidence,215,Sao Tome and Principe,3,Both,27,Age-standardized,543,Alzheimer's disease and other dementias,2,Percent,2020,0.0001562562375522,0.000178036692287,0.0001330474982378
1,All Population,6,Incidence,215,Sao Tome and Principe,3,Both,27,Age-standardized,543,Alzheimer's disease and other dementias,3,Rate,2020,70.53002108784999,80.58823539164,60.14382363611
1,All Population,6,Incidence,216,Senegal,3,Both,27,Age-standardized,543,Alzheimer's disease and other dementias,2,Percent,2017,0.0001645014387698,0.000187360250521,0.0001401887252452
1,All Population,6,Incidence,216,Senegal,3,Both,27,Age-standardized,543,Alzheimer's disease and other dementias,3,Rate,2017,72.0112550703,82.28970337346,61.652180994770006
1,All Population,6,Incidence,206,Gambia,3,Both,27,Age-standardized,543,Alzheimer's disease and other dementias,2,Percent,2005,0.0001566560486378,0.0001811479326275,0.0001335979797819
1,All Population,6,Incidence,206,Gambia,3,Both,27,Age-standardized,543,Alzheimer's disease and other dementias,3,Rate,2005,73.9592463456,85.76775737185,63.27837378901
1,All Population,6,Incidence,205,Côte d'Ivoire,3,Both,27,Age-standardized,543,Alzheimer's disease and other dementias,2,Percent,2006,0.0001444646824719,0.0001652878249448,0.0001228273417666
1,All Population,6,Incidence,205,Côte d'Ivoire,3,Both,27,Age-standardized,543,Alzheimer's disease and other dementias,3,Rate,2006,72.73682172741,83.56794431994,62.08403347209
1,All Population,6,Incidence,207,Ghana,3,Both,27,Age-standardized,543,Alzheimer's disease and other dementias,2,Percent,2019,0.0001783155609341,0.0002035391196755,0.0001521772320697
1,All Population,6,Incidence,207,Ghana,3,Both,27,Age-standardized,543,Alzheimer's disease and other dementias,3,Rate,2019,72.62381889397,82.46287257007,62.45047129615
1,All Population,6,Incidence,218,Togo,3,Both,27,Age-standardized,543,Alzheimer's disease and other dementias,2,Percent,2008,0.0001291898995433,0.0001495062335543,0.0001101220694243
1,All Population,6,Incidence,218,Togo,3,Both,27,Age-standardized,543,Alzheimer's disease and other dementias,3,Rate,2008,74.03281354098,84.25031323938,63.54188172073
1,All Population,6,Incidence,206,Gambia,3,Both,27,Age-standardized,543,Alzheimer's disease and other dementias,2,Percent,2012,0.0001559880573624,0.0001786821051422,0.0001324085862755
1,All Population,6,Incidence,206,Gambia,3,Both,27,Age-standardized,543,Alzheimer's disease and other dementias,3,Rate,2012,72.83102577983999,83.43650796101,61.9195532947
1,All Population,6,Incidence,208,Guinea,3,Both,27,Age-standardized,543,Alzheimer's disease and other dementias,2,Percent,2019,0.0001601549905694,0.0001843668346036,0.000136401706703
1,All Population,6,Incidence,208,Guinea,3,Both,27,Age-standardized,543,Alzheimer's disease and other dementias,3,Rate,2019,71.72955396891,82.47886940493001,61.581001071239996
1,All Population,6,Incidence,206,Gambia,3,Both,27,Age-standardized,543,Alzheimer's disease and other dementias,2,Percent,2006,0.0001572612633511,0.0001817210034626,0.0001336992950678
1,All Population,6,Incidence,206,Gambia,3,Both,27,Age-standardized,543,Alzheimer's disease and other dementias,3,Rate,2006,73.8246812251,85.31342449998,63.51872596264
1,All Population,6,Incidence,202,Cameroon,3,Both,27,Age-standardized,543,Alzheimer's disease and other dementias,2,Percent,2018,0.0001375993592209,0.0001579912000561,0.0001176266322083
1,All Population,6,Incidence,202,Cameroon,3,Both,27,Age-standardized,543,Alzheimer's disease and other dementias,3,Rate,2018,70.33154922586999,80.68656707621,60.37513217047
1,All Population,6,Incidence,217,Sierra Leone,3,Both,27,Age-standardized,543,Alzheimer's disease and other dementias,2,Percent,2006,0.0001427073501825,0.000164576940713,0.000122762018952
1,All Population,6,Incidence,217,Sierra Leone,3,Both,27,Age-standardized,543,Alzheimer's disease and other dementias,3,Rate,2006,76.47598698051,87.85716341061,66.15706174051999
1,All Population,6,Incidence,214,Nigeria,3,Both,27,Age-standardized,543,Alzheimer's disease and other dementias,2,Percent,2021,0.00011793765083,0.0001402596519818,9.97224991844e-05
1,All Population,6,Incidence,214,Nigeria,3,Both,27,Age-standardized,543,Alzheimer's disease and other dementias,3,Rate,2021,66.30293233053,75.90276061989,56.94613953245
1,All Population,6,Incidence,217,Sierra Leone,3,Both,27,Age-standardized,543,Alzheimer's disease and other dementias,2,Percent,2021,0.000144559599942,0.0001716946516932,0.0001214602463443
1,All Population,6,Incidence,217,Sierra Leone,3,Both,27,Age-standardized,543,Alzheimer's disease and other dementias,3,Rate,2021,72.93337665174,83.40510546789,62.4137602627
1,All Population,6,Incidence,202,Cameroon,3,Both,27,Age-standardized,543,Alzheimer's disease and other dementias,2,Percent,2019,0.0001391215441722,0.0001592004613575,0.00011886679975
1,All Population,6,Incidence,202,Cameroon,3,Both,27,Age-standardized,543,Alzheimer's disease and other dementias,3,Rate,2019,70.16875545491999,80.5288885879,60.17535828547
1,All Population,6,Incidence,209,Guinea-Bissau,3,Both,27,Age-standardized,543,Alzheimer's disease and other dementias,2,Percent,2019,0.0001562846046189,0.0001800986978273,0.0001322261583489
1,All Population,6,Incidence,209,Guinea-Bissau,3,Both,27,Age-standardized,543,Alzheimer's disease and other dementias,3,Rate,2019,71.31317051872,81.96556561247999,60.98879415063001
1,All Population,6,Incidence,217,Sierra Leone,3,Both,27,Age-standardized,543,Alzheimer's disease and other dementias,2,Percent,2016,0.0001548871688525,0.0001778895037647,0.0001328639833073
1,All Population,6,Incidence,217,Sierra Leone,3,Both,27,Age-standardized,543,Alzheimer's disease and other dementias,3,Rate,2016,74.32629540137,85.00784824488,63.722522932269996
1,All Population,6,Incidence,216,Senegal,3,Both,27,Age-standardized,543,Alzheimer's disease and other dementias,2,Percent,2004,0.0001437040408046,0.0001657688438411,0.0001233098884062
1,All Population,6,Incidence,216,Senegal,3,Both,27,Age-standardized,543,Alzheimer's disease and other dementias,3,Rate,2004,74.04017167523,84.36495649832,63.86768504781
1,All Population,6,Incidence,200,Benin,3,Both,27,Age-standardized,543,Alzheimer's disease and other dementias,2,Percent,2012,0.0001513164820112,0.0001736472787088,0.0001308024622938
1,All Population,6,Incidence,200,Benin,3,Both,27,Age-standardized,543,Alzheimer's disease and other dementias,3,Rate,2012,72.63350156169,82.29238192339001,63.91953786349
1,All Population,6,Incidence,201,Burkina Faso,3,Both,27,Age-standardized,543,Alzheimer's disease and other dementias,2,Percent,2022,0.0001303561301534,0.0001609027659658,0.000106516535393
1,All Population,6,Incidence,201,Burkina Faso,3,Both,27,Age-standardized,543,Alzheimer's disease and other dementias,3,Rate,2022,74.36362538308,84.86264591115,63.95836736046
1,All Population,6,Incidence,216,Senegal,3,Both,27,Age-standardized,543,Alzheimer's disease and other dementias,2,Percent,2003,0.0001422026137725,0.0001641140638513,0.0001220794707422
1,All Population,6,Incidence,216,Senegal,3,Both,27,Age-standardized,543,Alzheimer's disease and other dementias,3,Rate,2003,74.23856467614999,84.91957241309,63.807372816770005
1,All Population,6,Incidence,215,Sao Tome and Principe,3,Both,27,Age-standardized,543,Alzheimer's disease and other dementias,2,Percent,2022,0.0001387025257974,0.0001633549925702,0.0001161966693274
1,All Population,6,Incidence,215,Sao Tome and Principe,3,Both,27,Age-standardized,543,Alzheimer's disease and other dementias,3,Rate,2022,70.35467357601,80.54089887229,59.51869606043
1,All Population,6,Incidence,214,Nigeria,3,Both,27,Age-standardized,543,Alzheimer's disease and other dementias,2,Percent,2005,0.0001246748594684,0.0001431519633266,0.0001066490382651
1,All Population,6,Incidence,214,Nigeria,3,Both,27,Age-standardized,543,Alzheimer's disease and other dementias,3,Rate,2005,66.84157604031,76.81242447797,57.46825156464
1,All Population,6,Incidence,217,Sierra Leone,3,Both,27,Age-standardized,543,Alzheimer's disease and other dementias,2,Percent,2002,0.0001368772288666,0.0001579520249325,0.0001173255462513
1,All Population,6,Incidence,217,Sierra Leone,3,Both,27,Age-standardized,543,Alzheimer's disease and other dementias,3,Rate,2002,76.68496336007,88.26520315923,66.30582992341
1,All Population,6,Incidence,216,Senegal,3,Both,27,Age-standardized,543,Alzheimer's disease and other dementias,2,Percent,2020,0.000154310205332,0.000177093168476,0.0001317450484335
1,All Population,6,Incidence,216,Senegal,3,Both,27,Age-standardized,543,Alzheimer's disease and other dementias,3,Rate,2020,71.54428317891,82.1135000521,61.19221855179
1,All Population,6,Incidence,203,Cabo Verde,3,Both,27,Age-standardized,543,Alzheimer's disease and other dementias,2,Percent,2012,0.0001812174437135,0.0002079280169504,0.0001529352758271
1,All Population,6,Incidence,203,Cabo Verde,3,Both,27,Age-standardized,543,Alzheimer's disease and other dementias,3,Rate,2012,74.17828388702,85.36086233957,64.02216560063
1,All Population,6,Incidence,218,Togo,3,Both,27,Age-standardized,543,Alzheimer's disease and other dementias,2,Percent,2013,0.0001319278398838,0.0001510332495229,0.000112369073905
1,All Population,6,Incidence,218,Togo,3,Both,27,Age-standardized,543,Alzheimer's disease and other dementias,3,Rate,2013,73.60649170170001,83.7292415971,63.196263356079996
1,All Population,6,Incidence,217,Sierra Leone,3,Both,27,Age-standardized,543,Alzheimer's disease and other dementias,2,Percent,2017,0.0001553789239129,0.0001782552599254,0.0001329668344679
1,All Population,6,Incidence,217,Sierra Leone,3,Both,27,Age-standardized,543,Alzheimer's disease and other dementias,3,Rate,2017,74.04190994404999,84.54209070033,63.44059871592
1,All Population,6,Incidence,201,Burkina Faso,3,Both,27,Age-standardized,543,Alzheimer's disease and other dementias,2,Percent,2005,0.0001375158026785,0.0001584883415999,0.0001176298137272
1,All Population,6,Incidence,201,Burkina Faso,3,Both,27,Age-standardized,543,Alzheimer's disease and other dementias,3,Rate,2005,77.18084940006,88.05776674133,66.85112064343
1,All Population,6,Incidence,204,Chad,3,Both,27,Age-standardized,543,Alzheimer's disease and other dementias,2,Percent,2012,0.0001292073428476,0.0001486280769067,0.0001101166057193
1,All Population,6,Incidence,204,Chad,3,Both,27,Age-standardized,543,Alzheimer's disease and other dementias,3,Rate,2012,73.60091599514,84.36642678826,63.244293416
1,All Population,6,Incidence,203,Cabo Verde,3,Both,27,Age-standardized,543,Alzheimer's disease and other dementias,2,Percent,2011,0.0001814130895076,0.0002074744119502,0.0001533522362732
1,All Population,6,Incidence,203,Cabo Verde,3,Both,27,Age-standardized,543,Alzheimer's disease and other dementias,3,Rate,2011,74.2297517393,85.36237921029,64.04877739761
1,All Population,6,Incidence,218,Togo,3,Both,27,Age-standardized,543,Alzheimer's disease and other dementias,2,Percent,2011,0.000131911977313,0.0001512111149736,0.0001121976142822
1,All Population,6,Incidence,218,Togo,3,Both,27,Age-standardized,543,Alzheimer's disease and other dementias,3,Rate,2011,73.72587230996,83.57649886878,62.96619690278
1,All Population,6,Incidence,204,Chad,3,Both,27,Age-standardized,543,Alzheimer's disease and other dementias,2,Percent,2011,0.0001292261126882,0.0001478899385415,0.0001099492911114
1,All Population,6,Incidence,204,Chad,3,Both,27,Age-standardized,543,Alzheimer's disease and other dementias,3,Rate,2011,73.84009041802,84.62877382155,63.45455917353
1,All Population,6,Incidence,218,Togo,3,Both,27,Age-standardized,543,Alzheimer's disease and other dementias,2,Percent,2012,0.0001321005662016,0.0001517314076418,0.0001127436877118
1,All Population,6,Incidence,218,Togo,3,Both,27,Age-standardized,543,Alzheimer's disease and other dementias,3,Rate,2012,73.67223859779,83.72261703864,63.082244206329996
1,All Population,6,Incidence,215,Sao Tome and Principe,3,Both,27,Age-standardized,543,Alzheimer's disease and other dementias,2,Percent,2021,0.0001383314847105,0.0001599312822958,0.0001180197097131
1,All Population,6,Incidence,215,Sao Tome and Principe,3,Both,27,Age-standardized,543,Alzheimer's disease and other dementias,3,Rate,2021,70.43778697018,80.22476108535,60.06358971716
1,All Population,6,Incidence,205,Côte d'Ivoire,3,Both,27,Age-standardized,543,Alzheimer's disease and other dementias,2,Percent,2011,0.0001430940449387,0.0001641885687903,0.0001220848642461
1,All Population,6,Incidence,205,Côte d'Ivoire,3,Both,27,Age-standardized,543,Alzheimer's disease and other dementias,3,Rate,2011,72.17022169222,82.24724585487,62.30591404478
1,All Population,6,Incidence,216,Senegal,3,Both,27,Age-standardized,543,Alzheimer's disease and other dementias,2,Percent,2022,0.0001385975455604,0.0001725050388663,0.0001061598665685
1,All Population,6,Incidence,216,Senegal,3,Both,27,Age-standardized,543,Alzheimer's disease and other dementias,3,Rate,2022,71.18889625918,81.36411730014001,60.94726030196
1,All Population,6,Incidence,217,Sierra Leone,3,Both,27,Age-standardized,543,Alzheimer's disease and other dementias,2,Percent,2020,0.0001464252360544,0.0001684716168532,0.0001256550384991
1,All Population,6,Incidence,217,Sierra Leone,3,Both,27,Age-standardized,543,Alzheimer's disease and other dementias,3,Rate,2020,73.19067191296999,83.75654861544,62.24538345414
1,All Population,6,Incidence,217,Sierra Leone,3,Both,27,Age-standardized,543,Alzheimer's disease and other dementias,2,Percent,2003,0.0001380764982113,0.0001592854556189,0.0001188536141622
1,All Population,6,Incidence,217,Sierra Leone,3,Both,27,Age-standardized,543,Alzheimer's disease and other dementias,3,Rate,2003,76.59721987478,88.18005365018999,66.19147508537
1,All Population,6,Incidence,202,Cameroon,3,Both,27,Age-standardized,543,Alzheimer's disease and other dementias,2,Percent,2022,0.0001106435959485,0.0001309368450861,9.11667025554e-05
1,All Population,6,Incidence,202,Cameroon,3,Both,27,Age-standardized,543,Alzheimer's disease and other dementias,3,Rate,2022,69.90326280021,79.65109200187,59.83601380137
1,All Population,6,Incidence,201,Burkina Faso,3,Both,27,Age-standardized,543,Alzheimer's disease and other dementias,2,Percent,2003,0.0001342349686262,0.0001544693616677,0.0001153377013521
1,All Population,6,Incidence,201,Burkina Faso,3,Both,27,Age-standardized,543,Alzheimer's disease and other dementias,3,Rate,2003,77.55884502007,88.48930572067,67.23477427465001
1,All Population,6,Incidence,206,Gambia,3,Both,27,Age-standardized,543,Alzheimer's disease and other dementias,2,Percent,2011,0.0001560806795335,0.0001789405357221,0.0001324773915739
1,All Population,6,Incidence,206,Gambia,3,Both,27,Age-standardized,543,Alzheimer's disease and other dementias,3,Rate,2011,72.99477060584,83.51619531896,62.01526515063
1,All Population,6,Incidence,203,Cabo Verde,3,Both,27,Age-standardized,543,Alzheimer's disease and other dementias,2,Percent,2015,0.0001799655974422,0.0002084282724792,0.0001521119343652
1,All Population,6,Incidence,203,Cabo Verde,3,Both,27,Age-standardized,543,Alzheimer's disease and other dementias,3,Rate,2015,73.57489706793,85.61786988229001,63.03717083188
1,All Population,6,Incidence,201,Burkina Faso,3,Both,27,Age-standardized,543,Alzheimer's disease and other dementias,2,Percent,2004,0.000136099678761,0.0001570503128953,0.000116781885352
1,All Population,6,Incidence,201,Burkina Faso,3,Both,27,Age-standardized,543,Alzheimer's disease and other dementias,3,Rate,2004,77.35480538635001,88.29683724291,67.16093020899
1,All Population,6,Incidence,215,Sao Tome and Principe,3,Both,27,Age-standardized,543,Alzheimer's disease and other dementias,2,Percent,2005,0.0001453108447098,0.00016874517236,0.0001228817748625
1,All Population,6,Incidence,215,Sao Tome and Principe,3,Both,27,Age-standardized,543,Alzheimer's disease and other dementias,3,Rate,2005,72.20094293331,82.88488096964,61.89671109222
1,All Population,6,Incidence,202,Cameroon,3,Both,27,Age-standardized,543,Alzheimer's disease and other dementias,2,Percent,2005,0.0001265009142676,0.0001448880527648,0.0001064369192512
1,All Population,6,Incidence,202,Cameroon,3,Both,27,Age-standardized,543,Alzheimer's disease and other dementias,3,Rate,2005,72.13177783575,82.59511544898,61.931933874740004
1,All Population,6,Incidence,202,Cameroon,3,Both,27,Age-standardized,543,Alzheimer's disease and other dementias,2,Percent,2010,0.0001299994956283,0.0001501333326833,0.0001101287276744
1,All Population,6,Incidence,202,Cameroon,3,Both,27,Age-standardized,543,Alzheimer's disease and other dementias,3,Rate,2010,71.49975611171,81.95319574169,60.88797082247
1,All Population,6,Incidence,217,Sierra Leone,3,Both,27,Age-standardized,543,Alzheimer's disease and other dementias,2,Percent,2022,0.0001296848125284,0.0001599106708567,0.0001025989771744
1,All Population,6,Incidence,217,Sierra Leone,3,Both,27,Age-standardized,543,Alzheimer's disease and other dementias,3,Rate,2022,72.70531929738,83.27552313622,62.45318333951
1,All Population,6,Incidence,203,Cabo Verde,3,Both,27,Age-standardized,543,Alzheimer's disease and other dementias,2,Percent,2017,0.0001827415948206,0.0002111620757273,0.0001543032665803
1,All Population,6,Incidence,203,Cabo Verde,3,Both,27,Age-standardized,543,Alzheimer's disease and other dementias,3,Rate,2017,73.2758236142,84.86481899497,62.64188457491
1,All Population,6,Incidence,218,Togo,3,Both,27,Age-standardized,543,Alzheimer's disease and other dementias,2,Percent,2017,0.0001375016265606,0.0001568948951578,0.0001173235368645
1,All Population,6,Incidence,218,Togo,3,Both,27,Age-standardized,543,Alzheimer's disease and other dementias,3,Rate,2017,73.09002709743,83.71126761157,63.147523640520006
1,All Population,6,Incidence,200,Benin,3,Both,27,Age-standardized,543,Alzheimer's disease and other dementias,2,Percent,2020,0.0001465394020318,0.0001698643918067,0.0001269418551232
1,All Population,6,Incidence,200,Benin,3,Both,27,Age-standardized,543,Alzheimer's disease and other dementias,3,Rate,2020,70.79174119812,80.69858231549999,61.66184972811
1,All Population,6,Incidence,216,Senegal,3,Both,27,Age-standardized,543,Alzheimer's disease and other dementias,2,Percent,2005,0.0001443734088428,0.0001662267716697,0.0001242060166871
1,All Population,6,Incidence,216,Senegal,3,Both,27,Age-standardized,543,Alzheimer's disease and other dementias,3,Rate,2005,73.89480557181,84.39754250804,63.48276266499
1,All Population,6,Incidence,202,Cameroon,3,Both,27,Age-standardized,543,Alzheimer's disease and other dementias,2,Percent,2004,0.0001264307858444,0.0001444247071274,0.0001069375689385
1,All Population,6,Incidence,202,Cameroon,3,Both,27,Age-standardized,543,Alzheimer's disease and other dementias,3,Rate,2004,72.23822193022,82.47933421642,61.95638701396
1,All Population,6,Incidence,202,Cameroon,3,Both,27,Age-standardized,543,Alzheimer's disease and other dementias,2,Percent,2003,0.0001265799811823,0.0001451752975695,0.0001074457106767
1,All Population,6,Incidence,202,Cameroon,3,Both,27,Age-standardized,543,Alzheimer's disease and other dementias,3,Rate,2003,72.3737549734,82.33856975958,61.78528931364
1,All Population,6,Incidence,204,Chad,3,Both,27,Age-standardized,543,Alzheimer's disease and other dementias,2,Percent,2017,0.0001305253047713,0.0001495170982463,0.0001119629375439
1,All Population,6,Incidence,204,Chad,3,Both,27,Age-standardized,543,Alzheimer's disease and other dementias,3,Rate,2017,72.39087873166001,83.3911880512,62.68640607965
1,All Population,6,Incidence,205,Côte d'Ivoire,3,Both,27,Age-standardized,543,Alzheimer's disease and other dementias,2,Percent,2017,0.0001531703590897,0.0001751195849134,0.0001302333497606
1,All Population,6,Incidence,205,Côte d'Ivoire,3,Both,27,Age-standardized,543,Alzheimer's disease and other dementias,3,Rate,2017,71.43250167537,81.83281850855,61.38163969128
1,All Population,6,Incidence,206,Gambia,3,Both,27,Age-standardized,543,Alzheimer's disease and other dementias,2,Percent,2017,0.0001712707683982,0.0001965173084011,0.0001466003157172
1,All Population,6,Incidence,206,Gambia,3,Both,27,Age-standardized,543,Alzheimer's disease and other dementias,3,Rate,2017,72.00416082653,82.22383336357,61.86090602633
1,All Population,6,Incidence,217,Sierra Leone,3,Both,27,Age-standardized,543,Alzheimer's disease and other dementias,2,Percent,2005,0.0001412347126661,0.0001630983834265,0.0001218451455545
1,All Population,6,Incidence,217,Sierra Leone,3,Both,27,Age-standardized,543,Alzheimer's disease and other dementias,3,Rate,2005,76.53970917817,88.08490786846001,66.23460237482999
1,All Population,6,Incidence,201,Burkina Faso,3,Both,27,Age-standardized,543,Alzheimer's disease and other dementias,2,Percent,2013,0.0001507452229927,0.0001736974531154,0.0001290425398766
1,All Population,6,Incidence,201,Burkina Faso,3,Both,27,Age-standardized,543,Alzheimer's disease and other dementias,3,Rate,2013,75.64837687875,85.84871986586,65.04571532836
1,All Population,6,Incidence,200,Benin,3,Both,27,Age-standardized,543,Alzheimer's disease and other dementias,2,Percent,2023,0.0001339498400075,0.0001565284162058,0.000116097035392
1,All Population,6,Incidence,200,Benin,3,Both,27,Age-standardized,543,Alzheimer's disease and other dementias,3,Rate,2023,70.58683134156,80.00680410295,61.45031356473
1,All Population,6,Incidence,217,Sierra Leone,3,Both,27,Age-standardized,543,Alzheimer's disease and other dementias,2,Percent,2007,0.0001440876093617,0.000165664154663,0.0001237191563312
1,All Population,6,Incidence,217,Sierra Leone,3,Both,27,Age-standardized,543,Alzheimer's disease and other dementias,3,Rate,2007,76.3846583473,87.57944660849999,66.02512813086001
1,All Population,6,Incidence,203,Cabo Verde,3,Both,27,Age-standardized,543,Alzheimer's disease and other dementias,2,Percent,2019,0.0001871423905813,0.0002174238726042,0.0001593822492501
1,All Population,6,Incidence,203,Cabo Verde,3,Both,27,Age-standardized,543,Alzheimer's disease and other dementias,3,Rate,2019,72.9808319062,84.0076006055,62.62821667414
1,All Population,6,Incidence,214,Nigeria,3,Both,27,Age-standardized,543,Alzheimer's disease and other dementias,2,Percent,2009,0.0001305537972827,0.0001488588491917,0.0001112427252898
1,All Population,6,Incidence,214,Nigeria,3,Both,27,Age-standardized,543,Alzheimer's disease and other dementias,3,Rate,2009,67.81303800218001,77.63687369027001,58.26195009397
1,All Population,6,Incidence,204,Chad,3,Both,27,Age-standardized,543,Alzheimer's disease and other dementias,2,Percent,2019,0.0001324322508211,0.0001514076086283,0.0001135381917802
1,All Population,6,Incidence,204,Chad,3,Both,27,Age-standardized,543,Alzheimer's disease and other dementias,3,Rate,2019,71.83312130362,82.47740697192,61.855303701900006
1,All Population,6,Incidence,205,Côte d'Ivoire,3,Both,27,Age-standardized,543,Alzheimer's disease and other dementias,2,Percent,2019,0.0001553581751234,0.0001787364245185,0.0001320208180223
1,All Population,6,Incidence,205,Côte d'Ivoire,3,Both,27,Age-standardized,543,Alzheimer's disease and other dementias,3,Rate,2019,71.07988968685001,81.64741037001001,60.76807144781
1,All Population,6,Incidence,201,Burkina Faso,3,Both,27,Age-standardized,543,Alzheimer's disease and other dementias,2,Percent,2009,0.0001430733770528,0.0001643594149297,0.0001226388908426
1,All Population,6,Incidence,201,Burkina Faso,3,Both,27,Age-standardized,543,Alzheimer's disease and other dementias,3,Rate,2009,76.35932095998,87.03321682361,65.90442645174
1,All Population,6,Incidence,215,Sao Tome and Principe,3,Both,27,Age-standardized,543,Alzheimer's disease and other dementias,2,Percent,2009,0.0001527430435597,0.0001774156222752,0.0001301542593486
1,All Population,6,Incidence,215,Sao Tome and Principe,3,Both,27,Age-standardized,543,Alzheimer's disease and other dementias,3,Rate,2009,71.88711201842999,82.84578879644,62.012056763770005
1,All Population,6,Incidence,206,Gambia,3,Both,27,Age-standardized,543,Alzheimer's disease and other dementias,2,Percent,2019,0.0001767395237537,0.0002016717468414,0.0001508185676148
1,All Population,6,Incidence,206,Gambia,3,Both,27,Age-standardized,543,Alzheimer's disease and other dementias,3,Rate,2019,71.60897192598,81.23585998706,61.771789421319994
1,All Population,6,Incidence,201,Burkina Faso,3,Both,27,Age-standardized,543,Alzheimer's disease and other dementias,2,Percent,2010,0.000144418846143,0.0001661586462106,0.0001233272783662
1,All Population,6,Incidence,201,Burkina Faso,3,Both,27,Age-standardized,543,Alzheimer's disease and other dementias,3,Rate,2010,76.2072128116,86.8090689479,65.65218453019
1,All Population,6,Incidence,216,Senegal,3,Both,27,Age-standardized,543,Alzheimer's disease and other dementias,2,Percent,2009,0.0001509805797252,0.000175270131097,0.0001287707826296
1,All Population,6,Incidence,216,Senegal,3,Both,27,Age-standardized,543,Alzheimer's disease and other dementias,3,Rate,2009,73.2997599001,84.48248965686,63.36662942615
1,All Population,6,Incidence,202,Cameroon,3,Both,27,Age-standardized,543,Alzheimer's disease and other dementias,2,Percent,2009,0.0001287530146917,0.0001481128218285,0.0001089169867165
1,All Population,6,Incidence,202,Cameroon,3,Both,27,Age-standardized,543,Alzheimer's disease and other dementias,3,Rate,2009,71.62987320775001,81.56360431166,60.81401842209
1,All Population,6,Incidence,216,Senegal,3,Both,27,Age-standardized,543,Alzheimer's disease and other dementias,2,Percent,2010,0.000151765221828,0.0001767731813903,0.0001289547553688
1,All Population,6,Incidence,216,Senegal,3,Both,27,Age-standardized,543,Alzheimer's disease and other dementias,3,Rate,2010,73.1976701804,84.30694078588,63.12160292401
1,All Population,6,Incidence,217,Sierra Leone,3,Both,27,Age-standardized,543,Alzheimer's disease and other dementias,2,Percent,2009,0.0001466773605046,0.0001679787473645,0.0001265905826743
1,All Population,6,Incidence,217,Sierra Leone,3,Both,27,Age-standardized,543,Alzheimer's disease and other dementias,3,Rate,2009,76.24548134756999,86.97199315937,65.73488087557
1,All Population,6,Incidence,201,Burkina Faso,3,Both,27,Age-standardized,543,Alzheimer's disease and other dementias,2,Percent,2012,0.0001480677880317,0.0001708197802261,0.0001266529777215
1,All Population,6,Incidence,201,Burkina Faso,3,Both,27,Age-standardized,543,Alzheimer's disease and other dementias,3,Rate,2012,75.83608294768,86.23200139544,65.06750536846
1,All Population,6,Incidence,201,Burkina Faso,3,Both,27,Age-standardized,543,Alzheimer's disease and other dementias,2,Percent,2020,0.0001454338350089,0.0001662201876175,0.000122708708165
1,All Population,6,Incidence,201,Burkina Faso,3,Both,27,Age-standardized,543,Alzheimer's disease and other dementias,3,Rate,2020,74.38012757544,85.11132725697,63.22979156668
1,All Population,6,Incidence,217,Sierra Leone,3,Both,27,Age-standardized,543,Alzheimer's disease and other dementias,2,Percent,2010,0.0001480312541408,0.0001699175910374,0.0001275228309505
1,All Population,6,Incidence,217,Sierra Leone,3,Both,27,Age-standardized,543,Alzheimer's disease and other dementias,3,Rate,2010,76.02989322563,86.71667101917,65.64405973211001
1,All Population,6,Incidence,214,Nigeria,3,Both,27,Age-standardized,543,Alzheimer's disease and other dementias,2,Percent,2010,0.0001318392384669,0.0001500682075259,0.0001124125444303
1,All Population,6,Incidence,214,Nigeria,3,Both,27,Age-standardized,543,Alzheimer's disease and other dementias,3,Rate,2010,67.88396026188,77.61973288503,58.31599354248
1,All Population,6,Incidence,201,Burkina Faso,3,Both,27,Age-standardized,543,Alzheimer's disease and other dementias,2,Percent,2023,0.000129003737269,0.0001574538744746,0.0001065719770482
1,All Population,6,Incidence,201,Burkina Faso,3,Both,27,Age-standardized,543,Alzheimer's disease and other dementias,3,Rate,2023,74.29803397323,84.84647755482,63.997003255210004
1,All Population,6,Incidence,202,Cameroon,3,Both,27,Age-standardized,543,Alzheimer's disease and other dementias,2,Percent,2013,0.0001319132750106,0.0001535548296098,0.0001125919177626
1,All Population,6,Incidence,202,Cameroon,3,Both,27,Age-standardized,543,Alzheimer's disease and other dementias,3,Rate,2013,71.08467342053,81.30337451797,60.588056545680004
1,All Population,6,Incidence,214,Nigeria,3,Both,27,Age-standardized,543,Alzheimer's disease and other dementias,2,Percent,2014,0.0001343649124048,0.0001531769878997,0.0001147351635213
1,All Population,6,Incidence,214,Nigeria,3,Both,27,Age-standardized,543,Alzheimer's disease and other dementias,3,Rate,2014,67.06987854047,76.54590960505,57.84523959221001
1,All Population,6,Incidence,202,Cameroon,3,Both,27,Age-standardized,543,Alzheimer's disease and other dementias,2,Percent,2012,0.0001315097104572,0.0001528503947341,0.0001119072151589
1,All Population,6,Incidence,202,Cameroon,3,Both,27,Age-standardized,543,Alzheimer's disease and other dementias,3,Rate,2012,71.25333206526,81.22285478511,60.675130917139995
1,All Population,6,Incidence,215,Sao Tome and Principe,3,Both,27,Age-standardized,543,Alzheimer's disease and other dementias,2,Percent,2014,0.0001613198918449,0.0001870699072195,0.0001372250501992
1,All Population,6,Incidence,215,Sao Tome and Principe,3,Both,27,Age-standardized,543,Alzheimer's disease and other dementias,3,Rate,2014,71.36813335656001,81.97779942878,61.42751145849
1,All Population,6,Incidence,214,Nigeria,3,Both,27,Age-standardized,543,Alzheimer's disease and other dementias,2,Percent,2015,0.0001351719336285,0.000154150481958,0.000115412813535
1,All Population,6,Incidence,214,Nigeria,3,Both,27,Age-standardized,543,Alzheimer's disease and other dementias,3,Rate,2015,66.91092521306,76.39318259819,57.75511833113
1,All Population,6,Incidence,214,Nigeria,3,Both,27,Age-standardized,543,Alzheimer's disease and other dementias,2,Percent,2012,0.000133371421449,0.0001518766643835,0.0001135391866406
1,All Population,6,Incidence,214,Nigeria,3,Both,27,Age-standardized,543,Alzheimer's disease and other dementias,3,Rate,2012,67.53179990414999,77.14493008923999,58.133287829770005
1,All Population,6,Incidence,216,Senegal,3,Both,27,Age-standardized,543,Alzheimer's disease and other dementias,2,Percent,2014,0.0001583601936537,0.0001805864473064,0.0001351234621631
1,All Population,6,Incidence,216,Senegal,3,Both,27,Age-standardized,543,Alzheimer's disease and other dementias,3,Rate,2014,72.46239668426999,82.71879947866,62.15929306915
1,All Population,6,Incidence,215,Sao Tome and Principe,3,Both,27,Age-standardized,543,Alzheimer's disease and other dementias,2,Percent,2015,0.0001628631304812,0.0001888687947117,0.0001379176002542
1,All Population,6,Incidence,215,Sao Tome and Principe,3,Both,27,Age-standardized,543,Alzheimer's disease and other dementias,3,Rate,2015,71.25524929171999,81.82729777461999,61.19723379319
1,All Population,6,Incidence,215,Sao Tome and Principe,3,Both,27,Age-standardized,543,Alzheimer's disease and other dementias,2,Percent,2012,0.0001549290187629,0.0001796912505212,0.0001321670658337
1,All Population,6,Incidence,215,Sao Tome and Principe,3,Both,27,Age-standardized,543,Alzheimer's disease and other dementias,3,Rate,2012,71.63246829388,82.64582809442001,61.82018245859
1,All Population,6,Incidence,217,Sierra Leone,3,Both,27,Age-standardized,543,Alzheimer's disease and other dementias,2,Percent,2014,0.0001531168213645,0.0001752875176524,0.0001322303843889
1,All Population,6,Incidence,217,Sierra Leone,3,Both,27,Age-standardized,543,Alzheimer's disease and other dementias,3,Rate,2014,74.96238147927001,85.82083832329,64.60013470704
1,All Population,6,Incidence,216,Senegal,3,Both,27,Age-standardized,543,Alzheimer's disease and other dementias,2,Percent,2015,0.0001591335513913,0.0001808879667954,0.0001354727415548
1,All Population,6,Incidence,216,Senegal,3,Both,27,Age-standardized,543,Alzheimer's disease and other dementias,3,Rate,2015,72.32972178781,82.3022230884,61.96272359837
1,All Population,6,Incidence,216,Senegal,3,Both,27,Age-standardized,543,Alzheimer's disease and other dementias,2,Percent,2012,0.000154185374081,0.0001779894906429,0.0001315148990295
1,All Population,6,Incidence,216,Senegal,3,Both,27,Age-standardized,543,Alzheimer's disease and other dementias,3,Rate,2012,72.86511041012,83.61254061865,62.797081090089996
1,All Population,6,Incidence,217,Sierra Leone,3,Both,27,Age-standardized,543,Alzheimer's disease and other dementias,2,Percent,2015,0.0001541276943406,0.0001765361507706,0.0001327452035499
1,All Population,6,Incidence,217,Sierra Leone,3,Both,27,Age-standardized,543,Alzheimer's disease and other dementias,3,Rate,2015,74.59847110052,85.50156109785,63.98480138921
1,All Population,6,Incidence,217,Sierra Leone,3,Both,27,Age-standardized,543,Alzheimer's disease and other dementias,2,Percent,2012,0.0001505243907455,0.0001721639258272,0.0001296206654745
1,All Population,6,Incidence,217,Sierra Leone,3,Both,27,Age-standardized,543,Alzheimer's disease and other dementias,3,Rate,2012,75.53408113060999,86.30795370647999,65.27681539463
1,All Population,6,Incidence,202,Cameroon,3,Both,27,Age-standardized,543,Alzheimer's disease and other dementias,2,Percent,2020,0.0001337543510068,0.0001522412081832,0.0001141751050438
1,All Population,6,Incidence,202,Cameroon,3,Both,27,Age-standardized,543,Alzheimer's disease and other dementias,3,Rate,2020,70.05786547979,80.43075747659,60.30127703409
1,All Population,6,Incidence,214,Nigeria,3,Both,27,Age-standardized,543,Alzheimer's disease and other dementias,2,Percent,2019,0.0001412989012507,0.0001615057336322,0.0001200677888935
1,All Population,6,Incidence,214,Nigeria,3,Both,27,Age-standardized,543,Alzheimer's disease and other dementias,3,Rate,2019,66.35885550599,75.85870012361,57.08053228497
1,All Population,6,Incidence,202,Cameroon,3,Both,27,Age-standardized,543,Alzheimer's disease and other dementias,2,Percent,2023,0.0001173539786968,0.0001417483939336,9.24132542845e-05
1,All Population,6,Incidence,202,Cameroon,3,Both,27,Age-standardized,543,Alzheimer's disease and other dementias,3,Rate,2023,70.04146275664,80.37385623642001,60.30191497624
1,All Population,6,Incidence,215,Sao Tome and Principe,3,Both,27,Age-standardized,543,Alzheimer's disease and other dementias,2,Percent,2019,0.0001690896374599,0.000192072412166,0.0001437281980726
1,All Population,6,Incidence,215,Sao Tome and Principe,3,Both,27,Age-standardized,543,Alzheimer's disease and other dementias,3,Rate,2019,70.61962743158,80.62354002044,60.504662226469996
1,All Population,6,Incidence,216,Senegal,3,Both,27,Age-standardized,543,Alzheimer's disease and other dementias,2,Percent,2019,0.0001697248319184,0.0001942961823618,0.0001444588000376
1,All Population,6,Incidence,216,Senegal,3,Both,27,Age-standardized,543,Alzheimer's disease and other dementias,3,Rate,2019,71.64911589605,82.12835618427,61.285617340680005
1,All Population,6,Incidence,217,Sierra Leone,3,Both,27,Age-standardized,543,Alzheimer's disease and other dementias,2,Percent,2019,0.0001577657115655,0.000181043702104,0.0001356750407891
1,All Population,6,Incidence,217,Sierra Leone,3,Both,27,Age-standardized,543,Alzheimer's disease and other dementias,3,Rate,2019,73.50390469461,84.05458145281,62.671023735480006
1,All Population,6,Incidence,214,Nigeria,3,Both,27,Age-standardized,543,Alzheimer's disease and other dementias,2,Percent,2023,0.0001254839560896,0.0001507176112428,9.53001092211e-05
1,All Population,6,Incidence,214,Nigeria,3,Both,27,Age-standardized,543,Alzheimer's disease and other dementias,3,Rate,2023,66.37975323428999,76.06661281763,57.0492105969
1,All Population,6,Incidence,215,Sao Tome and Principe,3,Both,27,Age-standardized,543,Alzheimer's disease and other dementias,2,Percent,2023,0.00014229343297,0.0001687413529537,0.0001155834061582
1,All Population,6,Incidence,215,Sao Tome and Principe,3,Both,27,Age-standardized,543,Alzheimer's disease and other dementias,3,Rate,2023,70.48615127045001,80.97763048067,61.177473710730006
1,All Population,6,Incidence,216,Senegal,3,Both,27,Age-standardized,543,Alzheimer's disease and other dementias,2,Percent,2023,0.0001415265927063,0.0001824935562875,0.0001043691189098
1,All Population,6,Incidence,216,Senegal,3,Both,27,Age-standardized,543,Alzheimer's disease and other dementias,3,Rate,2023,71.35424820909,82.22836991566,60.73213520097
1,All Population,6,Incidence,217,Sierra Leone,3,Both,27,Age-standardized,543,Alzheimer's disease and other dementias,2,Percent,2023,0.0001320703222288,0.0001578185249916,0.000110801038025
1,All Population,6,Incidence,217,Sierra Leone,3,Both,27,Age-standardized,543,Alzheimer's disease and other dementias,3,Rate,2023,72.60471632126,83.56273750252001,62.442548265599996
