population_group_id,population_group_name,measure_id,measure_name,location_id,location_name,sex_id,sex_name,age_id,age_name,cause_id,cause_name,rei_id,rei_name,metric_id,metric_name,year,val,upper,lower
1,All Population,1,Deaths,200,Benin,3,Both,27,Age-standardized,543,Alzheimer's disease and other dementias,169,All risk factors,2,Percent,1991,0.4736774159280812,0.7071594363334003,0.193684739802809
1,All Population,1,Deaths,200,Benin,3,Both,27,Age-standardized,543,Alzheimer's disease and other dementias,169,All risk factors,3,Rate,1991,8.178903275671804,25.000960379090316,1.293146869023626
1,All Population,1,Deaths,203,Cabo Verde,3,Both,27,Age-standardized,543,Alzheimer's disease and other dementias,169,All risk factors,2,Percent,1990,0.4864609258406047,0.7056250997011998,0.22552725317325703
1,All Population,1,Deaths,203,Cabo Verde,3,Both,27,Age-standardized,543,Alzheimer's disease and other dementias,169,All risk factors,3,Rate,1990,9.002058902858678,26.475029878848627,1.5800382229681396
1,All Population,1,Deaths,208,Guinea,3,Both,27,Age-standardized,543,Alzheimer's disease and other dementias,169,All risk factors,2,Percent,1991,0.4907336516117143,0.7096608977659129,0.21663635345766494
1,All Population,1,Deaths,208,Guinea,3,Both,27,Age-standardized,543,Alzheimer's disease and other dementias,169,All risk factors,3,Rate,1991,9.531802948232087,27.447327162925724,1.609459425796014
1,All Population,1,Deaths,209,Guinea-Bissau,3,Both,27,Age-standardized,543,Alzheimer's disease and other dementias,169,All risk factors,2,Percent,1990,0.49267496577083675,0.7115263822480707,0.22915569679674633
1,All Population,1,Deaths,209,Guinea-Bissau,3,Both,27,Age-standardized,543,Alzheimer's disease and other dementias,169,All risk factors,3,Rate,1990,8.903628052920244,25.45617729150123,1.5480776118021577
1,All Population,1,Deaths,217,Sierra Leone,3,Both,27,Age-standardized,543,Alzheimer's disease and other dementias,169,All risk factors,2,Percent,1991,0.5006527979960239,0.7143683186820597,0.24026576582557127
1,All Population,1,Deaths,217,Sierra Leone,3,Both,27,Age-standardized,543,Alzheimer's disease and other dementias,169,All risk factors,3,Rate,1991,8.07316225184668,23.0408284272944,1.5224960686265494
1,All Population,1,Deaths,201,Burkina Faso,3,Both,27,Age-standardized,543,Alzheimer's disease and other dementias,169,All risk factors,2,Percent,1990,0.4592115019370715,0.6972466011645746,0.1538453351641937
1,All Population,1,Deaths,201,Burkina Faso,3,Both,27,Age-standardized,543,Alzheimer's disease and other dementias,169,All risk factors,3,Rate,1990,11.718371719598249,34.48157006051358,1.7966169492415016
1,All Population,1,Deaths,203,Cabo Verde,3,Both,27,Age-standardized,543,Alzheimer's disease and other dementias,169,All risk factors,2,Percent,1991,0.48603370037456517,0.7043776997600932,0.2242469277344679
1,All Population,1,Deaths,203,Cabo Verde,3,Both,27,Age-standardized,543,Alzheimer's disease and other dementias,169,All risk factors,3,Rate,1991,9.020601442175217,26.339801015414903,1.5790743542725372
1,All Population,1,Deaths,207,Ghana,3,Both,27,Age-standardized,543,Alzheimer's disease and other dementias,169,All risk factors,2,Percent,1991,0.5172783409297907,0.7214467471921097,0.2690060590578952
1,All Population,1,Deaths,207,Ghana,3,Both,27,Age-standardized,543,Alzheimer's disease and other dementias,169,All risk factors,3,Rate,1991,8.67530372039124,24.7447700767943,1.654496896273178
1,All Population,1,Deaths,209,Guinea-Bissau,3,Both,27,Age-standardized,543,Alzheimer's disease and other dementias,169,All risk factors,2,Percent,1991,0.49289792106031577,0.71113400227228,0.22992280650983588
1,All Population,1,Deaths,209,Guinea-Bissau,3,Both,27,Age-standardized,543,Alzheimer's disease and other dementias,169,All risk factors,3,Rate,1991,8.914896367291027,25.330941616800416,1.5453976364439184
1,All Population,1,Deaths,217,Sierra Leone,3,Both,27,Age-standardized,543,Alzheimer's disease and other dementias,169,All risk factors,2,Percent,1990,0.5005995886191904,0.7145232079609377,0.2394686995242897
1,All Population,1,Deaths,217,Sierra Leone,3,Both,27,Age-standardized,543,Alzheimer's disease and other dementias,169,All risk factors,3,Rate,1990,8.140687607431277,23.33331008960835,1.528868073895035
1,All Population,1,Deaths,211,Mali,3,Both,27,Age-standardized,543,Alzheimer's disease and other dementias,169,All risk factors,2,Percent,1991,0.5456412731967204,0.7393755969816962,0.31013411314455813
1,All Population,1,Deaths,211,Mali,3,Both,27,Age-standardized,543,Alzheimer's disease and other dementias,169,All risk factors,3,Rate,1991,9.67797793482483,28.070554564592342,1.755409312285372
1,All Population,1,Deaths,213,Niger,3,Both,27,Age-standardized,543,Alzheimer's disease and other dementias,169,All risk factors,2,Percent,1991,0.5080561239841977,0.7212685401040493,0.23231934729796816
1,All Population,1,Deaths,213,Niger,3,Both,27,Age-standardized,543,Alzheimer's disease and other dementias,169,All risk factors,3,Rate,1991,10.697088534344102,31.757177908006987,2.107594002645987
1,All Population,1,Deaths,200,Benin,3,Both,27,Age-standardized,543,Alzheimer's disease and other dementias,169,All risk factors,2,Percent,1990,0.47366714578483243,0.7065940515460463,0.1940014774305951
1,All Population,1,Deaths,200,Benin,3,Both,27,Age-standardized,543,Alzheimer's disease and other dementias,169,All risk factors,3,Rate,1990,8.098564635257002,24.996011606778143,1.2709108813796821
1,All Population,1,Deaths,214,Nigeria,3,Both,27,Age-standardized,543,Alzheimer's disease and other dementias,169,All risk factors,2,Percent,1990,0.4976227235551302,0.7108176329707615,0.2338150030024494
1,All Population,1,Deaths,214,Nigeria,3,Both,27,Age-standardized,543,Alzheimer's disease and other dementias,169,All risk factors,3,Rate,1990,7.697837976815815,22.530619504868152,1.3768314403949344
1,All Population,1,Deaths,215,Sao Tome and Principe,3,Both,27,Age-standardized,543,Alzheimer's disease and other dementias,169,All risk factors,2,Percent,1990,0.46317272971156037,0.6893916892877286,0.18808561856400682
1,All Population,1,Deaths,215,Sao Tome and Principe,3,Both,27,Age-standardized,543,Alzheimer's disease and other dementias,169,All risk factors,3,Rate,1990,8.340801377789301,24.125521645505664,1.334264553409948
1,All Population,1,Deaths,211,Mali,3,Both,27,Age-standardized,543,Alzheimer's disease and other dementias,169,All risk factors,2,Percent,1990,0.5457700417580157,0.7398655428132783,0.3045065602183826
1,All Population,1,Deaths,211,Mali,3,Both,27,Age-standardized,543,Alzheimer's disease and other dementias,169,All risk factors,3,Rate,1990,9.683846144363583,28.370320608142986,1.8096941935763773
1,All Population,1,Deaths,208,Guinea,3,Both,27,Age-standardized,543,Alzheimer's disease and other dementias,169,All risk factors,2,Percent,1990,0.490624100909963,0.7101058603054413,0.21385915607490638
1,All Population,1,Deaths,208,Guinea,3,Both,27,Age-standardized,543,Alzheimer's disease and other dementias,169,All risk factors,3,Rate,1990,9.487724966552552,27.08458481906146,1.5968197473965702
1,All Population,1,Deaths,216,Senegal,3,Both,27,Age-standardized,543,Alzheimer's disease and other dementias,169,All risk factors,2,Percent,1991,0.5343833832640791,0.7305201187322679,0.29730114073665365
1,All Population,1,Deaths,216,Senegal,3,Both,27,Age-standardized,543,Alzheimer's disease and other dementias,169,All risk factors,3,Rate,1991,8.637220832746413,23.771297469414236,1.6151126694965017
1,All Population,1,Deaths,202,Cameroon,3,Both,27,Age-standardized,543,Alzheimer's disease and other dementias,169,All risk factors,2,Percent,1991,0.488547188455038,0.7052639547687769,0.22504446028704272
1,All Population,1,Deaths,202,Cameroon,3,Both,27,Age-standardized,543,Alzheimer's disease and other dementias,169,All risk factors,3,Rate,1991,10.726643802272106,30.685970748731915,1.8362213389990945
1,All Population,1,Deaths,204,Chad,3,Both,27,Age-standardized,543,Alzheimer's disease and other dementias,169,All risk factors,2,Percent,1990,0.5262116486004497,0.7289027271157782,0.27040509255239475
1,All Population,1,Deaths,204,Chad,3,Both,27,Age-standardized,543,Alzheimer's disease and other dementias,169,All risk factors,3,Rate,1990,11.351942307423107,31.7686051322038,2.1966120447407245
1,All Population,1,Deaths,206,Gambia,3,Both,27,Age-standardized,543,Alzheimer's disease and other dementias,169,All risk factors,2,Percent,1990,0.5223577045507973,0.72654788873759,0.2670374384563731
1,All Population,1,Deaths,206,Gambia,3,Both,27,Age-standardized,543,Alzheimer's disease and other dementias,169,All risk factors,3,Rate,1990,8.211532411582764,23.321756804536815,1.4817960810768356
1,All Population,1,Deaths,205,Côte d'Ivoire,3,Both,27,Age-standardized,543,Alzheimer's disease and other dementias,169,All risk factors,2,Percent,1991,0.4786442590488864,0.6952617112775468,0.20516892956353167
1,All Population,1,Deaths,205,Côte d'Ivoire,3,Both,27,Age-standardized,543,Alzheimer's disease and other dementias,169,All risk factors,3,Rate,1991,8.439626720063712,25.36903847830153,1.3868530154558454
1,All Population,1,Deaths,212,Mauritania,3,Both,27,Age-standardized,543,Alzheimer's disease and other dementias,169,All risk factors,2,Percent,1990,0.5582363843211948,0.7391841210089678,0.34229990244192526
1,All Population,1,Deaths,212,Mauritania,3,Both,27,Age-standardized,543,Alzheimer's disease and other dementias,169,All risk factors,3,Rate,1990,11.137267457346665,31.20301689918454,2.1782676667174665
1,All Population,1,Deaths,206,Gambia,3,Both,27,Age-standardized,543,Alzheimer's disease and other dementias,169,All risk factors,2,Percent,1991,0.522798514757819,0.7260148731872269,0.26372750685269314
1,All Population,1,Deaths,206,Gambia,3,Both,27,Age-standardized,543,Alzheimer's disease and other dementias,169,All risk factors,3,Rate,1991,8.242879463713411,23.280028806692084,1.4769439986057147
1,All Population,1,Deaths,205,Côte d'Ivoire,3,Both,27,Age-standardized,543,Alzheimer's disease and other dementias,169,All risk factors,2,Percent,1990,0.47859328249291627,0.6958919402027628,0.20624668526099646
1,All Population,1,Deaths,205,Côte d'Ivoire,3,Both,27,Age-standardized,543,Alzheimer's disease and other dementias,169,All risk factors,3,Rate,1990,8.550142618228122,25.862193598112384,1.3855111389749715
1,All Population,1,Deaths,216,Senegal,3,Both,27,Age-standardized,543,Alzheimer's disease and other dementias,169,All risk factors,2,Percent,1990,0.5345008651328951,0.7310258253331342,0.29836245790127147
1,All Population,1,Deaths,216,Senegal,3,Both,27,Age-standardized,543,Alzheimer's disease and other dementias,169,All risk factors,3,Rate,1990,8.600628422138696,23.66584207551588,1.616848704534116
1,All Population,1,Deaths,214,Nigeria,3,Both,27,Age-standardized,543,Alzheimer's disease and other dementias,169,All risk factors,2,Percent,1992,0.4974215450643812,0.7108153404255817,0.23253492787288027
1,All Population,1,Deaths,214,Nigeria,3,Both,27,Age-standardized,543,Alzheimer's disease and other dementias,169,All risk factors,3,Rate,1992,7.71356958645895,23.56551291187956,1.380183274926225
1,All Population,1,Deaths,214,Nigeria,3,Both,27,Age-standardized,543,Alzheimer's disease and other dementias,169,All risk factors,2,Percent,1991,0.4975181087799623,0.7107130342485242,0.23356884736881584
1,All Population,1,Deaths,214,Nigeria,3,Both,27,Age-standardized,543,Alzheimer's disease and other dementias,169,All risk factors,3,Rate,1991,7.772766793801784,23.69643584483399,1.380686440325858
1,All Population,1,Deaths,218,Togo,3,Both,27,Age-standardized,543,Alzheimer's disease and other dementias,169,All risk factors,2,Percent,1991,0.5062356534796257,0.7170901506574204,0.24650028674084684
1,All Population,1,Deaths,218,Togo,3,Both,27,Age-standardized,543,Alzheimer's disease and other dementias,169,All risk factors,3,Rate,1991,9.61702028596935,28.539357281936258,1.7569700196264528
1,All Population,1,Deaths,210,Liberia,3,Both,27,Age-standardized,543,Alzheimer's disease and other dementias,169,All risk factors,2,Percent,1991,0.4971099614574973,0.7150195375313085,0.23672216794886333
1,All Population,1,Deaths,210,Liberia,3,Both,27,Age-standardized,543,Alzheimer's disease and other dementias,169,All risk factors,3,Rate,1991,10.147334306512313,29.94005540221054,1.7886937283485398
1,All Population,1,Deaths,213,Niger,3,Both,27,Age-standardized,543,Alzheimer's disease and other dementias,169,All risk factors,2,Percent,1992,0.5085050522103051,0.7212732845501442,0.23390649455758264
1,All Population,1,Deaths,213,Niger,3,Both,27,Age-standardized,543,Alzheimer's disease and other dementias,169,All risk factors,3,Rate,1992,10.723244770638855,31.487616089950265,2.1155131592633656
1,All Population,1,Deaths,209,Guinea-Bissau,3,Both,27,Age-standardized,543,Alzheimer's disease and other dementias,169,All risk factors,2,Percent,1992,0.4931522938870544,0.7105791291711123,0.22914172790772663
1,All Population,1,Deaths,209,Guinea-Bissau,3,Both,27,Age-standardized,543,Alzheimer's disease and other dementias,169,All risk factors,3,Rate,1992,8.939021548594809,26.205777572615286,1.5317984224222825
1,All Population,1,Deaths,200,Benin,3,Both,27,Age-standardized,543,Alzheimer's disease and other dementias,169,All risk factors,2,Percent,1992,0.47379289006249536,0.7062161468667913,0.1960150159163003
1,All Population,1,Deaths,200,Benin,3,Both,27,Age-standardized,543,Alzheimer's disease and other dementias,169,All risk factors,3,Rate,1992,8.21541004834824,24.244625254589174,1.3313305274670326
1,All Population,1,Deaths,207,Ghana,3,Both,27,Age-standardized,543,Alzheimer's disease and other dementias,169,All risk factors,2,Percent,1992,0.5174564859221512,0.720916700996016,0.27109394947695326
1,All Population,1,Deaths,207,Ghana,3,Both,27,Age-standardized,543,Alzheimer's disease and other dementias,169,All risk factors,3,Rate,1992,8.752152653420298,25.009287727831317,1.6536189134718107
1,All Population,1,Deaths,200,Benin,3,Both,27,Age-standardized,543,Alzheimer's disease and other dementias,169,All risk factors,2,Percent,1993,0.4739562217437311,0.7056019498305193,0.1968386281448156
1,All Population,1,Deaths,200,Benin,3,Both,27,Age-standardized,543,Alzheimer's disease and other dementias,169,All risk factors,3,Rate,1993,8.270822973691415,24.135240452027823,1.353352306608615
1,All Population,1,Deaths,205,Côte d'Ivoire,3,Both,27,Age-standardized,543,Alzheimer's disease and other dementias,169,All risk factors,2,Percent,1992,0.4788133273836328,0.6948728364771954,0.2048817974576238
1,All Population,1,Deaths,205,Côte d'Ivoire,3,Both,27,Age-standardized,543,Alzheimer's disease and other dementias,169,All risk factors,3,Rate,1992,8.387725364758747,24.962121658755898,1.4476572478954615
1,All Population,1,Deaths,211,Mali,3,Both,27,Age-standardized,543,Alzheimer's disease and other dementias,169,All risk factors,2,Percent,1992,0.5457061820646519,0.7389466123005753,0.31245371387712295
1,All Population,1,Deaths,211,Mali,3,Both,27,Age-standardized,543,Alzheimer's disease and other dementias,169,All risk factors,3,Rate,1992,9.729972612800818,27.691256597810387,1.7672499804685384
1,All Population,1,Deaths,203,Cabo Verde,3,Both,27,Age-standardized,543,Alzheimer's disease and other dementias,169,All risk factors,2,Percent,1993,0.48432837092395825,0.7003536442814191,0.22440251521774376
1,All Population,1,Deaths,203,Cabo Verde,3,Both,27,Age-standardized,543,Alzheimer's disease and other dementias,169,All risk factors,3,Rate,1993,8.825837119030256,25.206651256341353,1.569528198957173
1,All Population,1,Deaths,208,Guinea,3,Both,27,Age-standardized,543,Alzheimer's disease and other dementias,169,All risk factors,2,Percent,1992,0.4909272850981437,0.7098790281012413,0.21892294654386832
1,All Population,1,Deaths,208,Guinea,3,Both,27,Age-standardized,543,Alzheimer's disease and other dementias,169,All risk factors,3,Rate,1992,9.616703031978856,27.730005768735495,1.6585133938184844
1,All Population,1,Deaths,216,Senegal,3,Both,27,Age-standardized,543,Alzheimer's disease and other dementias,169,All risk factors,2,Percent,1992,0.5348696898953547,0.7297133788266948,0.30023032034248687
1,All Population,1,Deaths,216,Senegal,3,Both,27,Age-standardized,543,Alzheimer's disease and other dementias,169,All risk factors,3,Rate,1992,8.684803006770384,24.399622871029067,1.6363658360590652
1,All Population,1,Deaths,212,Mauritania,3,Both,27,Age-standardized,543,Alzheimer's disease and other dementias,169,All risk factors,2,Percent,1991,0.5585628514442125,0.7387428601764034,0.34543661610586474
1,All Population,1,Deaths,212,Mauritania,3,Both,27,Age-standardized,543,Alzheimer's disease and other dementias,169,All risk factors,3,Rate,1991,11.067641814375985,30.57328241317035,2.1436420577020745
1,All Population,1,Deaths,215,Sao Tome and Principe,3,Both,27,Age-standardized,543,Alzheimer's disease and other dementias,169,All risk factors,2,Percent,1991,0.46308437527874635,0.6885469011752364,0.18817911394072542
1,All Population,1,Deaths,215,Sao Tome and Principe,3,Both,27,Age-standardized,543,Alzheimer's disease and other dementias,169,All risk factors,3,Rate,1991,8.357293934264103,23.750467845091165,1.3387132354564262
1,All Population,1,Deaths,207,Ghana,3,Both,27,Age-standardized,543,Alzheimer's disease and other dementias,169,All risk factors,2,Percent,1990,0.5172263132367119,0.7215436911961797,0.2670248286292746
1,All Population,1,Deaths,207,Ghana,3,Both,27,Age-standardized,543,Alzheimer's disease and other dementias,169,All risk factors,3,Rate,1990,8.642724082460003,24.95143148648442,1.607061519368091
1,All Population,1,Deaths,214,Nigeria,3,Both,27,Age-standardized,543,Alzheimer's disease and other dementias,169,All risk factors,2,Percent,1994,0.49739830794727086,0.7104319096586833,0.23544556816734688
1,All Population,1,Deaths,214,Nigeria,3,Both,27,Age-standardized,543,Alzheimer's disease and other dementias,169,All risk factors,3,Rate,1994,7.767892286619026,22.87231655906269,1.404316113261319
1,All Population,1,Deaths,202,Cameroon,3,Both,27,Age-standardized,543,Alzheimer's disease and other dementias,169,All risk factors,2,Percent,1992,0.48969504759786175,0.7043612765396705,0.2223425829483281
1,All Population,1,Deaths,202,Cameroon,3,Both,27,Age-standardized,543,Alzheimer's disease and other dementias,169,All risk factors,3,Rate,1992,10.705868965362844,30.65539041473788,1.8139754940994695
1,All Population,1,Deaths,203,Cabo Verde,3,Both,27,Age-standardized,543,Alzheimer's disease and other dementias,169,All risk factors,2,Percent,1992,0.4850949399542172,0.7017112995349164,0.2240061307461343
1,All Population,1,Deaths,203,Cabo Verde,3,Both,27,Age-standardized,543,Alzheimer's disease and other dementias,169,All risk factors,3,Rate,1992,8.91415287152927,25.779682612807445,1.5724802644204265
1,All Population,1,Deaths,206,Gambia,3,Both,27,Age-standardized,543,Alzheimer's disease and other dementias,169,All risk factors,2,Percent,1992,0.5234094106291242,0.7251638624530244,0.2637724055188195
1,All Population,1,Deaths,206,Gambia,3,Both,27,Age-standardized,543,Alzheimer's disease and other dementias,169,All risk factors,3,Rate,1992,8.423299922776392,23.349465499912835,1.508471297689081
1,All Population,1,Deaths,209,Guinea-Bissau,3,Both,27,Age-standardized,543,Alzheimer's disease and other dementias,169,All risk factors,2,Percent,1994,0.49370870918362936,0.7086303779924618,0.2274909272112634
1,All Population,1,Deaths,209,Guinea-Bissau,3,Both,27,Age-standardized,543,Alzheimer's disease and other dementias,169,All risk factors,3,Rate,1994,9.161344553251393,27.08474592171056,1.6012266077748256
1,All Population,1,Deaths,217,Sierra Leone,3,Both,27,Age-standardized,543,Alzheimer's disease and other dementias,169,All risk factors,2,Percent,1992,0.5007465695417642,0.7144580219064891,0.24085288058897758
1,All Population,1,Deaths,217,Sierra Leone,3,Both,27,Age-standardized,543,Alzheimer's disease and other dementias,169,All risk factors,3,Rate,1992,8.127829973877684,23.06522287152946,1.5443334517810852
1,All Population,1,Deaths,206,Gambia,3,Both,27,Age-standardized,543,Alzheimer's disease and other dementias,169,All risk factors,2,Percent,1994,0.524329150260234,0.7244198242086128,0.27176139619943535
1,All Population,1,Deaths,206,Gambia,3,Both,27,Age-standardized,543,Alzheimer's disease and other dementias,169,All risk factors,3,Rate,1994,8.192722719599594,22.109075475894336,1.4321391921369013
1,All Population,1,Deaths,204,Chad,3,Both,27,Age-standardized,543,Alzheimer's disease and other dementias,169,All risk factors,2,Percent,1991,0.5263450029295835,0.7285780153814201,0.27497335391012023
1,All Population,1,Deaths,204,Chad,3,Both,27,Age-standardized,543,Alzheimer's disease and other dementias,169,All risk factors,3,Rate,1991,11.396977247056919,31.941026065054597,2.274403086590246
1,All Population,1,Deaths,218,Togo,3,Both,27,Age-standardized,543,Alzheimer's disease and other dementias,169,All risk factors,2,Percent,1990,0.5065065768195778,0.7168818648533754,0.24681973453816028
1,All Population,1,Deaths,218,Togo,3,Both,27,Age-standardized,543,Alzheimer's disease and other dementias,169,All risk factors,3,Rate,1990,9.64749113515847,28.590181771630295,1.7304403559957215
1,All Population,1,Deaths,218,Togo,3,Both,27,Age-standardized,543,Alzheimer's disease and other dementias,169,All risk factors,2,Percent,1992,0.5061495083960883,0.7170737806601075,0.24469796553068374
1,All Population,1,Deaths,218,Togo,3,Both,27,Age-standardized,543,Alzheimer's disease and other dementias,169,All risk factors,3,Rate,1992,9.622823016011548,28.36699610825274,1.8180607156707382
1,All Population,1,Deaths,210,Liberia,3,Both,27,Age-standardized,543,Alzheimer's disease and other dementias,169,All risk factors,2,Percent,1990,0.49557093525174184,0.7140059630453103,0.23735647415931446
1,All Population,1,Deaths,210,Liberia,3,Both,27,Age-standardized,543,Alzheimer's disease and other dementias,169,All risk factors,3,Rate,1990,10.01855740278703,29.349073600156622,1.7931690715023343
1,All Population,1,Deaths,217,Sierra Leone,3,Both,27,Age-standardized,543,Alzheimer's disease and other dementias,169,All risk factors,2,Percent,1995,0.5010888425328774,0.7145358498933247,0.2412079355207168
1,All Population,1,Deaths,217,Sierra Leone,3,Both,27,Age-standardized,543,Alzheimer's disease and other dementias,169,All risk factors,3,Rate,1995,8.248992081760866,24.399613329888744,1.607892842964752
1,All Population,1,Deaths,210,Liberia,3,Both,27,Age-standardized,543,Alzheimer's disease and other dementias,169,All risk factors,2,Percent,1992,0.49869205040085696,0.7144401263490535,0.23860456159400562
1,All Population,1,Deaths,210,Liberia,3,Both,27,Age-standardized,543,Alzheimer's disease and other dementias,169,All risk factors,3,Rate,1992,10.11827209601897,29.488577485855963,1.8089084159422821
1,All Population,1,Deaths,216,Senegal,3,Both,27,Age-standardized,543,Alzheimer's disease and other dementias,169,All risk factors,2,Percent,1994,0.5349881516683405,0.728940857636508,0.3042834060140206
1,All Population,1,Deaths,216,Senegal,3,Both,27,Age-standardized,543,Alzheimer's disease and other dementias,169,All risk factors,3,Rate,1994,8.75941215722224,24.67448944125997,1.6846881460809224
1,All Population,1,Deaths,201,Burkina Faso,3,Both,27,Age-standardized,543,Alzheimer's disease and other dementias,169,All risk factors,2,Percent,1991,0.4592195119006578,0.6974260896581148,0.15542162399254686
1,All Population,1,Deaths,201,Burkina Faso,3,Both,27,Age-standardized,543,Alzheimer's disease and other dementias,169,All risk factors,3,Rate,1991,11.492591316647045,33.950960642049516,1.790413056246457
1,All Population,1,Deaths,213,Niger,3,Both,27,Age-standardized,543,Alzheimer's disease and other dementias,169,All risk factors,2,Percent,1990,0.5075575267905134,0.7209076647065176,0.23170485885967398
1,All Population,1,Deaths,213,Niger,3,Both,27,Age-standardized,543,Alzheimer's disease and other dementias,169,All risk factors,3,Rate,1990,10.725075003917805,31.96978432169075,2.113303283842784
1,All Population,1,Deaths,209,Guinea-Bissau,3,Both,27,Age-standardized,543,Alzheimer's disease and other dementias,169,All risk factors,2,Percent,1993,0.4934278147590999,0.7089551870601812,0.2290830915983679
1,All Population,1,Deaths,209,Guinea-Bissau,3,Both,27,Age-standardized,543,Alzheimer's disease and other dementias,169,All risk factors,3,Rate,1993,9.003896835912611,26.733795508413742,1.5495029019287423
1,All Population,1,Deaths,208,Guinea,3,Both,27,Age-standardized,543,Alzheimer's disease and other dementias,169,All risk factors,2,Percent,1993,0.4910029980367552,0.7095148414298516,0.22085647027077196
1,All Population,1,Deaths,208,Guinea,3,Both,27,Age-standardized,543,Alzheimer's disease and other dementias,169,All risk factors,3,Rate,1993,9.674684341300596,28.000526764761524,1.708269678310354
1,All Population,1,Deaths,202,Cameroon,3,Both,27,Age-standardized,543,Alzheimer's disease and other dementias,169,All risk factors,2,Percent,1990,0.4875075226656006,0.7061930207172251,0.2207033164311309
1,All Population,1,Deaths,202,Cameroon,3,Both,27,Age-standardized,543,Alzheimer's disease and other dementias,169,All risk factors,3,Rate,1990,10.749823595271359,30.977758481871273,1.8062813810002987
1,All Population,1,Deaths,205,Côte d'Ivoire,3,Both,27,Age-standardized,543,Alzheimer's disease and other dementias,169,All risk factors,2,Percent,1993,0.4789018458286894,0.6953122533046926,0.2030924939144351
1,All Population,1,Deaths,205,Côte d'Ivoire,3,Both,27,Age-standardized,543,Alzheimer's disease and other dementias,169,All risk factors,3,Rate,1993,8.31378174755897,24.35251657660643,1.4846780031295626
1,All Population,1,Deaths,200,Benin,3,Both,27,Age-standardized,543,Alzheimer's disease and other dementias,169,All risk factors,2,Percent,1997,0.47522173836123033,0.7061254811587693,0.2015938852574739
1,All Population,1,Deaths,200,Benin,3,Both,27,Age-standardized,543,Alzheimer's disease and other dementias,169,All risk factors,3,Rate,1997,8.417218862390591,24.648625748763127,1.3925388502734435
1,All Population,1,Deaths,207,Ghana,3,Both,27,Age-standardized,543,Alzheimer's disease and other dementias,169,All risk factors,2,Percent,1994,0.518157010650766,0.7207303491152495,0.2718870017045853
1,All Population,1,Deaths,207,Ghana,3,Both,27,Age-standardized,543,Alzheimer's disease and other dementias,169,All risk factors,3,Rate,1994,8.852659558136544,24.790979653467527,1.6580198677187648
1,All Population,1,Deaths,210,Liberia,3,Both,27,Age-standardized,543,Alzheimer's disease and other dementias,169,All risk factors,2,Percent,1994,0.5012830032018406,0.7174501271235021,0.245897512422736
1,All Population,1,Deaths,210,Liberia,3,Both,27,Age-standardized,543,Alzheimer's disease and other dementias,169,All risk factors,3,Rate,1994,10.302728532624872,29.698413313511164,1.8246499746593339
1,All Population,1,Deaths,211,Mali,3,Both,27,Age-standardized,543,Alzheimer's disease and other dementias,169,All risk factors,2,Percent,1993,0.545868721691203,0.7387194947173408,0.31575846892205506
1,All Population,1,Deaths,211,Mali,3,Both,27,Age-standardized,543,Alzheimer's disease and other dementias,169,All risk factors,3,Rate,1993,9.786727948487043,27.489738891434296,1.7567054186222502
1,All Population,1,Deaths,205,Côte d'Ivoire,3,Both,27,Age-standardized,543,Alzheimer's disease and other dementias,169,All risk factors,2,Percent,1997,0.4806500819727793,0.6968131765301666,0.2107253126975359
1,All Population,1,Deaths,205,Côte d'Ivoire,3,Both,27,Age-standardized,543,Alzheimer's disease and other dementias,169,All risk factors,3,Rate,1997,8.075461516809685,23.774329418432007,1.4545780383330558
1,All Population,1,Deaths,216,Senegal,3,Both,27,Age-standardized,543,Alzheimer's disease and other dementias,169,All risk factors,2,Percent,1993,0.534530303081047,0.7294172174655731,0.3011472582872343
1,All Population,1,Deaths,216,Senegal,3,Both,27,Age-standardized,543,Alzheimer's disease and other dementias,169,All risk factors,3,Rate,1993,8.718628439305482,24.824773620675575,1.6829395864012004
1,All Population,1,Deaths,208,Guinea,3,Both,27,Age-standardized,543,Alzheimer's disease and other dementias,169,All risk factors,2,Percent,1997,0.4918151984684464,0.7090263108186718,0.22583701392024766
1,All Population,1,Deaths,208,Guinea,3,Both,27,Age-standardized,543,Alzheimer's disease and other dementias,169,All risk factors,3,Rate,1997,9.786608912019586,28.86286303112716,1.6636847937954413
1,All Population,1,Deaths,216,Senegal,3,Both,27,Age-standardized,543,Alzheimer's disease and other dementias,169,All risk factors,2,Percent,1995,0.5346150433378981,0.7283166459921289,0.3082394449803436
1,All Population,1,Deaths,216,Senegal,3,Both,27,Age-standardized,543,Alzheimer's disease and other dementias,169,All risk factors,3,Rate,1995,8.676137223292969,24.070394559602786,1.6573374819881952
1,All Population,1,Deaths,203,Cabo Verde,3,Both,27,Age-standardized,543,Alzheimer's disease and other dementias,169,All risk factors,2,Percent,1997,0.4832048927406299,0.6959638127544684,0.2350525554605272
1,All Population,1,Deaths,203,Cabo Verde,3,Both,27,Age-standardized,543,Alzheimer's disease and other dementias,169,All risk factors,3,Rate,1997,8.444642977592972,24.06572753661101,1.457998666672773
1,All Population,1,Deaths,213,Niger,3,Both,27,Age-standardized,543,Alzheimer's disease and other dementias,169,All risk factors,2,Percent,1993,0.5089586851581512,0.721318595160803,0.23270177826873795
1,All Population,1,Deaths,213,Niger,3,Both,27,Age-standardized,543,Alzheimer's disease and other dementias,169,All risk factors,3,Rate,1993,10.809040761969232,31.342004083252714,2.1125407506906315
1,All Population,1,Deaths,206,Gambia,3,Both,27,Age-standardized,543,Alzheimer's disease and other dementias,169,All risk factors,2,Percent,1995,0.5247048497131193,0.724397132563115,0.27435600394673143
1,All Population,1,Deaths,206,Gambia,3,Both,27,Age-standardized,543,Alzheimer's disease and other dementias,169,All risk factors,3,Rate,1995,8.656603409333842,23.483261180290192,1.533868103610255
1,All Population,1,Deaths,210,Liberia,3,Both,27,Age-standardized,543,Alzheimer's disease and other dementias,169,All risk factors,2,Percent,1995,0.5022905085483101,0.7179782829271707,0.24884429277880565
1,All Population,1,Deaths,210,Liberia,3,Both,27,Age-standardized,543,Alzheimer's disease and other dementias,169,All risk factors,3,Rate,1995,10.33565249881081,29.158415245159926,1.8144767761653164
1,All Population,1,Deaths,202,Cameroon,3,Both,27,Age-standardized,543,Alzheimer's disease and other dementias,169,All risk factors,2,Percent,1994,0.49149456708223477,0.7040894352696542,0.22575442551294028
1,All Population,1,Deaths,202,Cameroon,3,Both,27,Age-standardized,543,Alzheimer's disease and other dementias,169,All risk factors,3,Rate,1994,10.617987594844967,30.764844083730573,1.7991711307377698
1,All Population,1,Deaths,205,Côte d'Ivoire,3,Both,27,Age-standardized,543,Alzheimer's disease and other dementias,169,All risk factors,2,Percent,1994,0.4790781033115336,0.6954894641955314,0.20535641748886457
1,All Population,1,Deaths,205,Côte d'Ivoire,3,Both,27,Age-standardized,543,Alzheimer's disease and other dementias,169,All risk factors,3,Rate,1994,8.242962946468598,23.60028229690665,1.5077286907747043
1,All Population,1,Deaths,206,Gambia,3,Both,27,Age-standardized,543,Alzheimer's disease and other dementias,169,All risk factors,2,Percent,1997,0.5256367575615295,0.723109125848663,0.2776564720935448
1,All Population,1,Deaths,206,Gambia,3,Both,27,Age-standardized,543,Alzheimer's disease and other dementias,169,All risk factors,3,Rate,1997,8.289844140249189,23.103312783066613,1.5210084002853572
1,All Population,1,Deaths,214,Nigeria,3,Both,27,Age-standardized,543,Alzheimer's disease and other dementias,169,All risk factors,2,Percent,1993,0.497343810002128,0.7108047269439484,0.23349475423140256
1,All Population,1,Deaths,214,Nigeria,3,Both,27,Age-standardized,543,Alzheimer's disease and other dementias,169,All risk factors,3,Rate,1993,7.747046581500085,23.25778311097749,1.4029789337952934
1,All Population,1,Deaths,207,Ghana,3,Both,27,Age-standardized,543,Alzheimer's disease and other dementias,169,All risk factors,2,Percent,1993,0.5176987774248711,0.7205308232314498,0.27270425695462586
1,All Population,1,Deaths,207,Ghana,3,Both,27,Age-standardized,543,Alzheimer's disease and other dementias,169,All risk factors,3,Rate,1993,8.792085858714119,25.119983489141173,1.613654937806797
1,All Population,1,Deaths,209,Guinea-Bissau,3,Both,27,Age-standardized,543,Alzheimer's disease and other dementias,169,All risk factors,2,Percent,1995,0.4940853428380374,0.7090904632769424,0.22781009591325435
1,All Population,1,Deaths,209,Guinea-Bissau,3,Both,27,Age-standardized,543,Alzheimer's disease and other dementias,169,All risk factors,3,Rate,1995,9.127951325136037,27.246506402878836,1.6015632931809105
1,All Population,1,Deaths,203,Cabo Verde,3,Both,27,Age-standardized,543,Alzheimer's disease and other dementias,169,All risk factors,2,Percent,1998,0.4831478455058402,0.6942914358871916,0.23607104364034065
1,All Population,1,Deaths,203,Cabo Verde,3,Both,27,Age-standardized,543,Alzheimer's disease and other dementias,169,All risk factors,3,Rate,1998,8.321216780629596,24.390515165784777,1.3945390888405649
1,All Population,1,Deaths,218,Togo,3,Both,27,Age-standardized,543,Alzheimer's disease and other dementias,169,All risk factors,2,Percent,1993,0.5059555115621754,0.7174488192279115,0.24569269025200918
1,All Population,1,Deaths,218,Togo,3,Both,27,Age-standardized,543,Alzheimer's disease and other dementias,169,All risk factors,3,Rate,1993,9.619515630150344,28.1066523250306,1.7793843957950322
1,All Population,1,Deaths,218,Togo,3,Both,27,Age-standardized,543,Alzheimer's disease and other dementias,169,All risk factors,2,Percent,1995,0.506504292107248,0.7154868275255346,0.2465953408257328
1,All Population,1,Deaths,218,Togo,3,Both,27,Age-standardized,543,Alzheimer's disease and other dementias,169,All risk factors,3,Rate,1995,9.454768182797219,27.79089803328327,1.720699195968871
1,All Population,1,Deaths,207,Ghana,3,Both,27,Age-standardized,543,Alzheimer's disease and other dementias,169,All risk factors,2,Percent,1997,0.5207988330513845,0.7199604959217633,0.2803275726181875
1,All Population,1,Deaths,207,Ghana,3,Both,27,Age-standardized,543,Alzheimer's disease and other dementias,169,All risk factors,3,Rate,1997,8.911080512771859,25.426619162436733,1.631439579679747
1,All Population,1,Deaths,207,Ghana,3,Both,27,Age-standardized,543,Alzheimer's disease and other dementias,169,All risk factors,2,Percent,1995,0.5188620877000985,0.7207068672895085,0.2759255688120634
1,All Population,1,Deaths,207,Ghana,3,Both,27,Age-standardized,543,Alzheimer's disease and other dementias,169,All risk factors,3,Rate,1995,8.87912188564884,24.961166260520223,1.6618963832542226
1,All Population,1,Deaths,210,Liberia,3,Both,27,Age-standardized,543,Alzheimer's disease and other dementias,169,All risk factors,2,Percent,1993,0.5000528437785695,0.7161392230540691,0.24156251288465108
1,All Population,1,Deaths,210,Liberia,3,Both,27,Age-standardized,543,Alzheimer's disease and other dementias,169,All risk factors,3,Rate,1993,10.140764099453095,29.356072658166884,1.800599613474536
1,All Population,1,Deaths,213,Niger,3,Both,27,Age-standardized,543,Alzheimer's disease and other dementias,169,All risk factors,2,Percent,1995,0.5098317403668672,0.7236933122753126,0.23908226292923626
1,All Population,1,Deaths,213,Niger,3,Both,27,Age-standardized,543,Alzheimer's disease and other dementias,169,All risk factors,3,Rate,1995,10.946288957949264,32.228905256243785,2.064505670473717
1,All Population,1,Deaths,216,Senegal,3,Both,27,Age-standardized,543,Alzheimer's disease and other dementias,169,All risk factors,2,Percent,1997,0.5354632612204193,0.7271140211576163,0.3072536418970699
1,All Population,1,Deaths,216,Senegal,3,Both,27,Age-standardized,543,Alzheimer's disease and other dementias,169,All risk factors,3,Rate,1997,8.748428667593467,24.85324666777941,1.6851248683294868
1,All Population,1,Deaths,203,Cabo Verde,3,Both,27,Age-standardized,543,Alzheimer's disease and other dementias,169,All risk factors,2,Percent,1994,0.48386736870186586,0.6995551507372223,0.2290232754764875
1,All Population,1,Deaths,203,Cabo Verde,3,Both,27,Age-standardized,543,Alzheimer's disease and other dementias,169,All risk factors,3,Rate,1994,8.73910617150507,25.33820816960963,1.5555742815114257
1,All Population,1,Deaths,201,Burkina Faso,3,Both,27,Age-standardized,543,Alzheimer's disease and other dementias,169,All risk factors,2,Percent,1993,0.45904678844930513,0.6963860240008001,0.15580978711606833
1,All Population,1,Deaths,201,Burkina Faso,3,Both,27,Age-standardized,543,Alzheimer's disease and other dementias,169,All risk factors,3,Rate,1993,11.31210509444553,33.21726970179446,1.784000600553521
1,All Population,1,Deaths,211,Mali,3,Both,27,Age-standardized,543,Alzheimer's disease and other dementias,169,All risk factors,2,Percent,1994,0.5455926714752354,0.7379685329265985,0.3095348982652181
1,All Population,1,Deaths,211,Mali,3,Both,27,Age-standardized,543,Alzheimer's disease and other dementias,169,All risk factors,3,Rate,1994,9.800372435163153,27.58643774726816,1.7587968610270515
1,All Population,1,Deaths,209,Guinea-Bissau,3,Both,27,Age-standardized,543,Alzheimer's disease and other dementias,169,All risk factors,2,Percent,1998,0.49599095348207806,0.7101465030834153,0.23307930715132655
1,All Population,1,Deaths,209,Guinea-Bissau,3,Both,27,Age-standardized,543,Alzheimer's disease and other dementias,169,All risk factors,3,Rate,1998,9.304830804057422,27.428968579971794,1.6046859111701997
1,All Population,1,Deaths,217,Sierra Leone,3,Both,27,Age-standardized,543,Alzheimer's disease and other dementias,169,All risk factors,2,Percent,1993,0.5007445887102371,0.7147750138994424,0.24162747584582975
1,All Population,1,Deaths,217,Sierra Leone,3,Both,27,Age-standardized,543,Alzheimer's disease and other dementias,169,All risk factors,3,Rate,1993,8.150665881619855,23.253179455428647,1.5656065772410668
1,All Population,1,Deaths,211,Mali,3,Both,27,Age-standardized,543,Alzheimer's disease and other dementias,169,All risk factors,2,Percent,1998,0.5468157995017336,0.7364171456720126,0.3156604640192636
1,All Population,1,Deaths,211,Mali,3,Both,27,Age-standardized,543,Alzheimer's disease and other dementias,169,All risk factors,3,Rate,1998,9.899512961087686,26.828356793629812,1.7702739672430416
1,All Population,1,Deaths,208,Guinea,3,Both,27,Age-standardized,543,Alzheimer's disease and other dementias,169,All risk factors,2,Percent,1994,0.4913404828475371,0.70856043668918,0.22458022388214785
1,All Population,1,Deaths,208,Guinea,3,Both,27,Age-standardized,543,Alzheimer's disease and other dementias,169,All risk factors,3,Rate,1994,9.76390139159358,28.762145226920225,1.7266198923470544
1,All Population,1,Deaths,205,Côte d'Ivoire,3,Both,27,Age-standardized,543,Alzheimer's disease and other dementias,169,All risk factors,2,Percent,1998,0.48124690600674136,0.6972782520574456,0.21008002400069645
1,All Population,1,Deaths,205,Côte d'Ivoire,3,Both,27,Age-standardized,543,Alzheimer's disease and other dementias,169,All risk factors,3,Rate,1998,8.089599921925469,24.615931679645428,1.4979241277570299
1,All Population,1,Deaths,216,Senegal,3,Both,27,Age-standardized,543,Alzheimer's disease and other dementias,169,All risk factors,2,Percent,1998,0.5356640569555293,0.7270102693934611,0.3068882291362476
1,All Population,1,Deaths,216,Senegal,3,Both,27,Age-standardized,543,Alzheimer's disease and other dementias,169,All risk factors,3,Rate,1998,8.840461457853309,24.842344885099674,1.7022676920549538
1,All Population,1,Deaths,202,Cameroon,3,Both,27,Age-standardized,543,Alzheimer's disease and other dementias,169,All risk factors,2,Percent,1995,0.49266361358853533,0.7035955530777217,0.22550325696246917
1,All Population,1,Deaths,202,Cameroon,3,Both,27,Age-standardized,543,Alzheimer's disease and other dementias,169,All risk factors,3,Rate,1995,10.584489657679462,30.60727794321936,1.789008989616019
1,All Population,1,Deaths,217,Sierra Leone,3,Both,27,Age-standardized,543,Alzheimer's disease and other dementias,169,All risk factors,2,Percent,1998,0.5031224830165792,0.7144717567261629,0.24260908250547594
1,All Population,1,Deaths,217,Sierra Leone,3,Both,27,Age-standardized,543,Alzheimer's disease and other dementias,169,All risk factors,3,Rate,1998,8.225703228367808,24.187226622934098,1.5552608936596974
1,All Population,1,Deaths,206,Gambia,3,Both,27,Age-standardized,543,Alzheimer's disease and other dementias,169,All risk factors,2,Percent,1993,0.5237531966408826,0.7247861663041549,0.26688498091466567
1,All Population,1,Deaths,206,Gambia,3,Both,27,Age-standardized,543,Alzheimer's disease and other dementias,169,All risk factors,3,Rate,1993,8.314901284224412,22.508017312419092,1.476180609555614
1,All Population,1,Deaths,210,Liberia,3,Both,27,Age-standardized,543,Alzheimer's disease and other dementias,169,All risk factors,2,Percent,1997,0.5039425157662879,0.7176949765892998,0.25234516127798423
1,All Population,1,Deaths,210,Liberia,3,Both,27,Age-standardized,543,Alzheimer's disease and other dementias,169,All risk factors,3,Rate,1997,10.465912193414345,29.91269432901548,1.8536113087837955
1,All Population,1,Deaths,201,Burkina Faso,3,Both,27,Age-standardized,543,Alzheimer's disease and other dementias,169,All risk factors,2,Percent,1995,0.45900030815065507,0.6963828961894912,0.15522983409802038
1,All Population,1,Deaths,201,Burkina Faso,3,Both,27,Age-standardized,543,Alzheimer's disease and other dementias,169,All risk factors,3,Rate,1995,11.176764145896344,32.34543906755552,1.687616712337169
1,All Population,1,Deaths,215,Sao Tome and Principe,3,Both,27,Age-standardized,543,Alzheimer's disease and other dementias,169,All risk factors,2,Percent,1995,0.46389402028847093,0.6880053905298541,0.1906841348690522
1,All Population,1,Deaths,215,Sao Tome and Principe,3,Both,27,Age-standardized,543,Alzheimer's disease and other dementias,169,All risk factors,3,Rate,1995,8.417954987596367,23.871859393580664,1.329754109458729
1,All Population,1,Deaths,213,Niger,3,Both,27,Age-standardized,543,Alzheimer's disease and other dementias,169,All risk factors,2,Percent,1994,0.5093587586159726,0.7212157494433078,0.23791319178783965
1,All Population,1,Deaths,213,Niger,3,Both,27,Age-standardized,543,Alzheimer's disease and other dementias,169,All risk factors,3,Rate,1994,10.828716647884194,31.453288126080267,2.112652751545653
1,All Population,1,Deaths,214,Nigeria,3,Both,27,Age-standardized,543,Alzheimer's disease and other dementias,169,All risk factors,2,Percent,1998,0.4990639496986575,0.7114217967554857,0.23931243857964707
1,All Population,1,Deaths,214,Nigeria,3,Both,27,Age-standardized,543,Alzheimer's disease and other dementias,169,All risk factors,3,Rate,1998,7.96035180358332,23.596583459651608,1.372389044146284
1,All Population,1,Deaths,218,Togo,3,Both,27,Age-standardized,543,Alzheimer's disease and other dementias,169,All risk factors,2,Percent,1997,0.5078796332625017,0.7168697493859787,0.2555136733544112
1,All Population,1,Deaths,218,Togo,3,Both,27,Age-standardized,543,Alzheimer's disease and other dementias,169,All risk factors,3,Rate,1997,9.338575937711678,27.764628869173208,1.7096052536284032
1,All Population,1,Deaths,200,Benin,3,Both,27,Age-standardized,543,Alzheimer's disease and other dementias,169,All risk factors,2,Percent,1994,0.4741894394283781,0.7060486485712936,0.1972840698740088
1,All Population,1,Deaths,200,Benin,3,Both,27,Age-standardized,543,Alzheimer's disease and other dementias,169,All risk factors,3,Rate,1994,8.31514981470977,24.14000532730495,1.370381699697727
1,All Population,1,Deaths,208,Guinea,3,Both,27,Age-standardized,543,Alzheimer's disease and other dementias,169,All risk factors,2,Percent,1998,0.4921580023018514,0.7097182906975855,0.23001219993906286
1,All Population,1,Deaths,208,Guinea,3,Both,27,Age-standardized,543,Alzheimer's disease and other dementias,169,All risk factors,3,Rate,1998,9.798551974195718,29.269311647960006,1.659460394689702
1,All Population,1,Deaths,214,Nigeria,3,Both,27,Age-standardized,543,Alzheimer's disease and other dementias,169,All risk factors,2,Percent,1997,0.498576207403258,0.7116737788856778,0.2401011938800515
1,All Population,1,Deaths,214,Nigeria,3,Both,27,Age-standardized,543,Alzheimer's disease and other dementias,169,All risk factors,3,Rate,1997,7.901685111113345,23.263329934494244,1.362612479862026
1,All Population,1,Deaths,204,Chad,3,Both,27,Age-standardized,543,Alzheimer's disease and other dementias,169,All risk factors,2,Percent,1993,0.5263009774958675,0.7279506246533483,0.2753779996561549
1,All Population,1,Deaths,204,Chad,3,Both,27,Age-standardized,543,Alzheimer's disease and other dementias,169,All risk factors,3,Rate,1993,11.402104768647535,32.2110601767178,2.1847337264098337
1,All Population,1,Deaths,212,Mauritania,3,Both,27,Age-standardized,543,Alzheimer's disease and other dementias,169,All risk factors,2,Percent,1995,0.5596682519269488,0.7345309841145629,0.3446993079382189
1,All Population,1,Deaths,212,Mauritania,3,Both,27,Age-standardized,543,Alzheimer's disease and other dementias,169,All risk factors,3,Rate,1995,11.270793732459675,30.493713983929208,2.139228655099776
1,All Population,1,Deaths,206,Gambia,3,Both,27,Age-standardized,543,Alzheimer's disease and other dementias,169,All risk factors,2,Percent,1998,0.5261833697539929,0.7247881976215381,0.27578202657724227
1,All Population,1,Deaths,206,Gambia,3,Both,27,Age-standardized,543,Alzheimer's disease and other dementias,169,All risk factors,3,Rate,1998,8.542664181690157,24.46776180411943,1.5967164616300418
1,All Population,1,Deaths,202,Cameroon,3,Both,27,Age-standardized,543,Alzheimer's disease and other dementias,169,All risk factors,2,Percent,1993,0.49071431760321566,0.7043557806546569,0.221111480186789
1,All Population,1,Deaths,202,Cameroon,3,Both,27,Age-standardized,543,Alzheimer's disease and other dementias,169,All risk factors,3,Rate,1993,10.677810313531486,30.519956177569046,1.7928481012610908
1,All Population,1,Deaths,200,Benin,3,Both,27,Age-standardized,543,Alzheimer's disease and other dementias,169,All risk factors,2,Percent,1998,0.4757753201586581,0.7054581603697144,0.20222944474368545
1,All Population,1,Deaths,200,Benin,3,Both,27,Age-standardized,543,Alzheimer's disease and other dementias,169,All risk factors,3,Rate,1998,8.433557642103368,24.879604432140983,1.380995247637184
1,All Population,1,Deaths,200,Benin,3,Both,27,Age-standardized,543,Alzheimer's disease and other dementias,169,All risk factors,2,Percent,2000,0.4762862268084376,0.7046420661964077,0.20403395705628757
1,All Population,1,Deaths,200,Benin,3,Both,27,Age-standardized,543,Alzheimer's disease and other dementias,169,All risk factors,3,Rate,2000,8.494968147580158,25.3030065876427,1.3688179533957112
1,All Population,1,Deaths,216,Senegal,3,Both,27,Age-standardized,543,Alzheimer's disease and other dementias,169,All risk factors,2,Percent,2000,0.5361466075423176,0.7256129712053374,0.31000558915590803
1,All Population,1,Deaths,216,Senegal,3,Both,27,Age-standardized,543,Alzheimer's disease and other dementias,169,All risk factors,3,Rate,2000,8.796386051488774,24.684180244243453,1.6969965570615928
1,All Population,1,Deaths,205,Côte d'Ivoire,3,Both,27,Age-standardized,543,Alzheimer's disease and other dementias,169,All risk factors,2,Percent,2000,0.4821031977845019,0.697422956250678,0.21685838952507777
1,All Population,1,Deaths,205,Côte d'Ivoire,3,Both,27,Age-standardized,543,Alzheimer's disease and other dementias,169,All risk factors,3,Rate,2000,8.168737561093304,24.688543423530295,1.501345869526224
1,All Population,1,Deaths,206,Gambia,3,Both,27,Age-standardized,543,Alzheimer's disease and other dementias,169,All risk factors,2,Percent,2000,0.526618629685182,0.7251703525511424,0.27605980151816323
1,All Population,1,Deaths,206,Gambia,3,Both,27,Age-standardized,543,Alzheimer's disease and other dementias,169,All risk factors,3,Rate,2000,8.651055918117763,25.17583577511992,1.668738150865084
1,All Population,1,Deaths,203,Cabo Verde,3,Both,27,Age-standardized,543,Alzheimer's disease and other dementias,169,All risk factors,2,Percent,2000,0.48212283217937796,0.6902058640172885,0.24004059113822002
1,All Population,1,Deaths,203,Cabo Verde,3,Both,27,Age-standardized,543,Alzheimer's disease and other dementias,169,All risk factors,3,Rate,2000,8.236124086857403,24.774816292220756,1.431216532317638
1,All Population,1,Deaths,209,Guinea-Bissau,3,Both,27,Age-standardized,543,Alzheimer's disease and other dementias,169,All risk factors,2,Percent,2000,0.4970596495280789,0.7095142890705396,0.2359786324666756
1,All Population,1,Deaths,209,Guinea-Bissau,3,Both,27,Age-standardized,543,Alzheimer's disease and other dementias,169,All risk factors,3,Rate,2000,9.281103232832422,27.2799914394245,1.5972883950830985
1,All Population,1,Deaths,201,Burkina Faso,3,Both,27,Age-standardized,543,Alzheimer's disease and other dementias,169,All risk factors,2,Percent,1992,0.4591103880618819,0.696610959482203,0.15359886377821702
1,All Population,1,Deaths,201,Burkina Faso,3,Both,27,Age-standardized,543,Alzheimer's disease and other dementias,169,All risk factors,3,Rate,1992,11.368348715321613,33.374108336513814,1.7669805130609755
1,All Population,1,Deaths,218,Togo,3,Both,27,Age-standardized,543,Alzheimer's disease and other dementias,169,All risk factors,2,Percent,2000,0.5097265631425892,0.7171467636033824,0.2577773506807072
1,All Population,1,Deaths,218,Togo,3,Both,27,Age-standardized,543,Alzheimer's disease and other dementias,169,All risk factors,3,Rate,2000,9.287682963615632,28.067881985020392,1.7310458312056236
1,All Population,1,Deaths,215,Sao Tome and Principe,3,Both,27,Age-standardized,543,Alzheimer's disease and other dementias,169,All risk factors,2,Percent,1992,0.46327680535310445,0.6879988745133867,0.18957787159393227
1,All Population,1,Deaths,215,Sao Tome and Principe,3,Both,27,Age-standardized,543,Alzheimer's disease and other dementias,169,All risk factors,3,Rate,1992,8.453563681023066,24.462962878795942,1.3467750069538966
1,All Population,1,Deaths,214,Nigeria,3,Both,27,Age-standardized,543,Alzheimer's disease and other dementias,169,All risk factors,2,Percent,2001,0.499508722123682,0.7107390617573859,0.2447640215489651
1,All Population,1,Deaths,214,Nigeria,3,Both,27,Age-standardized,543,Alzheimer's disease and other dementias,169,All risk factors,3,Rate,2001,8.103353083418662,24.159061038305563,1.401170841707334
1,All Population,1,Deaths,218,Togo,3,Both,27,Age-standardized,543,Alzheimer's disease and other dementias,169,All risk factors,2,Percent,1994,0.506266557651484,0.7159363526762325,0.2461948333902998
1,All Population,1,Deaths,218,Togo,3,Both,27,Age-standardized,543,Alzheimer's disease and other dementias,169,All risk factors,3,Rate,1994,9.550725406854331,27.607028671438727,1.7622378043205713
1,All Population,1,Deaths,204,Chad,3,Both,27,Age-standardized,543,Alzheimer's disease and other dementias,169,All risk factors,2,Percent,1992,0.5263422477231527,0.7279709901959581,0.27459996389626823
1,All Population,1,Deaths,204,Chad,3,Both,27,Age-standardized,543,Alzheimer's disease and other dementias,169,All risk factors,3,Rate,1992,11.339777485760603,32.17103189051573,2.219650593565358
1,All Population,1,Deaths,202,Cameroon,3,Both,27,Age-standardized,543,Alzheimer's disease and other dementias,169,All risk factors,2,Percent,2000,0.49951677903108327,0.7092047187072261,0.2326099899087884
1,All Population,1,Deaths,202,Cameroon,3,Both,27,Age-standardized,543,Alzheimer's disease and other dementias,169,All risk factors,3,Rate,2000,10.719965915897662,31.854732841137373,1.8536768630668816
1,All Population,1,Deaths,212,Mauritania,3,Both,27,Age-standardized,543,Alzheimer's disease and other dementias,169,All risk factors,2,Percent,1992,0.5590619662658683,0.7404008931748477,0.3434079718303421
1,All Population,1,Deaths,212,Mauritania,3,Both,27,Age-standardized,543,Alzheimer's disease and other dementias,169,All risk factors,3,Rate,1992,11.124916219848956,30.10620350105478,2.1115701102866815
1,All Population,1,Deaths,202,Cameroon,3,Both,27,Age-standardized,543,Alzheimer's disease and other dementias,169,All risk factors,2,Percent,1998,0.4971625345501068,0.7068619994803242,0.23156796424172438
1,All Population,1,Deaths,202,Cameroon,3,Both,27,Age-standardized,543,Alzheimer's disease and other dementias,169,All risk factors,3,Rate,1998,10.64436207352999,31.53001426992861,1.8260786126506026
1,All Population,1,Deaths,213,Niger,3,Both,27,Age-standardized,543,Alzheimer's disease and other dementias,169,All risk factors,2,Percent,1998,0.5111225296295137,0.7226110138952309,0.24259517447064533
1,All Population,1,Deaths,213,Niger,3,Both,27,Age-standardized,543,Alzheimer's disease and other dementias,169,All risk factors,3,Rate,1998,10.937579692415735,33.65498070187563,1.9289681872730837
1,All Population,1,Deaths,207,Ghana,3,Both,27,Age-standardized,543,Alzheimer's disease and other dementias,169,All risk factors,2,Percent,2000,0.5243565573380531,0.7185334718027411,0.2861864205658621
1,All Population,1,Deaths,207,Ghana,3,Both,27,Age-standardized,543,Alzheimer's disease and other dementias,169,All risk factors,3,Rate,2000,8.9605167338571,26.468991038387074,1.8021364793651515
1,All Population,1,Deaths,213,Niger,3,Both,27,Age-standardized,543,Alzheimer's disease and other dementias,169,All risk factors,2,Percent,1997,0.5106247700826138,0.7226378461021592,0.24064245091641273
1,All Population,1,Deaths,213,Niger,3,Both,27,Age-standardized,543,Alzheimer's disease and other dementias,169,All risk factors,3,Rate,1997,10.938923263515948,33.332932789424504,1.989000568399879
1,All Population,1,Deaths,205,Côte d'Ivoire,3,Both,27,Age-standardized,543,Alzheimer's disease and other dementias,169,All risk factors,2,Percent,1995,0.47932439913938935,0.6960973830610919,0.20794379906617047
1,All Population,1,Deaths,205,Côte d'Ivoire,3,Both,27,Age-standardized,543,Alzheimer's disease and other dementias,169,All risk factors,3,Rate,1995,8.182907528951036,23.67178057727698,1.4876788634369214
1,All Population,1,Deaths,208,Guinea,3,Both,27,Age-standardized,543,Alzheimer's disease and other dementias,169,All risk factors,2,Percent,2000,0.49245377356479286,0.7082626185687879,0.23116091105053566
1,All Population,1,Deaths,208,Guinea,3,Both,27,Age-standardized,543,Alzheimer's disease and other dementias,169,All risk factors,3,Rate,2000,9.74419661023031,28.374043500846707,1.6086795008911752
1,All Population,1,Deaths,211,Mali,3,Both,27,Age-standardized,543,Alzheimer's disease and other dementias,169,All risk factors,2,Percent,2001,0.5470035161324375,0.734227938617164,0.3174487204960088
1,All Population,1,Deaths,211,Mali,3,Both,27,Age-standardized,543,Alzheimer's disease and other dementias,169,All risk factors,3,Rate,2001,9.762698503709737,27.181641857031124,1.79556928683324
1,All Population,1,Deaths,216,Senegal,3,Both,27,Age-standardized,543,Alzheimer's disease and other dementias,169,All risk factors,2,Percent,2001,0.5364352710309871,0.7270485381731513,0.3115518557578701
1,All Population,1,Deaths,216,Senegal,3,Both,27,Age-standardized,543,Alzheimer's disease and other dementias,169,All risk factors,3,Rate,2001,9.839761071829033,27.68690929475165,1.9337788088494021
1,All Population,1,Deaths,200,Benin,3,Both,27,Age-standardized,543,Alzheimer's disease and other dementias,169,All risk factors,2,Percent,2001,0.47623988564071057,0.7045452717671823,0.2049415974253015
1,All Population,1,Deaths,200,Benin,3,Both,27,Age-standardized,543,Alzheimer's disease and other dementias,169,All risk factors,3,Rate,2001,8.33561739021018,24.953853005915953,1.3348024995208756
1,All Population,1,Deaths,209,Guinea-Bissau,3,Both,27,Age-standardized,543,Alzheimer's disease and other dementias,169,All risk factors,2,Percent,2001,0.49733857027401035,0.7096846753086425,0.2374435185476231
1,All Population,1,Deaths,209,Guinea-Bissau,3,Both,27,Age-standardized,543,Alzheimer's disease and other dementias,169,All risk factors,3,Rate,2001,9.282928246365133,27.64842400058905,1.6473750194921228
1,All Population,1,Deaths,209,Guinea-Bissau,3,Both,27,Age-standardized,543,Alzheimer's disease and other dementias,169,All risk factors,2,Percent,2002,0.4975349382048712,0.7100851223086473,0.23928963800356987
1,All Population,1,Deaths,209,Guinea-Bissau,3,Both,27,Age-standardized,543,Alzheimer's disease and other dementias,169,All risk factors,3,Rate,2002,9.346045201324802,27.71014791156849,1.7005119483377515
1,All Population,1,Deaths,212,Mauritania,3,Both,27,Age-standardized,543,Alzheimer's disease and other dementias,169,All risk factors,2,Percent,1993,0.5591027820850867,0.7383870993243786,0.3463969373590586
1,All Population,1,Deaths,212,Mauritania,3,Both,27,Age-standardized,543,Alzheimer's disease and other dementias,169,All risk factors,3,Rate,1993,11.275617956754987,30.813948770625355,2.106288517238019
1,All Population,1,Deaths,215,Sao Tome and Principe,3,Both,27,Age-standardized,543,Alzheimer's disease and other dementias,169,All risk factors,2,Percent,1997,0.4643098016318825,0.6848850875336515,0.19273529105744275
1,All Population,1,Deaths,215,Sao Tome and Principe,3,Both,27,Age-standardized,543,Alzheimer's disease and other dementias,169,All risk factors,3,Rate,1997,8.613041980529765,24.552981080823443,1.4076786387874338
1,All Population,1,Deaths,210,Liberia,3,Both,27,Age-standardized,543,Alzheimer's disease and other dementias,169,All risk factors,2,Percent,2000,0.5060771627682656,0.7168132604078495,0.25325343267463973
1,All Population,1,Deaths,210,Liberia,3,Both,27,Age-standardized,543,Alzheimer's disease and other dementias,169,All risk factors,3,Rate,2000,10.84184939821512,31.106560267424445,1.9234427569995434
1,All Population,1,Deaths,213,Niger,3,Both,27,Age-standardized,543,Alzheimer's disease and other dementias,169,All risk factors,2,Percent,2000,0.5117847504537786,0.7218461184193062,0.24712200493816022
1,All Population,1,Deaths,213,Niger,3,Both,27,Age-standardized,543,Alzheimer's disease and other dementias,169,All risk factors,3,Rate,2000,10.949932642055002,33.51154840729757,1.9127489644396105
1,All Population,1,Deaths,205,Côte d'Ivoire,3,Both,27,Age-standardized,543,Alzheimer's disease and other dementias,169,All risk factors,2,Percent,2001,0.4824770928974175,0.6978414683932204,0.21648968347977263
1,All Population,1,Deaths,205,Côte d'Ivoire,3,Both,27,Age-standardized,543,Alzheimer's disease and other dementias,169,All risk factors,3,Rate,2001,8.02603916548076,24.058460851763606,1.4724502583209609
1,All Population,1,Deaths,211,Mali,3,Both,27,Age-standardized,543,Alzheimer's disease and other dementias,169,All risk factors,2,Percent,1995,0.5458108665228325,0.7371838617299384,0.3175676032956942
1,All Population,1,Deaths,211,Mali,3,Both,27,Age-standardized,543,Alzheimer's disease and other dementias,169,All risk factors,3,Rate,1995,9.879026660073935,27.192578617695087,1.7833856199197387
1,All Population,1,Deaths,215,Sao Tome and Principe,3,Both,27,Age-standardized,543,Alzheimer's disease and other dementias,169,All risk factors,2,Percent,1993,0.4636143910241616,0.6882952605981312,0.1900729933046443
1,All Population,1,Deaths,215,Sao Tome and Principe,3,Both,27,Age-standardized,543,Alzheimer's disease and other dementias,169,All risk factors,3,Rate,1993,8.417399690770303,24.566745064065817,1.3232898442483831
1,All Population,1,Deaths,207,Ghana,3,Both,27,Age-standardized,543,Alzheimer's disease and other dementias,169,All risk factors,2,Percent,2001,0.5256256292817876,0.7188320588444549,0.28829566159992126
1,All Population,1,Deaths,207,Ghana,3,Both,27,Age-standardized,543,Alzheimer's disease and other dementias,169,All risk factors,3,Rate,2001,9.021919252121455,26.747615871807906,1.85606395024432
1,All Population,1,Deaths,203,Cabo Verde,3,Both,27,Age-standardized,543,Alzheimer's disease and other dementias,169,All risk factors,2,Percent,2001,0.4802877001192072,0.6870477365413101,0.23648924313394018
1,All Population,1,Deaths,203,Cabo Verde,3,Both,27,Age-standardized,543,Alzheimer's disease and other dementias,169,All risk factors,3,Rate,2001,8.20802229757789,24.61895766408337,1.4872979796825296
1,All Population,1,Deaths,210,Liberia,3,Both,27,Age-standardized,543,Alzheimer's disease and other dementias,169,All risk factors,2,Percent,2001,0.5064340190320419,0.7169761881599237,0.25539426592212777
1,All Population,1,Deaths,210,Liberia,3,Both,27,Age-standardized,543,Alzheimer's disease and other dementias,169,All risk factors,3,Rate,2001,10.629623230170395,30.27500881047228,1.893593231293696
1,All Population,1,Deaths,218,Togo,3,Both,27,Age-standardized,543,Alzheimer's disease and other dementias,169,All risk factors,2,Percent,2001,0.5100066214875125,0.7171552113244569,0.25618007448705526
1,All Population,1,Deaths,218,Togo,3,Both,27,Age-standardized,543,Alzheimer's disease and other dementias,169,All risk factors,3,Rate,2001,9.252024058279499,27.43690728193667,1.728012497682419
1,All Population,1,Deaths,203,Cabo Verde,3,Both,27,Age-standardized,543,Alzheimer's disease and other dementias,169,All risk factors,2,Percent,2002,0.47755189402021225,0.6838399283321311,0.23374628933905325
1,All Population,1,Deaths,203,Cabo Verde,3,Both,27,Age-standardized,543,Alzheimer's disease and other dementias,169,All risk factors,3,Rate,2002,8.203594189459885,24.279852579497604,1.4992906643328263
1,All Population,1,Deaths,208,Guinea,3,Both,27,Age-standardized,543,Alzheimer's disease and other dementias,169,All risk factors,2,Percent,2001,0.49276096917213547,0.7083139210417084,0.23086341572621746
1,All Population,1,Deaths,208,Guinea,3,Both,27,Age-standardized,543,Alzheimer's disease and other dementias,169,All risk factors,3,Rate,2001,9.643279882559478,27.637857677057394,1.6402660734835934
1,All Population,1,Deaths,200,Benin,3,Both,27,Age-standardized,543,Alzheimer's disease and other dementias,169,All risk factors,2,Percent,2002,0.47589519781348516,0.7041330191586188,0.20547876281526078
1,All Population,1,Deaths,200,Benin,3,Both,27,Age-standardized,543,Alzheimer's disease and other dementias,169,All risk factors,3,Rate,2002,8.36861501008386,25.101035121014334,1.3550446820179396
1,All Population,1,Deaths,211,Mali,3,Both,27,Age-standardized,543,Alzheimer's disease and other dementias,169,All risk factors,2,Percent,2002,0.5473618783213481,0.734388511274355,0.3183052966736448
1,All Population,1,Deaths,211,Mali,3,Both,27,Age-standardized,543,Alzheimer's disease and other dementias,169,All risk factors,3,Rate,2002,9.791501989377554,27.47405735544533,1.8672516056127726
1,All Population,1,Deaths,207,Ghana,3,Both,27,Age-standardized,543,Alzheimer's disease and other dementias,169,All risk factors,2,Percent,2002,0.5265558439605302,0.7196756078773453,0.28833547418874517
1,All Population,1,Deaths,207,Ghana,3,Both,27,Age-standardized,543,Alzheimer's disease and other dementias,169,All risk factors,3,Rate,2002,9.238980939816337,27.15396159616461,1.8653266959627108
1,All Population,1,Deaths,202,Cameroon,3,Both,27,Age-standardized,543,Alzheimer's disease and other dementias,169,All risk factors,2,Percent,2002,0.501406898242904,0.7107748688327725,0.23572344179612933
1,All Population,1,Deaths,202,Cameroon,3,Both,27,Age-standardized,543,Alzheimer's disease and other dementias,169,All risk factors,3,Rate,2002,10.802587831250971,31.59322069042209,1.9112472403506184
1,All Population,1,Deaths,214,Nigeria,3,Both,27,Age-standardized,543,Alzheimer's disease and other dementias,169,All risk factors,2,Percent,2002,0.49855332262203594,0.7097625697397614,0.24460494795120757
1,All Population,1,Deaths,214,Nigeria,3,Both,27,Age-standardized,543,Alzheimer's disease and other dementias,169,All risk factors,3,Rate,2002,8.237486979163771,24.678869833243468,1.4179733466772269
1,All Population,1,Deaths,214,Nigeria,3,Both,27,Age-standardized,543,Alzheimer's disease and other dementias,169,All risk factors,2,Percent,1995,0.49757107282614726,0.7109602142187119,0.23791606100756427
1,All Population,1,Deaths,214,Nigeria,3,Both,27,Age-standardized,543,Alzheimer's disease and other dementias,169,All risk factors,3,Rate,1995,7.8122290815580895,23.093968041510667,1.4164578578128473
1,All Population,1,Deaths,200,Benin,3,Both,27,Age-standardized,543,Alzheimer's disease and other dementias,169,All risk factors,2,Percent,1995,0.4746365491649441,0.7058159922529509,0.19996558401801462
1,All Population,1,Deaths,200,Benin,3,Both,27,Age-standardized,543,Alzheimer's disease and other dementias,169,All risk factors,3,Rate,1995,8.378949636464675,25.112229546341663,1.3895178848887244
1,All Population,1,Deaths,203,Cabo Verde,3,Both,27,Age-standardized,543,Alzheimer's disease and other dementias,169,All risk factors,2,Percent,1995,0.48364447651859405,0.6996577204098515,0.22988692208071937
1,All Population,1,Deaths,203,Cabo Verde,3,Both,27,Age-standardized,543,Alzheimer's disease and other dementias,169,All risk factors,3,Rate,1995,8.915446255111128,25.470218482389424,1.557803331786063
1,All Population,1,Deaths,204,Chad,3,Both,27,Age-standardized,543,Alzheimer's disease and other dementias,169,All risk factors,2,Percent,1994,0.5268139145237921,0.7282709884331008,0.278744326661197
1,All Population,1,Deaths,204,Chad,3,Both,27,Age-standardized,543,Alzheimer's disease and other dementias,169,All risk factors,3,Rate,1994,11.286257708988927,32.43548386272197,2.1214851269098802
1,All Population,1,Deaths,206,Gambia,3,Both,27,Age-standardized,543,Alzheimer's disease and other dementias,169,All risk factors,2,Percent,2002,0.5266112831067307,0.72396969310017,0.2797888232621669
1,All Population,1,Deaths,206,Gambia,3,Both,27,Age-standardized,543,Alzheimer's disease and other dementias,169,All risk factors,3,Rate,2002,8.557599863984008,24.406934901837275,1.6202949313778772
1,All Population,1,Deaths,206,Gambia,3,Both,27,Age-standardized,543,Alzheimer's disease and other dementias,169,All risk factors,2,Percent,2001,0.5267782075358367,0.724460497495701,0.27740844799946995
1,All Population,1,Deaths,206,Gambia,3,Both,27,Age-standardized,543,Alzheimer's disease and other dementias,169,All risk factors,3,Rate,2001,8.418148652161559,24.040248383244002,1.6037381435589666
1,All Population,1,Deaths,217,Sierra Leone,3,Both,27,Age-standardized,543,Alzheimer's disease and other dementias,169,All risk factors,2,Percent,1994,0.5008671826721443,0.7150816074137157,0.24094737956551127
1,All Population,1,Deaths,217,Sierra Leone,3,Both,27,Age-standardized,543,Alzheimer's disease and other dementias,169,All risk factors,3,Rate,1994,8.24957490614507,24.1084913509035,1.5965131880519332
1,All Population,1,Deaths,202,Cameroon,3,Both,27,Age-standardized,543,Alzheimer's disease and other dementias,169,All risk factors,2,Percent,2001,0.5006769180728987,0.7095684794853382,0.23399868845733143
1,All Population,1,Deaths,202,Cameroon,3,Both,27,Age-standardized,543,Alzheimer's disease and other dementias,169,All risk factors,3,Rate,2001,10.571244867012192,31.453037108120824,1.8317835537475813
1,All Population,1,Deaths,210,Liberia,3,Both,27,Age-standardized,543,Alzheimer's disease and other dementias,169,All risk factors,2,Percent,2002,0.5069032726562872,0.7170643972076317,0.2539493156291827
1,All Population,1,Deaths,210,Liberia,3,Both,27,Age-standardized,543,Alzheimer's disease and other dementias,169,All risk factors,3,Rate,2002,10.860014665337316,30.976369028597226,1.9922008974412173
1,All Population,1,Deaths,207,Ghana,3,Both,27,Age-standardized,543,Alzheimer's disease and other dementias,169,All risk factors,2,Percent,1998,0.5218488696895766,0.7189648607890251,0.2803237689195563
1,All Population,1,Deaths,207,Ghana,3,Both,27,Age-standardized,543,Alzheimer's disease and other dementias,169,All risk factors,3,Rate,1998,8.891960474088988,25.73376204622392,1.629330556465808
1,All Population,1,Deaths,213,Niger,3,Both,27,Age-standardized,543,Alzheimer's disease and other dementias,169,All risk factors,2,Percent,2002,0.5118418944735511,0.7222600075408008,0.24626179767519368
1,All Population,1,Deaths,213,Niger,3,Both,27,Age-standardized,543,Alzheimer's disease and other dementias,169,All risk factors,3,Rate,2002,10.933096651002185,33.57554209197502,2.0317201827354747
1,All Population,1,Deaths,217,Sierra Leone,3,Both,27,Age-standardized,543,Alzheimer's disease and other dementias,169,All risk factors,2,Percent,2002,0.5046056181685629,0.7147025626009609,0.2451995771304948
1,All Population,1,Deaths,217,Sierra Leone,3,Both,27,Age-standardized,543,Alzheimer's disease and other dementias,169,All risk factors,3,Rate,2002,8.571003944807272,25.61046689373236,1.642253663605463
1,All Population,1,Deaths,217,Sierra Leone,3,Both,27,Age-standardized,543,Alzheimer's disease and other dementias,169,All risk factors,2,Percent,2001,0.504369766038907,0.7140620870502097,0.2458999071055197
1,All Population,1,Deaths,217,Sierra Leone,3,Both,27,Age-standardized,543,Alzheimer's disease and other dementias,169,All risk factors,3,Rate,2001,8.329320373809713,24.784730328473476,1.6443068849019034
1,All Population,1,Deaths,218,Togo,3,Both,27,Age-standardized,543,Alzheimer's disease and other dementias,169,All risk factors,2,Percent,2002,0.5101599272696195,0.7152501961438482,0.2570579864700894
1,All Population,1,Deaths,218,Togo,3,Both,27,Age-standardized,543,Alzheimer's disease and other dementias,169,All risk factors,3,Rate,2002,9.366895836856742,27.710427603762934,1.778701470459532
1,All Population,1,Deaths,201,Burkina Faso,3,Both,27,Age-standardized,543,Alzheimer's disease and other dementias,169,All risk factors,2,Percent,1994,0.45908930573068374,0.6960321164470192,0.1568335693042311
1,All Population,1,Deaths,201,Burkina Faso,3,Both,27,Age-standardized,543,Alzheimer's disease and other dementias,169,All risk factors,3,Rate,1994,11.213938439634656,32.93387794172401,1.759239926557152
1,All Population,1,Deaths,207,Ghana,3,Both,27,Age-standardized,543,Alzheimer's disease and other dementias,169,All risk factors,2,Percent,2003,0.5270911056012396,0.7216470424896623,0.29008372273344707
1,All Population,1,Deaths,207,Ghana,3,Both,27,Age-standardized,543,Alzheimer's disease and other dementias,169,All risk factors,3,Rate,2003,9.25180040697619,26.617394726079784,1.8219006685747872
1,All Population,1,Deaths,211,Mali,3,Both,27,Age-standardized,543,Alzheimer's disease and other dementias,169,All risk factors,2,Percent,2003,0.5474235044509465,0.7347236296071661,0.31497826797896533
1,All Population,1,Deaths,211,Mali,3,Both,27,Age-standardized,543,Alzheimer's disease and other dementias,169,All risk factors,3,Rate,2003,9.653521205475158,26.87180788847332,1.8741818640616568
1,All Population,1,Deaths,204,Chad,3,Both,27,Age-standardized,543,Alzheimer's disease and other dementias,169,All risk factors,2,Percent,1998,0.5277106559703011,0.7290708624288856,0.2808644864872659
1,All Population,1,Deaths,204,Chad,3,Both,27,Age-standardized,543,Alzheimer's disease and other dementias,169,All risk factors,3,Rate,1998,10.98943018589981,32.756714780865316,2.0235955826024052
1,All Population,1,Deaths,201,Burkina Faso,3,Both,27,Age-standardized,543,Alzheimer's disease and other dementias,169,All risk factors,2,Percent,1997,0.4591102955918555,0.6954243384013186,0.15607352005175376
1,All Population,1,Deaths,201,Burkina Faso,3,Both,27,Age-standardized,543,Alzheimer's disease and other dementias,169,All risk factors,3,Rate,1997,11.135171065823581,31.610539213974135,1.6866722658546967
1,All Population,1,Deaths,201,Burkina Faso,3,Both,27,Age-standardized,543,Alzheimer's disease and other dementias,169,All risk factors,2,Percent,1998,0.4592435810952761,0.6951202493095849,0.1553023307125064
1,All Population,1,Deaths,201,Burkina Faso,3,Both,27,Age-standardized,543,Alzheimer's disease and other dementias,169,All risk factors,3,Rate,1998,11.133422653230657,32.00168234423447,1.7215186422977218
1,All Population,1,Deaths,214,Nigeria,3,Both,27,Age-standardized,543,Alzheimer's disease and other dementias,169,All risk factors,2,Percent,2000,0.499825008891679,0.7109565609634088,0.24346607944453943
1,All Population,1,Deaths,214,Nigeria,3,Both,27,Age-standardized,543,Alzheimer's disease and other dementias,169,All risk factors,3,Rate,2000,8.115309178047482,23.97290875202384,1.379833573049182
1,All Population,1,Deaths,209,Guinea-Bissau,3,Both,27,Age-standardized,543,Alzheimer's disease and other dementias,169,All risk factors,2,Percent,2003,0.4978583584873136,0.7105076298312559,0.23960422820303548
1,All Population,1,Deaths,209,Guinea-Bissau,3,Both,27,Age-standardized,543,Alzheimer's disease and other dementias,169,All risk factors,3,Rate,2003,9.343669218214169,28.280442138380707,1.7602817303477143
1,All Population,1,Deaths,202,Cameroon,3,Both,27,Age-standardized,543,Alzheimer's disease and other dementias,169,All risk factors,2,Percent,2003,0.5021842510460429,0.7104645012368265,0.2376871651070828
1,All Population,1,Deaths,202,Cameroon,3,Both,27,Age-standardized,543,Alzheimer's disease and other dementias,169,All risk factors,3,Rate,2003,10.630386565629559,31.516865536941346,1.8819544974390396
1,All Population,1,Deaths,213,Niger,3,Both,27,Age-standardized,543,Alzheimer's disease and other dementias,169,All risk factors,2,Percent,2003,0.5118064921695251,0.7221943086169087,0.2443387836605261
1,All Population,1,Deaths,213,Niger,3,Both,27,Age-standardized,543,Alzheimer's disease and other dementias,169,All risk factors,3,Rate,2003,10.826071349785746,33.2840852403406,2.1213019632623973
1,All Population,1,Deaths,210,Liberia,3,Both,27,Age-standardized,543,Alzheimer's disease and other dementias,169,All risk factors,2,Percent,2003,0.5069974711093551,0.716763081507711,0.25386468727886624
1,All Population,1,Deaths,210,Liberia,3,Both,27,Age-standardized,543,Alzheimer's disease and other dementias,169,All risk factors,3,Rate,2003,10.58480621295017,30.875168790171408,1.9642676603993177
1,All Population,1,Deaths,214,Nigeria,3,Both,27,Age-standardized,543,Alzheimer's disease and other dementias,169,All risk factors,2,Percent,2003,0.49723075536495004,0.7074505162088119,0.2432111329749539
1,All Population,1,Deaths,214,Nigeria,3,Both,27,Age-standardized,543,Alzheimer's disease and other dementias,169,All risk factors,3,Rate,2003,8.159140351612468,24.562042486480912,1.4235916512817208
1,All Population,1,Deaths,203,Cabo Verde,3,Both,27,Age-standardized,543,Alzheimer's disease and other dementias,169,All risk factors,2,Percent,2003,0.47414675473174617,0.6802990148338828,0.23559278878809395
1,All Population,1,Deaths,203,Cabo Verde,3,Both,27,Age-standardized,543,Alzheimer's disease and other dementias,169,All risk factors,3,Rate,2003,8.187702268151286,23.251101508046418,1.5295164175084777
1,All Population,1,Deaths,208,Guinea,3,Both,27,Age-standardized,543,Alzheimer's disease and other dementias,169,All risk factors,2,Percent,2002,0.49289902866808283,0.7081541167331354,0.229020089838702
1,All Population,1,Deaths,208,Guinea,3,Both,27,Age-standardized,543,Alzheimer's disease and other dementias,169,All risk factors,3,Rate,2002,9.663027363043554,27.86594946351873,1.6922721569401071
1,All Population,1,Deaths,200,Benin,3,Both,27,Age-standardized,543,Alzheimer's disease and other dementias,169,All risk factors,2,Percent,2004,0.4751257138641563,0.7031572059063308,0.203374584368595
1,All Population,1,Deaths,200,Benin,3,Both,27,Age-standardized,543,Alzheimer's disease and other dementias,169,All risk factors,3,Rate,2004,8.148226178645139,24.289686921739936,1.3353969647532227
1,All Population,1,Deaths,205,Côte d'Ivoire,3,Both,27,Age-standardized,543,Alzheimer's disease and other dementias,169,All risk factors,2,Percent,2002,0.4827025200524059,0.6977922904760075,0.2175329135261004
1,All Population,1,Deaths,205,Côte d'Ivoire,3,Both,27,Age-standardized,543,Alzheimer's disease and other dementias,169,All risk factors,3,Rate,2002,8.12478534841161,24.274380130291245,1.4880474658563867
1,All Population,1,Deaths,216,Senegal,3,Both,27,Age-standardized,543,Alzheimer's disease and other dementias,169,All risk factors,2,Percent,2004,0.5367751588519903,0.7274203543497862,0.30981173482048985
1,All Population,1,Deaths,216,Senegal,3,Both,27,Age-standardized,543,Alzheimer's disease and other dementias,169,All risk factors,3,Rate,2004,9.959152516459204,27.665212219449632,2.0208486832885684
1,All Population,1,Deaths,205,Côte d'Ivoire,3,Both,27,Age-standardized,543,Alzheimer's disease and other dementias,169,All risk factors,2,Percent,2004,0.48337431196104935,0.6971066696987203,0.21837407885823915
1,All Population,1,Deaths,205,Côte d'Ivoire,3,Both,27,Age-standardized,543,Alzheimer's disease and other dementias,169,All risk factors,3,Rate,2004,7.9177496519611115,23.695208026203563,1.4142284008393728
1,All Population,1,Deaths,204,Chad,3,Both,27,Age-standardized,543,Alzheimer's disease and other dementias,169,All risk factors,2,Percent,1995,0.5268802639467655,0.7288500879226792,0.2823553637625509
1,All Population,1,Deaths,204,Chad,3,Both,27,Age-standardized,543,Alzheimer's disease and other dementias,169,All risk factors,3,Rate,1995,11.15062892359645,32.53630353947424,2.055357601659032
1,All Population,1,Deaths,216,Senegal,3,Both,27,Age-standardized,543,Alzheimer's disease and other dementias,169,All risk factors,2,Percent,2002,0.5365954372858445,0.7271907869825642,0.31172766318264955
1,All Population,1,Deaths,216,Senegal,3,Both,27,Age-standardized,543,Alzheimer's disease and other dementias,169,All risk factors,3,Rate,2002,10.01976707061264,27.509626323361775,1.94915553074152
1,All Population,1,Deaths,212,Mauritania,3,Both,27,Age-standardized,543,Alzheimer's disease and other dementias,169,All risk factors,2,Percent,1998,0.5599583704732187,0.7340239722351927,0.3404318781237017
1,All Population,1,Deaths,212,Mauritania,3,Both,27,Age-standardized,543,Alzheimer's disease and other dementias,169,All risk factors,3,Rate,1998,11.615512762210882,31.942046909778746,2.142884782713157
1,All Population,1,Deaths,201,Burkina Faso,3,Both,27,Age-standardized,543,Alzheimer's disease and other dementias,169,All risk factors,2,Percent,2000,0.4592187597280921,0.6951488202639026,0.15923359945233245
1,All Population,1,Deaths,201,Burkina Faso,3,Both,27,Age-standardized,543,Alzheimer's disease and other dementias,169,All risk factors,3,Rate,2000,11.259707191999935,32.38958155174884,1.7822124657671803
1,All Population,1,Deaths,207,Ghana,3,Both,27,Age-standardized,543,Alzheimer's disease and other dementias,169,All risk factors,2,Percent,2004,0.5279507169065076,0.723834157091253,0.28998398387665847
1,All Population,1,Deaths,207,Ghana,3,Both,27,Age-standardized,543,Alzheimer's disease and other dementias,169,All risk factors,3,Rate,2004,9.316445701257743,26.717153791475997,1.8532890745064436
1,All Population,1,Deaths,205,Côte d'Ivoire,3,Both,27,Age-standardized,543,Alzheimer's disease and other dementias,169,All risk factors,2,Percent,2003,0.48289100035553606,0.6981285960223844,0.21815132270121756
1,All Population,1,Deaths,205,Côte d'Ivoire,3,Both,27,Age-standardized,543,Alzheimer's disease and other dementias,169,All risk factors,3,Rate,2003,7.936234852475446,23.855642809494686,1.4545569116333212
1,All Population,1,Deaths,216,Senegal,3,Both,27,Age-standardized,543,Alzheimer's disease and other dementias,169,All risk factors,2,Percent,2003,0.5362621017462095,0.7266674188008424,0.30775961704097343
1,All Population,1,Deaths,216,Senegal,3,Both,27,Age-standardized,543,Alzheimer's disease and other dementias,169,All risk factors,3,Rate,2003,9.647124529445769,26.67608064952377,1.892124683880039
1,All Population,1,Deaths,211,Mali,3,Both,27,Age-standardized,543,Alzheimer's disease and other dementias,169,All risk factors,2,Percent,2004,0.5481536141992565,0.7345508261937446,0.3128592358521938
1,All Population,1,Deaths,211,Mali,3,Both,27,Age-standardized,543,Alzheimer's disease and other dementias,169,All risk factors,3,Rate,2004,9.622155079195766,26.065183455964387,1.871671928062283
1,All Population,1,Deaths,200,Benin,3,Both,27,Age-standardized,543,Alzheimer's disease and other dementias,169,All risk factors,2,Percent,2003,0.4755100232250346,0.7036776324558134,0.20271006794559304
1,All Population,1,Deaths,200,Benin,3,Both,27,Age-standardized,543,Alzheimer's disease and other dementias,169,All risk factors,3,Rate,2003,8.231052463568727,24.92056558538782,1.3527556001204297
1,All Population,1,Deaths,206,Gambia,3,Both,27,Age-standardized,543,Alzheimer's disease and other dementias,169,All risk factors,2,Percent,2003,0.5265066234125674,0.723672972945124,0.2759735359074486
1,All Population,1,Deaths,206,Gambia,3,Both,27,Age-standardized,543,Alzheimer's disease and other dementias,169,All risk factors,3,Rate,2003,8.526725371894146,24.30433414684875,1.5958365559037138
1,All Population,1,Deaths,217,Sierra Leone,3,Both,27,Age-standardized,543,Alzheimer's disease and other dementias,169,All risk factors,2,Percent,2003,0.5046714929218638,0.7149593750425027,0.24781847951409097
1,All Population,1,Deaths,217,Sierra Leone,3,Both,27,Age-standardized,543,Alzheimer's disease and other dementias,169,All risk factors,3,Rate,2003,8.645177038976424,25.83151434355771,1.6084652612648171
1,All Population,1,Deaths,202,Cameroon,3,Both,27,Age-standardized,543,Alzheimer's disease and other dementias,169,All risk factors,2,Percent,2004,0.5033542169246455,0.7111818531910133,0.23798361219161068
1,All Population,1,Deaths,202,Cameroon,3,Both,27,Age-standardized,543,Alzheimer's disease and other dementias,169,All risk factors,3,Rate,2004,10.574698614022346,31.648986306666053,1.9046880838665499
1,All Population,1,Deaths,210,Liberia,3,Both,27,Age-standardized,543,Alzheimer's disease and other dementias,169,All risk factors,2,Percent,2004,0.5077460684024624,0.7163942237111847,0.25055757740926404
1,All Population,1,Deaths,210,Liberia,3,Both,27,Age-standardized,543,Alzheimer's disease and other dementias,169,All risk factors,3,Rate,2004,10.650589327976443,31.104081144194154,2.024918992475273
1,All Population,1,Deaths,213,Niger,3,Both,27,Age-standardized,543,Alzheimer's disease and other dementias,169,All risk factors,2,Percent,2004,0.512106843901061,0.7223641262999152,0.2446981248460156
1,All Population,1,Deaths,213,Niger,3,Both,27,Age-standardized,543,Alzheimer's disease and other dementias,169,All risk factors,3,Rate,2004,10.774334016342808,32.998606870641524,2.1258143248563806
1,All Population,1,Deaths,208,Guinea,3,Both,27,Age-standardized,543,Alzheimer's disease and other dementias,169,All risk factors,2,Percent,2004,0.49327376725370253,0.7086004748848743,0.22481704214420212
1,All Population,1,Deaths,208,Guinea,3,Both,27,Age-standardized,543,Alzheimer's disease and other dementias,169,All risk factors,3,Rate,2004,9.400192651990467,26.36465564195632,1.7779412566766328
1,All Population,1,Deaths,203,Cabo Verde,3,Both,27,Age-standardized,543,Alzheimer's disease and other dementias,169,All risk factors,2,Percent,2004,0.47055315971926104,0.6769454547789941,0.2320960829411428
1,All Population,1,Deaths,203,Cabo Verde,3,Both,27,Age-standardized,543,Alzheimer's disease and other dementias,169,All risk factors,3,Rate,2004,8.171195563748917,23.561276134475495,1.5099238336062175
1,All Population,1,Deaths,209,Guinea-Bissau,3,Both,27,Age-standardized,543,Alzheimer's disease and other dementias,169,All risk factors,2,Percent,1997,0.4953643948298688,0.7101066918188891,0.23208801545014718
1,All Population,1,Deaths,209,Guinea-Bissau,3,Both,27,Age-standardized,543,Alzheimer's disease and other dementias,169,All risk factors,3,Rate,1997,9.652304105904985,28.425794656559262,1.687331902928754
1,All Population,1,Deaths,214,Nigeria,3,Both,27,Age-standardized,543,Alzheimer's disease and other dementias,169,All risk factors,2,Percent,2004,0.49642642114769375,0.7074667295306005,0.24353260934660304
1,All Population,1,Deaths,214,Nigeria,3,Both,27,Age-standardized,543,Alzheimer's disease and other dementias,169,All risk factors,3,Rate,2004,8.219563936291443,25.444342391878834,1.461092533022736
1,All Population,1,Deaths,217,Sierra Leone,3,Both,27,Age-standardized,543,Alzheimer's disease and other dementias,169,All risk factors,2,Percent,2000,0.5041605852579621,0.7136338576483502,0.24556844489130278
1,All Population,1,Deaths,217,Sierra Leone,3,Both,27,Age-standardized,543,Alzheimer's disease and other dementias,169,All risk factors,3,Rate,2000,8.336523302063265,24.983343854773373,1.6526028196750477
1,All Population,1,Deaths,215,Sao Tome and Principe,3,Both,27,Age-standardized,543,Alzheimer's disease and other dementias,169,All risk factors,2,Percent,2000,0.46481887743710987,0.6830208163048481,0.19551898689437774
1,All Population,1,Deaths,215,Sao Tome and Principe,3,Both,27,Age-standardized,543,Alzheimer's disease and other dementias,169,All risk factors,3,Rate,2000,8.79567178379192,25.484961364125837,1.48530247739494
1,All Population,1,Deaths,209,Guinea-Bissau,3,Both,27,Age-standardized,543,Alzheimer's disease and other dementias,169,All risk factors,2,Percent,2004,0.4986734565182702,0.7112890949991634,0.23701940896616286
1,All Population,1,Deaths,209,Guinea-Bissau,3,Both,27,Age-standardized,543,Alzheimer's disease and other dementias,169,All risk factors,3,Rate,2004,9.438845592703517,28.320075425039086,1.781590122463987
1,All Population,1,Deaths,211,Mali,3,Both,27,Age-standardized,543,Alzheimer's disease and other dementias,169,All risk factors,2,Percent,2000,0.5472939981657108,0.734451548935062,0.31264540256452134
1,All Population,1,Deaths,211,Mali,3,Both,27,Age-standardized,543,Alzheimer's disease and other dementias,169,All risk factors,3,Rate,2000,9.907533930442671,27.204451457320268,1.8296000171541515
1,All Population,1,Deaths,208,Guinea,3,Both,27,Age-standardized,543,Alzheimer's disease and other dementias,169,All risk factors,2,Percent,1995,0.4915105791135364,0.7077428228509379,0.2275180166298582
1,All Population,1,Deaths,208,Guinea,3,Both,27,Age-standardized,543,Alzheimer's disease and other dementias,169,All risk factors,3,Rate,1995,9.820050382576222,28.709829070762595,1.714432633545
1,All Population,1,Deaths,215,Sao Tome and Principe,3,Both,27,Age-standardized,543,Alzheimer's disease and other dementias,169,All risk factors,2,Percent,1998,0.46471534224465555,0.6837579313190539,0.19403480492539338
1,All Population,1,Deaths,215,Sao Tome and Principe,3,Both,27,Age-standardized,543,Alzheimer's disease and other dementias,169,All risk factors,3,Rate,1998,8.760609048931371,24.79470580209596,1.4513597301268268
1,All Population,1,Deaths,218,Togo,3,Both,27,Age-standardized,543,Alzheimer's disease and other dementias,169,All risk factors,2,Percent,2004,0.5102135405476922,0.7119388045916997,0.25704738572397773
1,All Population,1,Deaths,218,Togo,3,Both,27,Age-standardized,543,Alzheimer's disease and other dementias,169,All risk factors,3,Rate,2004,9.11714180897813,27.023890477259048,1.759943088782756
1,All Population,1,Deaths,218,Togo,3,Both,27,Age-standardized,543,Alzheimer's disease and other dementias,169,All risk factors,2,Percent,2003,0.5100955466821769,0.7136027638950526,0.25841488365155857
1,All Population,1,Deaths,218,Togo,3,Both,27,Age-standardized,543,Alzheimer's disease and other dementias,169,All risk factors,3,Rate,2003,9.21116057399892,27.235230919328238,1.7754631251568154
1,All Population,1,Deaths,208,Guinea,3,Both,27,Age-standardized,543,Alzheimer's disease and other dementias,169,All risk factors,2,Percent,2003,0.49328122081309994,0.708333556473348,0.22693558700530383
1,All Population,1,Deaths,208,Guinea,3,Both,27,Age-standardized,543,Alzheimer's disease and other dementias,169,All risk factors,3,Rate,2003,9.528656832748515,26.926613069414636,1.7775087320970013
1,All Population,1,Deaths,212,Mauritania,3,Both,27,Age-standardized,543,Alzheimer's disease and other dementias,169,All risk factors,2,Percent,2000,0.5607476171953418,0.732290643747,0.3482641359911783
1,All Population,1,Deaths,212,Mauritania,3,Both,27,Age-standardized,543,Alzheimer's disease and other dementias,169,All risk factors,3,Rate,2000,11.751021562096096,31.03009503816917,2.269111859815865
1,All Population,1,Deaths,210,Liberia,3,Both,27,Age-standardized,543,Alzheimer's disease and other dementias,169,All risk factors,2,Percent,1998,0.5048990395978451,0.7177348506272834,0.2532290175106194
1,All Population,1,Deaths,210,Liberia,3,Both,27,Age-standardized,543,Alzheimer's disease and other dementias,169,All risk factors,3,Rate,1998,10.601531180454405,30.973233583721925,1.898665281608107
1,All Population,1,Deaths,215,Sao Tome and Principe,3,Both,27,Age-standardized,543,Alzheimer's disease and other dementias,169,All risk factors,2,Percent,2001,0.4643769160787973,0.6821870612027433,0.19559979599757915
1,All Population,1,Deaths,215,Sao Tome and Principe,3,Both,27,Age-standardized,543,Alzheimer's disease and other dementias,169,All risk factors,3,Rate,2001,8.957237875626886,26.283451051782905,1.5021724991443781
1,All Population,1,Deaths,206,Gambia,3,Both,27,Age-standardized,543,Alzheimer's disease and other dementias,169,All risk factors,2,Percent,2004,0.5271580992510553,0.7229772806142845,0.27622847282020063
1,All Population,1,Deaths,206,Gambia,3,Both,27,Age-standardized,543,Alzheimer's disease and other dementias,169,All risk factors,3,Rate,2004,8.901023843699386,25.365386311680943,1.6448873117910334
1,All Population,1,Deaths,217,Sierra Leone,3,Both,27,Age-standardized,543,Alzheimer's disease and other dementias,169,All risk factors,2,Percent,2004,0.5049914736928965,0.7160645262711363,0.24411421291108779
1,All Population,1,Deaths,217,Sierra Leone,3,Both,27,Age-standardized,543,Alzheimer's disease and other dementias,169,All risk factors,3,Rate,2004,8.744328855620331,26.092072416628998,1.6493372627449545
1,All Population,1,Deaths,204,Chad,3,Both,27,Age-standardized,543,Alzheimer's disease and other dementias,169,All risk factors,2,Percent,2000,0.5282072649937001,0.728144769585491,0.28247970882842127
1,All Population,1,Deaths,204,Chad,3,Both,27,Age-standardized,543,Alzheimer's disease and other dementias,169,All risk factors,3,Rate,2000,10.902666102633267,32.466453950974795,2.1292010537402355
1,All Population,1,Deaths,216,Senegal,3,Both,27,Age-standardized,543,Alzheimer's disease and other dementias,169,All risk factors,2,Percent,2005,0.5371161638882919,0.725988193024037,0.3087843931070593
1,All Population,1,Deaths,216,Senegal,3,Both,27,Age-standardized,543,Alzheimer's disease and other dementias,169,All risk factors,3,Rate,2005,10.071355783656673,27.732545027074032,2.050988063063575
1,All Population,1,Deaths,212,Mauritania,3,Both,27,Age-standardized,543,Alzheimer's disease and other dementias,169,All risk factors,2,Percent,2001,0.5608031910295427,0.7351487926437008,0.3491045057366491
1,All Population,1,Deaths,212,Mauritania,3,Both,27,Age-standardized,543,Alzheimer's disease and other dementias,169,All risk factors,3,Rate,2001,11.768618199574167,31.515662188999354,2.359120457081502
1,All Population,1,Deaths,212,Mauritania,3,Both,27,Age-standardized,543,Alzheimer's disease and other dementias,169,All risk factors,2,Percent,1997,0.5603263957753776,0.73124797554965,0.3490386542684088
1,All Population,1,Deaths,212,Mauritania,3,Both,27,Age-standardized,543,Alzheimer's disease and other dementias,169,All risk factors,3,Rate,1997,11.48980596771511,31.485507961552027,2.1684905598972066
1,All Population,1,Deaths,207,Ghana,3,Both,27,Age-standardized,543,Alzheimer's disease and other dementias,169,All risk factors,2,Percent,2005,0.5290075702326105,0.725006418366599,0.2959371897049106
1,All Population,1,Deaths,207,Ghana,3,Both,27,Age-standardized,543,Alzheimer's disease and other dementias,169,All risk factors,3,Rate,2005,9.362016626599434,26.40770492664806,1.9147491751267491
1,All Population,1,Deaths,200,Benin,3,Both,27,Age-standardized,543,Alzheimer's disease and other dementias,169,All risk factors,2,Percent,2005,0.4749782967924568,0.7030615681991721,0.20183046114444514
1,All Population,1,Deaths,200,Benin,3,Both,27,Age-standardized,543,Alzheimer's disease and other dementias,169,All risk factors,3,Rate,2005,8.168125027172758,24.06421296533839,1.36764079904354
1,All Population,1,Deaths,205,Côte d'Ivoire,3,Both,27,Age-standardized,543,Alzheimer's disease and other dementias,169,All risk factors,2,Percent,2006,0.4836254943110876,0.6962325924028024,0.22728490923769668
1,All Population,1,Deaths,205,Côte d'Ivoire,3,Both,27,Age-standardized,543,Alzheimer's disease and other dementias,169,All risk factors,3,Rate,2006,8.218374677270644,23.43349448283592,1.5075413320178204
1,All Population,1,Deaths,201,Burkina Faso,3,Both,27,Age-standardized,543,Alzheimer's disease and other dementias,169,All risk factors,2,Percent,2001,0.4590196862985503,0.6952612097984592,0.16124944936665359
1,All Population,1,Deaths,201,Burkina Faso,3,Both,27,Age-standardized,543,Alzheimer's disease and other dementias,169,All risk factors,3,Rate,2001,11.047007678217444,31.386294303060616,1.718681933624593
1,All Population,1,Deaths,201,Burkina Faso,3,Both,27,Age-standardized,543,Alzheimer's disease and other dementias,169,All risk factors,2,Percent,2002,0.4587312892644552,0.6954419860940585,0.16241262128820413
1,All Population,1,Deaths,201,Burkina Faso,3,Both,27,Age-standardized,543,Alzheimer's disease and other dementias,169,All risk factors,3,Rate,2002,11.368987745007551,32.77663402714483,1.7384215506297316
1,All Population,1,Deaths,204,Chad,3,Both,27,Age-standardized,543,Alzheimer's disease and other dementias,169,All risk factors,2,Percent,2002,0.5284439403784311,0.7290389396151754,0.282177442212736
1,All Population,1,Deaths,204,Chad,3,Both,27,Age-standardized,543,Alzheimer's disease and other dementias,169,All risk factors,3,Rate,2002,10.906799759000387,32.53484213447772,2.1693452415816266
1,All Population,1,Deaths,213,Niger,3,Both,27,Age-standardized,543,Alzheimer's disease and other dementias,169,All risk factors,2,Percent,2005,0.512431511535115,0.7202977370814971,0.24956050850080647
1,All Population,1,Deaths,213,Niger,3,Both,27,Age-standardized,543,Alzheimer's disease and other dementias,169,All risk factors,3,Rate,2005,10.776978311106939,32.83367395598778,2.0961199696878685
1,All Population,1,Deaths,207,Ghana,3,Both,27,Age-standardized,543,Alzheimer's disease and other dementias,169,All risk factors,2,Percent,2006,0.5293308229389236,0.7254593295418817,0.2974730789547751
1,All Population,1,Deaths,207,Ghana,3,Both,27,Age-standardized,543,Alzheimer's disease and other dementias,169,All risk factors,3,Rate,2006,9.45056462199901,26.6657519863937,1.9601536502390098
1,All Population,1,Deaths,210,Liberia,3,Both,27,Age-standardized,543,Alzheimer's disease and other dementias,169,All risk factors,2,Percent,2005,0.5081325012671533,0.7153711082761974,0.24986941452581857
1,All Population,1,Deaths,210,Liberia,3,Both,27,Age-standardized,543,Alzheimer's disease and other dementias,169,All risk factors,3,Rate,2005,10.688159657643109,30.47811178648106,2.0327528013409
1,All Population,1,Deaths,209,Guinea-Bissau,3,Both,27,Age-standardized,543,Alzheimer's disease and other dementias,169,All risk factors,2,Percent,2005,0.4994384063755944,0.7116062692796659,0.23764596759462622
1,All Population,1,Deaths,209,Guinea-Bissau,3,Both,27,Age-standardized,543,Alzheimer's disease and other dementias,169,All risk factors,3,Rate,2005,9.742616948474765,28.643837120953798,1.8251218909741296
1,All Population,1,Deaths,204,Chad,3,Both,27,Age-standardized,543,Alzheimer's disease and other dementias,169,All risk factors,2,Percent,2001,0.5285085477605531,0.7281733022487862,0.2818797858382356
1,All Population,1,Deaths,204,Chad,3,Both,27,Age-standardized,543,Alzheimer's disease and other dementias,169,All risk factors,3,Rate,2001,10.872997494306748,32.35348958176356,2.1884583890215272
1,All Population,1,Deaths,216,Senegal,3,Both,27,Age-standardized,543,Alzheimer's disease and other dementias,169,All risk factors,2,Percent,2006,0.5373943890869335,0.7267380753899397,0.30439101964129234
1,All Population,1,Deaths,216,Senegal,3,Both,27,Age-standardized,543,Alzheimer's disease and other dementias,169,All risk factors,3,Rate,2006,10.130749146405504,27.65892935356589,2.0707093566650387
1,All Population,1,Deaths,211,Mali,3,Both,27,Age-standardized,543,Alzheimer's disease and other dementias,169,All risk factors,2,Percent,2005,0.5482588900837808,0.7347766411861949,0.3123484603959008
1,All Population,1,Deaths,211,Mali,3,Both,27,Age-standardized,543,Alzheimer's disease and other dementias,169,All risk factors,3,Rate,2005,9.590557961387537,25.754316096314543,1.8621326282445876
1,All Population,1,Deaths,211,Mali,3,Both,27,Age-standardized,543,Alzheimer's disease and other dementias,169,All risk factors,2,Percent,2006,0.5491248861828035,0.7347909166462346,0.3160518857544855
1,All Population,1,Deaths,211,Mali,3,Both,27,Age-standardized,543,Alzheimer's disease and other dementias,169,All risk factors,3,Rate,2006,9.684660630842076,25.613383311376936,1.8409642570254265
1,All Population,1,Deaths,218,Togo,3,Both,27,Age-standardized,543,Alzheimer's disease and other dementias,169,All risk factors,2,Percent,2005,0.5106129773253594,0.7131217604744694,0.2561533331428297
1,All Population,1,Deaths,218,Togo,3,Both,27,Age-standardized,543,Alzheimer's disease and other dementias,169,All risk factors,3,Rate,2005,9.056639503019246,26.743896169569634,1.756285950873188
1,All Population,1,Deaths,202,Cameroon,3,Both,27,Age-standardized,543,Alzheimer's disease and other dementias,169,All risk factors,2,Percent,2005,0.5048312748499771,0.7109401365265489,0.2395811657069975
1,All Population,1,Deaths,202,Cameroon,3,Both,27,Age-standardized,543,Alzheimer's disease and other dementias,169,All risk factors,3,Rate,2005,10.52249612297031,31.516910236917003,1.9002811617295972
1,All Population,1,Deaths,210,Liberia,3,Both,27,Age-standardized,543,Alzheimer's disease and other dementias,169,All risk factors,2,Percent,2006,0.5088529459792409,0.7165231492811484,0.2493455732325706
1,All Population,1,Deaths,210,Liberia,3,Both,27,Age-standardized,543,Alzheimer's disease and other dementias,169,All risk factors,3,Rate,2006,11.155270594595448,32.11981025306416,2.088682324634002
1,All Population,1,Deaths,218,Togo,3,Both,27,Age-standardized,543,Alzheimer's disease and other dementias,169,All risk factors,2,Percent,2006,0.5107489692277593,0.7137472671889643,0.2552651748399551
1,All Population,1,Deaths,218,Togo,3,Both,27,Age-standardized,543,Alzheimer's disease and other dementias,169,All risk factors,3,Rate,2006,9.139988190232048,27.146974807932118,1.7705704909768554
1,All Population,1,Deaths,203,Cabo Verde,3,Both,27,Age-standardized,543,Alzheimer's disease and other dementias,169,All risk factors,2,Percent,2005,0.46669533578421374,0.6729637816817483,0.22977276813083977
1,All Population,1,Deaths,203,Cabo Verde,3,Both,27,Age-standardized,543,Alzheimer's disease and other dementias,169,All risk factors,3,Rate,2005,8.173711631010107,23.893844724987126,1.482875649740352
1,All Population,1,Deaths,212,Mauritania,3,Both,27,Age-standardized,543,Alzheimer's disease and other dementias,169,All risk factors,2,Percent,2002,0.5605416942717256,0.7371556769845716,0.3412447288931291
1,All Population,1,Deaths,212,Mauritania,3,Both,27,Age-standardized,543,Alzheimer's disease and other dementias,169,All risk factors,3,Rate,2002,11.845377035895394,31.977771631433217,2.4035387579185503
1,All Population,1,Deaths,214,Nigeria,3,Both,27,Age-standardized,543,Alzheimer's disease and other dementias,169,All risk factors,2,Percent,2005,0.4958141040389716,0.7071339314921978,0.24260798732455907
1,All Population,1,Deaths,214,Nigeria,3,Both,27,Age-standardized,543,Alzheimer's disease and other dementias,169,All risk factors,3,Rate,2005,8.28069473668128,25.307481796159863,1.5177597129744063
1,All Population,1,Deaths,217,Sierra Leone,3,Both,27,Age-standardized,543,Alzheimer's disease and other dementias,169,All risk factors,2,Percent,2005,0.5051824511119509,0.7165903211808842,0.24458842317927096
1,All Population,1,Deaths,217,Sierra Leone,3,Both,27,Age-standardized,543,Alzheimer's disease and other dementias,169,All risk factors,3,Rate,2005,8.892739078798762,26.668637103753834,1.691230967469341
1,All Population,1,Deaths,200,Benin,3,Both,27,Age-standardized,543,Alzheimer's disease and other dementias,169,All risk factors,2,Percent,2006,0.47501187344746826,0.7029660772430961,0.20377004486803926
1,All Population,1,Deaths,200,Benin,3,Both,27,Age-standardized,543,Alzheimer's disease and other dementias,169,All risk factors,3,Rate,2006,8.297770711016172,24.59006436476818,1.3866714503901194
1,All Population,1,Deaths,206,Gambia,3,Both,27,Age-standardized,543,Alzheimer's disease and other dementias,169,All risk factors,2,Percent,2005,0.5275126458059212,0.7231378363176278,0.27560207629044425
1,All Population,1,Deaths,206,Gambia,3,Both,27,Age-standardized,543,Alzheimer's disease and other dementias,169,All risk factors,3,Rate,2005,9.05142864507222,26.108819033853706,1.7140957307858278
1,All Population,1,Deaths,214,Nigeria,3,Both,27,Age-standardized,543,Alzheimer's disease and other dementias,169,All risk factors,2,Percent,2006,0.49543937790903725,0.7061492949038566,0.24385090623976546
1,All Population,1,Deaths,214,Nigeria,3,Both,27,Age-standardized,543,Alzheimer's disease and other dementias,169,All risk factors,3,Rate,2006,8.39033186229798,25.334000116462782,1.5606268270516275
1,All Population,1,Deaths,212,Mauritania,3,Both,27,Age-standardized,543,Alzheimer's disease and other dementias,169,All risk factors,2,Percent,1994,0.5595666130875465,0.73674287902669,0.352098676944157
1,All Population,1,Deaths,212,Mauritania,3,Both,27,Age-standardized,543,Alzheimer's disease and other dementias,169,All risk factors,3,Rate,1994,11.168984500939906,29.683465485962518,2.097333434584919
1,All Population,1,Deaths,209,Guinea-Bissau,3,Both,27,Age-standardized,543,Alzheimer's disease and other dementias,169,All risk factors,2,Percent,2006,0.5001354391213158,0.7127685401806924,0.24111796474929217
1,All Population,1,Deaths,209,Guinea-Bissau,3,Both,27,Age-standardized,543,Alzheimer's disease and other dementias,169,All risk factors,3,Rate,2006,9.627882848650287,28.617701629532373,1.8146957347041883
1,All Population,1,Deaths,207,Ghana,3,Both,27,Age-standardized,543,Alzheimer's disease and other dementias,169,All risk factors,2,Percent,2007,0.5286275265226399,0.7244683070025488,0.29569984950260614
1,All Population,1,Deaths,207,Ghana,3,Both,27,Age-standardized,543,Alzheimer's disease and other dementias,169,All risk factors,3,Rate,2007,9.33227383264089,26.713287600652404,1.970890449541615
1,All Population,1,Deaths,215,Sao Tome and Principe,3,Both,27,Age-standardized,543,Alzheimer's disease and other dementias,169,All risk factors,2,Percent,2002,0.4634987299510584,0.6811151117382507,0.1921936589901551
1,All Population,1,Deaths,215,Sao Tome and Principe,3,Both,27,Age-standardized,543,Alzheimer's disease and other dementias,169,All risk factors,3,Rate,2002,9.092671365560903,26.59987012832682,1.5169810559207122
1,All Population,1,Deaths,205,Côte d'Ivoire,3,Both,27,Age-standardized,543,Alzheimer's disease and other dementias,169,All risk factors,2,Percent,2005,0.48374783403489013,0.6969709846342023,0.22210999190638467
1,All Population,1,Deaths,205,Côte d'Ivoire,3,Both,27,Age-standardized,543,Alzheimer's disease and other dementias,169,All risk factors,3,Rate,2005,7.988895175967916,23.192655302005026,1.4510373925058628
1,All Population,1,Deaths,200,Benin,3,Both,27,Age-standardized,543,Alzheimer's disease and other dementias,169,All risk factors,2,Percent,2007,0.4749596951649984,0.7018231612811412,0.2026834448388328
1,All Population,1,Deaths,200,Benin,3,Both,27,Age-standardized,543,Alzheimer's disease and other dementias,169,All risk factors,3,Rate,2007,8.19778605603836,24.628654654204862,1.396336593944242
1,All Population,1,Deaths,206,Gambia,3,Both,27,Age-standardized,543,Alzheimer's disease and other dementias,169,All risk factors,2,Percent,2006,0.5279797118922973,0.7234781762553437,0.2788773412915426
1,All Population,1,Deaths,206,Gambia,3,Both,27,Age-standardized,543,Alzheimer's disease and other dementias,169,All risk factors,3,Rate,2006,8.962457068590354,26.087441043228253,1.6821227825945657
1,All Population,1,Deaths,202,Cameroon,3,Both,27,Age-standardized,543,Alzheimer's disease and other dementias,169,All risk factors,2,Percent,2006,0.5063782905990072,0.7122984126994358,0.23962669192721667
1,All Population,1,Deaths,202,Cameroon,3,Both,27,Age-standardized,543,Alzheimer's disease and other dementias,169,All risk factors,3,Rate,2006,10.640605747606466,31.927116472986864,1.931976608944531
1,All Population,1,Deaths,203,Cabo Verde,3,Both,27,Age-standardized,543,Alzheimer's disease and other dementias,169,All risk factors,2,Percent,2006,0.4621829177675687,0.6667032229217964,0.2267305677237324
1,All Population,1,Deaths,203,Cabo Verde,3,Both,27,Age-standardized,543,Alzheimer's disease and other dementias,169,All risk factors,3,Rate,2006,8.079421630575503,23.869447071900375,1.4629516869231058
1,All Population,1,Deaths,217,Sierra Leone,3,Both,27,Age-standardized,543,Alzheimer's disease and other dementias,169,All risk factors,2,Percent,1997,0.502174793723339,0.7145893294422059,0.24312133591155738
1,All Population,1,Deaths,217,Sierra Leone,3,Both,27,Age-standardized,543,Alzheimer's disease and other dementias,169,All risk factors,3,Rate,1997,8.170627364011196,24.226912127039,1.5382936632515236
1,All Population,1,Deaths,216,Senegal,3,Both,27,Age-standardized,543,Alzheimer's disease and other dementias,169,All risk factors,2,Percent,2007,0.5380344474155847,0.7273470088385487,0.30134821219812474
1,All Population,1,Deaths,216,Senegal,3,Both,27,Age-standardized,543,Alzheimer's disease and other dementias,169,All risk factors,3,Rate,2007,10.194286309850352,27.966219891333445,2.0256028046182997
1,All Population,1,Deaths,208,Guinea,3,Both,27,Age-standardized,543,Alzheimer's disease and other dementias,169,All risk factors,2,Percent,2005,0.49331840842718844,0.7085235026920622,0.22455170250648573
1,All Population,1,Deaths,208,Guinea,3,Both,27,Age-standardized,543,Alzheimer's disease and other dementias,169,All risk factors,3,Rate,2005,9.348239052649683,26.261672052881902,1.792968074337168
1,All Population,1,Deaths,205,Côte d'Ivoire,3,Both,27,Age-standardized,543,Alzheimer's disease and other dementias,169,All risk factors,2,Percent,2007,0.4827185218167506,0.6964181011654091,0.22923764450955572
1,All Population,1,Deaths,205,Côte d'Ivoire,3,Both,27,Age-standardized,543,Alzheimer's disease and other dementias,169,All risk factors,3,Rate,2007,8.150772538036879,22.98836766835714,1.5217653109725826
1,All Population,1,Deaths,208,Guinea,3,Both,27,Age-standardized,543,Alzheimer's disease and other dementias,169,All risk factors,2,Percent,2006,0.49336401453301937,0.7086705209335451,0.22305550214545578
1,All Population,1,Deaths,208,Guinea,3,Both,27,Age-standardized,543,Alzheimer's disease and other dementias,169,All risk factors,3,Rate,2006,9.434726147578887,27.136446803049246,1.810548746183197
1,All Population,1,Deaths,210,Liberia,3,Both,27,Age-standardized,543,Alzheimer's disease and other dementias,169,All risk factors,2,Percent,2007,0.5091777612935657,0.7156030551605457,0.24750136720432042
1,All Population,1,Deaths,210,Liberia,3,Both,27,Age-standardized,543,Alzheimer's disease and other dementias,169,All risk factors,3,Rate,2007,11.082428080050155,31.92158855677881,2.047277924390605
1,All Population,1,Deaths,213,Niger,3,Both,27,Age-standardized,543,Alzheimer's disease and other dementias,169,All risk factors,2,Percent,2006,0.5125724522017738,0.7207993048060831,0.24668214290502116
1,All Population,1,Deaths,213,Niger,3,Both,27,Age-standardized,543,Alzheimer's disease and other dementias,169,All risk factors,3,Rate,2006,11.028968346629648,32.989941935169774,2.1477459291921757
1,All Population,1,Deaths,218,Togo,3,Both,27,Age-standardized,543,Alzheimer's disease and other dementias,169,All risk factors,2,Percent,2007,0.5110034682739633,0.7146468246009127,0.2566733241530689
1,All Population,1,Deaths,218,Togo,3,Both,27,Age-standardized,543,Alzheimer's disease and other dementias,169,All risk factors,3,Rate,2007,9.014701650013153,26.660081513214692,1.7478348527865417
1,All Population,1,Deaths,214,Nigeria,3,Both,27,Age-standardized,543,Alzheimer's disease and other dementias,169,All risk factors,2,Percent,2007,0.4945001464411807,0.7050290733640379,0.24260602668521394
1,All Population,1,Deaths,214,Nigeria,3,Both,27,Age-standardized,543,Alzheimer's disease and other dementias,169,All risk factors,3,Rate,2007,8.30937413390204,25.14041389085045,1.5845180961814374
1,All Population,1,Deaths,201,Burkina Faso,3,Both,27,Age-standardized,543,Alzheimer's disease and other dementias,169,All risk factors,2,Percent,2003,0.45856310037381753,0.6955892778046778,0.16370250859711138
1,All Population,1,Deaths,201,Burkina Faso,3,Both,27,Age-standardized,543,Alzheimer's disease and other dementias,169,All risk factors,3,Rate,2003,11.088271248678277,32.61104234690192,1.698136526737718
1,All Population,1,Deaths,202,Cameroon,3,Both,27,Age-standardized,543,Alzheimer's disease and other dementias,169,All risk factors,2,Percent,2007,0.5083280650838137,0.7134828688435235,0.24083428156829467
1,All Population,1,Deaths,202,Cameroon,3,Both,27,Age-standardized,543,Alzheimer's disease and other dementias,169,All risk factors,3,Rate,2007,10.497878334565373,31.12590234541371,1.8625395020932092
1,All Population,1,Deaths,213,Niger,3,Both,27,Age-standardized,543,Alzheimer's disease and other dementias,169,All risk factors,2,Percent,2007,0.512776349089033,0.7212026158130258,0.24820215198524959
1,All Population,1,Deaths,213,Niger,3,Both,27,Age-standardized,543,Alzheimer's disease and other dementias,169,All risk factors,3,Rate,2007,11.055572501172131,33.110054845697256,2.1138063730489063
1,All Population,1,Deaths,204,Chad,3,Both,27,Age-standardized,543,Alzheimer's disease and other dementias,169,All risk factors,2,Percent,2003,0.5283538234794086,0.7286463551625314,0.28163621500998803
1,All Population,1,Deaths,204,Chad,3,Both,27,Age-standardized,543,Alzheimer's disease and other dementias,169,All risk factors,3,Rate,2003,10.844875699352567,31.846400964878814,2.1927423836024484
1,All Population,1,Deaths,212,Mauritania,3,Both,27,Age-standardized,543,Alzheimer's disease and other dementias,169,All risk factors,2,Percent,2003,0.5601528599844998,0.735159815448623,0.3484434830882973
1,All Population,1,Deaths,212,Mauritania,3,Both,27,Age-standardized,543,Alzheimer's disease and other dementias,169,All risk factors,3,Rate,2003,11.578927936199097,30.994046130197987,2.3606768047229463
1,All Population,1,Deaths,211,Mali,3,Both,27,Age-standardized,543,Alzheimer's disease and other dementias,169,All risk factors,2,Percent,2007,0.5494110636901548,0.7367233954344601,0.31407535133227654
1,All Population,1,Deaths,211,Mali,3,Both,27,Age-standardized,543,Alzheimer's disease and other dementias,169,All risk factors,3,Rate,2007,9.63659668995821,25.86484114717602,1.8838991191775882
1,All Population,1,Deaths,209,Guinea-Bissau,3,Both,27,Age-standardized,543,Alzheimer's disease and other dementias,169,All risk factors,2,Percent,2007,0.5005741138794016,0.7132398219165215,0.2390717597128233
1,All Population,1,Deaths,209,Guinea-Bissau,3,Both,27,Age-standardized,543,Alzheimer's disease and other dementias,169,All risk factors,3,Rate,2007,9.66024434211771,28.464387576584407,1.8532877928530498
1,All Population,1,Deaths,211,Mali,3,Both,27,Age-standardized,543,Alzheimer's disease and other dementias,169,All risk factors,2,Percent,2008,0.5493465029058358,0.7341274434100157,0.3169376799312293
1,All Population,1,Deaths,211,Mali,3,Both,27,Age-standardized,543,Alzheimer's disease and other dementias,169,All risk factors,3,Rate,2008,9.681306989855184,26.160139905036033,1.8514512956635159
1,All Population,1,Deaths,211,Mali,3,Both,27,Age-standardized,543,Alzheimer's disease and other dementias,169,All risk factors,2,Percent,1997,0.5462495984801776,0.7360616153408073,0.3109338003339524
1,All Population,1,Deaths,211,Mali,3,Both,27,Age-standardized,543,Alzheimer's disease and other dementias,169,All risk factors,3,Rate,1997,9.887042258618273,26.98321217753759,1.7859009812824445
1,All Population,1,Deaths,201,Burkina Faso,3,Both,27,Age-standardized,543,Alzheimer's disease and other dementias,169,All risk factors,2,Percent,2004,0.4586300003178985,0.696082046121603,0.1664910507382155
1,All Population,1,Deaths,201,Burkina Faso,3,Both,27,Age-standardized,543,Alzheimer's disease and other dementias,169,All risk factors,3,Rate,2004,11.175626101769984,32.93983869883011,1.7078383851962302
1,All Population,1,Deaths,204,Chad,3,Both,27,Age-standardized,543,Alzheimer's disease and other dementias,169,All risk factors,2,Percent,2004,0.5280605327631973,0.7287803720784567,0.2804649493388301
1,All Population,1,Deaths,204,Chad,3,Both,27,Age-standardized,543,Alzheimer's disease and other dementias,169,All risk factors,3,Rate,2004,10.759442992161656,31.67160769157185,2.1369797229146137
1,All Population,1,Deaths,217,Sierra Leone,3,Both,27,Age-standardized,543,Alzheimer's disease and other dementias,169,All risk factors,2,Percent,2006,0.5055587684350357,0.7169168928541095,0.24606680249952517
1,All Population,1,Deaths,217,Sierra Leone,3,Both,27,Age-standardized,543,Alzheimer's disease and other dementias,169,All risk factors,3,Rate,2006,9.257019184374245,27.39761819408557,1.81290777358098
1,All Population,1,Deaths,212,Mauritania,3,Both,27,Age-standardized,543,Alzheimer's disease and other dementias,169,All risk factors,2,Percent,2004,0.5606905441847907,0.7340556259106609,0.3494395850876657
1,All Population,1,Deaths,212,Mauritania,3,Both,27,Age-standardized,543,Alzheimer's disease and other dementias,169,All risk factors,3,Rate,2004,11.811289273122368,30.987832348308068,2.456391203192854
1,All Population,1,Deaths,200,Benin,3,Both,27,Age-standardized,543,Alzheimer's disease and other dementias,169,All risk factors,2,Percent,2008,0.4747543357131497,0.7014595976887059,0.20098768642303833
1,All Population,1,Deaths,200,Benin,3,Both,27,Age-standardized,543,Alzheimer's disease and other dementias,169,All risk factors,3,Rate,2008,8.356282524864207,24.838312886191368,1.4397699008348523
1,All Population,1,Deaths,215,Sao Tome and Principe,3,Both,27,Age-standardized,543,Alzheimer's disease and other dementias,169,All risk factors,2,Percent,2003,0.4621694253993438,0.6802706524609913,0.19070709825082752
1,All Population,1,Deaths,215,Sao Tome and Principe,3,Both,27,Age-standardized,543,Alzheimer's disease and other dementias,169,All risk factors,3,Rate,2003,9.111607945343872,26.07214563708704,1.5839484560830779
1,All Population,1,Deaths,218,Togo,3,Both,27,Age-standardized,543,Alzheimer's disease and other dementias,169,All risk factors,2,Percent,2008,0.5112175154772763,0.7145228072523719,0.25534534420515037
1,All Population,1,Deaths,218,Togo,3,Both,27,Age-standardized,543,Alzheimer's disease and other dementias,169,All risk factors,3,Rate,2008,9.237428499912518,26.90069880039741,1.8146660768600693
1,All Population,1,Deaths,207,Ghana,3,Both,27,Age-standardized,543,Alzheimer's disease and other dementias,169,All risk factors,2,Percent,2008,0.5280414304905177,0.7233369624183357,0.295590269092698
1,All Population,1,Deaths,207,Ghana,3,Both,27,Age-standardized,543,Alzheimer's disease and other dementias,169,All risk factors,3,Rate,2008,9.379445740651093,26.663249543267295,2.0196818499038764
1,All Population,1,Deaths,213,Niger,3,Both,27,Age-standardized,543,Alzheimer's disease and other dementias,169,All risk factors,2,Percent,2008,0.5133599779238854,0.7220455460734923,0.24820205979806267
1,All Population,1,Deaths,213,Niger,3,Both,27,Age-standardized,543,Alzheimer's disease and other dementias,169,All risk factors,3,Rate,2008,11.160661291450085,33.52317491822217,2.1195731689099206
1,All Population,1,Deaths,202,Cameroon,3,Both,27,Age-standardized,543,Alzheimer's disease and other dementias,169,All risk factors,2,Percent,1997,0.49555126960336693,0.7058002238478404,0.23173101301153354
1,All Population,1,Deaths,202,Cameroon,3,Both,27,Age-standardized,543,Alzheimer's disease and other dementias,169,All risk factors,3,Rate,1997,10.604161293430801,31.0766186584494,1.8449757117832926
1,All Population,1,Deaths,203,Cabo Verde,3,Both,27,Age-standardized,543,Alzheimer's disease and other dementias,169,All risk factors,2,Percent,2007,0.4554801324100528,0.6577158733782609,0.22361782113198625
1,All Population,1,Deaths,203,Cabo Verde,3,Both,27,Age-standardized,543,Alzheimer's disease and other dementias,169,All risk factors,3,Rate,2007,8.034555080950465,23.543877512831873,1.4739807328855188
1,All Population,1,Deaths,208,Guinea,3,Both,27,Age-standardized,543,Alzheimer's disease and other dementias,169,All risk factors,2,Percent,2008,0.49349152501756127,0.709539600774588,0.22228442550372066
1,All Population,1,Deaths,208,Guinea,3,Both,27,Age-standardized,543,Alzheimer's disease and other dementias,169,All risk factors,3,Rate,2008,9.34402283110938,28.482007875807533,1.7863471584968766
1,All Population,1,Deaths,205,Côte d'Ivoire,3,Both,27,Age-standardized,543,Alzheimer's disease and other dementias,169,All risk factors,2,Percent,2008,0.48234947113183047,0.6958416303720041,0.22902260771527921
1,All Population,1,Deaths,205,Côte d'Ivoire,3,Both,27,Age-standardized,543,Alzheimer's disease and other dementias,169,All risk factors,3,Rate,2008,8.308169691237179,23.68364883750229,1.580305968358795
1,All Population,1,Deaths,209,Guinea-Bissau,3,Both,27,Age-standardized,543,Alzheimer's disease and other dementias,169,All risk factors,2,Percent,2008,0.5017961695775439,0.7137688235148989,0.24269379739603836
1,All Population,1,Deaths,209,Guinea-Bissau,3,Both,27,Age-standardized,543,Alzheimer's disease and other dementias,169,All risk factors,3,Rate,2008,9.925270582190565,29.051262899799468,1.878829012342806
1,All Population,1,Deaths,215,Sao Tome and Principe,3,Both,27,Age-standardized,543,Alzheimer's disease and other dementias,169,All risk factors,2,Percent,2004,0.46082402943448914,0.6795040954899061,0.18948209130774077
1,All Population,1,Deaths,215,Sao Tome and Principe,3,Both,27,Age-standardized,543,Alzheimer's disease and other dementias,169,All risk factors,3,Rate,2004,9.189558931335245,26.490812414947353,1.5670119972087313
1,All Population,1,Deaths,206,Gambia,3,Both,27,Age-standardized,543,Alzheimer's disease and other dementias,169,All risk factors,2,Percent,2007,0.5284434789305297,0.7246591368809217,0.2770369216688945
1,All Population,1,Deaths,206,Gambia,3,Both,27,Age-standardized,543,Alzheimer's disease and other dementias,169,All risk factors,3,Rate,2007,8.89645874656349,25.98937315752094,1.6950801584754769
1,All Population,1,Deaths,208,Guinea,3,Both,27,Age-standardized,543,Alzheimer's disease and other dementias,169,All risk factors,2,Percent,2007,0.4932999875226209,0.7092495612765778,0.22443538936043703
1,All Population,1,Deaths,208,Guinea,3,Both,27,Age-standardized,543,Alzheimer's disease and other dementias,169,All risk factors,3,Rate,2007,9.33429119037295,27.546077920796286,1.7923322965194428
1,All Population,1,Deaths,210,Liberia,3,Both,27,Age-standardized,543,Alzheimer's disease and other dementias,169,All risk factors,2,Percent,2008,0.5100728730176299,0.7157056499568039,0.2513489013934504
1,All Population,1,Deaths,210,Liberia,3,Both,27,Age-standardized,543,Alzheimer's disease and other dementias,169,All risk factors,3,Rate,2008,11.500497323896361,32.945080590844704,2.124739096463545
1,All Population,1,Deaths,216,Senegal,3,Both,27,Age-standardized,543,Alzheimer's disease and other dementias,169,All risk factors,2,Percent,2008,0.539176568639565,0.7290376765911204,0.3091093504626903
1,All Population,1,Deaths,216,Senegal,3,Both,27,Age-standardized,543,Alzheimer's disease and other dementias,169,All risk factors,3,Rate,2008,10.438870941500426,28.984267201787624,2.1001184448828454
1,All Population,1,Deaths,201,Burkina Faso,3,Both,27,Age-standardized,543,Alzheimer's disease and other dementias,169,All risk factors,2,Percent,2005,0.45852230846264386,0.6968403213108058,0.16794150170627548
1,All Population,1,Deaths,201,Burkina Faso,3,Both,27,Age-standardized,543,Alzheimer's disease and other dementias,169,All risk factors,3,Rate,2005,11.315589652062567,32.959505585176814,1.7148204172255206
1,All Population,1,Deaths,204,Chad,3,Both,27,Age-standardized,543,Alzheimer's disease and other dementias,169,All risk factors,2,Percent,2005,0.5279771978109602,0.7273132196392967,0.278196292943201
1,All Population,1,Deaths,204,Chad,3,Both,27,Age-standardized,543,Alzheimer's disease and other dementias,169,All risk factors,3,Rate,2005,10.730966264465007,31.609978620867977,2.1645041363484205
1,All Population,1,Deaths,206,Gambia,3,Both,27,Age-standardized,543,Alzheimer's disease and other dementias,169,All risk factors,2,Percent,2008,0.5289880288020693,0.7251043575459168,0.27993826750092804
1,All Population,1,Deaths,206,Gambia,3,Both,27,Age-standardized,543,Alzheimer's disease and other dementias,169,All risk factors,3,Rate,2008,8.72309804060504,24.697380230558405,1.6760526819833785
1,All Population,1,Deaths,212,Mauritania,3,Both,27,Age-standardized,543,Alzheimer's disease and other dementias,169,All risk factors,2,Percent,2005,0.561153224387398,0.7321022500479236,0.3514705492180637
1,All Population,1,Deaths,212,Mauritania,3,Both,27,Age-standardized,543,Alzheimer's disease and other dementias,169,All risk factors,3,Rate,2005,11.863285214293539,30.460148347457128,2.485258556460918
1,All Population,1,Deaths,204,Chad,3,Both,27,Age-standardized,543,Alzheimer's disease and other dementias,169,All risk factors,2,Percent,1997,0.5272947953887198,0.7291716662820922,0.2811891449237365
1,All Population,1,Deaths,204,Chad,3,Both,27,Age-standardized,543,Alzheimer's disease and other dementias,169,All risk factors,3,Rate,1997,11.075518392092363,32.446103524675735,2.031596909243139
1,All Population,1,Deaths,214,Nigeria,3,Both,27,Age-standardized,543,Alzheimer's disease and other dementias,169,All risk factors,2,Percent,2008,0.49458624919874195,0.7040613840026358,0.24387291487496207
1,All Population,1,Deaths,214,Nigeria,3,Both,27,Age-standardized,543,Alzheimer's disease and other dementias,169,All risk factors,3,Rate,2008,8.447578683445501,25.518028711410324,1.6042428413461618
1,All Population,1,Deaths,217,Sierra Leone,3,Both,27,Age-standardized,543,Alzheimer's disease and other dementias,169,All risk factors,2,Percent,2007,0.5054681240910758,0.7181504635020369,0.24613652206109715
1,All Population,1,Deaths,217,Sierra Leone,3,Both,27,Age-standardized,543,Alzheimer's disease and other dementias,169,All risk factors,3,Rate,2007,9.346453205528436,27.61245505227741,1.8106264451442993
1,All Population,1,Deaths,217,Sierra Leone,3,Both,27,Age-standardized,543,Alzheimer's disease and other dementias,169,All risk factors,2,Percent,2008,0.5060288117159224,0.7173578121751515,0.24614559046798057
1,All Population,1,Deaths,217,Sierra Leone,3,Both,27,Age-standardized,543,Alzheimer's disease and other dementias,169,All risk factors,3,Rate,2008,9.513671957629258,27.628812090399073,1.8694931966127193
1,All Population,1,Deaths,202,Cameroon,3,Both,27,Age-standardized,543,Alzheimer's disease and other dementias,169,All risk factors,2,Percent,2008,0.5110771336540778,0.7164978137791977,0.24084420292151018
1,All Population,1,Deaths,202,Cameroon,3,Both,27,Age-standardized,543,Alzheimer's disease and other dementias,169,All risk factors,3,Rate,2008,10.708125966234501,31.015368515253517,1.905139365175384
1,All Population,1,Deaths,200,Benin,3,Both,27,Age-standardized,543,Alzheimer's disease and other dementias,169,All risk factors,2,Percent,2010,0.47600799344056055,0.7009671762267564,0.20445275104180516
1,All Population,1,Deaths,200,Benin,3,Both,27,Age-standardized,543,Alzheimer's disease and other dementias,169,All risk factors,3,Rate,2010,8.515163383903573,24.285968904571675,1.4951578934533722
1,All Population,1,Deaths,215,Sao Tome and Principe,3,Both,27,Age-standardized,543,Alzheimer's disease and other dementias,169,All risk factors,2,Percent,2005,0.45880412161911766,0.6767018444068338,0.18778694364280807
1,All Population,1,Deaths,215,Sao Tome and Principe,3,Both,27,Age-standardized,543,Alzheimer's disease and other dementias,169,All risk factors,3,Rate,2005,9.365052204622568,26.725717326184434,1.5635830326201412
1,All Population,1,Deaths,216,Senegal,3,Both,27,Age-standardized,543,Alzheimer's disease and other dementias,169,All risk factors,2,Percent,2010,0.5404638569490867,0.7285867171341989,0.3129522269920514
1,All Population,1,Deaths,216,Senegal,3,Both,27,Age-standardized,543,Alzheimer's disease and other dementias,169,All risk factors,3,Rate,2010,10.538444712879121,29.961710985865984,2.0879351363601435
1,All Population,1,Deaths,207,Ghana,3,Both,27,Age-standardized,543,Alzheimer's disease and other dementias,169,All risk factors,2,Percent,2009,0.5276588579702981,0.7225647269021478,0.2949724823933284
1,All Population,1,Deaths,207,Ghana,3,Both,27,Age-standardized,543,Alzheimer's disease and other dementias,169,All risk factors,3,Rate,2009,9.418576763172096,26.043982727926814,1.9945914267433205
1,All Population,1,Deaths,210,Liberia,3,Both,27,Age-standardized,543,Alzheimer's disease and other dementias,169,All risk factors,2,Percent,2009,0.5109645438788382,0.7148439948583125,0.25101810576130507
1,All Population,1,Deaths,210,Liberia,3,Both,27,Age-standardized,543,Alzheimer's disease and other dementias,169,All risk factors,3,Rate,2009,11.78831174532926,32.91688848667606,2.205032171799872
1,All Population,1,Deaths,218,Togo,3,Both,27,Age-standardized,543,Alzheimer's disease and other dementias,169,All risk factors,2,Percent,1998,0.5084334143502957,0.7168849653149613,0.2547522945259761
1,All Population,1,Deaths,218,Togo,3,Both,27,Age-standardized,543,Alzheimer's disease and other dementias,169,All risk factors,3,Rate,1998,9.29518090079579,28.159946789302953,1.732494972615571
1,All Population,1,Deaths,211,Mali,3,Both,27,Age-standardized,543,Alzheimer's disease and other dementias,169,All risk factors,2,Percent,2009,0.5496095719089545,0.7338501632949427,0.3084029147246927
1,All Population,1,Deaths,211,Mali,3,Both,27,Age-standardized,543,Alzheimer's disease and other dementias,169,All risk factors,3,Rate,2009,9.674772599907408,26.315729317253325,1.8987716303290434
1,All Population,1,Deaths,203,Cabo Verde,3,Both,27,Age-standardized,543,Alzheimer's disease and other dementias,169,All risk factors,2,Percent,2008,0.4483161277334317,0.6461392201459316,0.21781056323974876
1,All Population,1,Deaths,203,Cabo Verde,3,Both,27,Age-standardized,543,Alzheimer's disease and other dementias,169,All risk factors,3,Rate,2008,8.008299717060654,23.725102730617074,1.5205169438225414
1,All Population,1,Deaths,216,Senegal,3,Both,27,Age-standardized,543,Alzheimer's disease and other dementias,169,All risk factors,2,Percent,2009,0.540192940633196,0.7277027271720672,0.30189569855560316
1,All Population,1,Deaths,216,Senegal,3,Both,27,Age-standardized,543,Alzheimer's disease and other dementias,169,All risk factors,3,Rate,2009,10.718148706470616,30.535087314299126,2.125457765244705
1,All Population,1,Deaths,200,Benin,3,Both,27,Age-standardized,543,Alzheimer's disease and other dementias,169,All risk factors,2,Percent,2009,0.47539855977057666,0.7018965053512183,0.20294526276648214
1,All Population,1,Deaths,200,Benin,3,Both,27,Age-standardized,543,Alzheimer's disease and other dementias,169,All risk factors,3,Rate,2009,8.467334235658534,24.620097090737193,1.45513255416893
1,All Population,1,Deaths,209,Guinea-Bissau,3,Both,27,Age-standardized,543,Alzheimer's disease and other dementias,169,All risk factors,2,Percent,2009,0.5033844062470176,0.7136361673128522,0.24630123163389833
1,All Population,1,Deaths,209,Guinea-Bissau,3,Both,27,Age-standardized,543,Alzheimer's disease and other dementias,169,All risk factors,3,Rate,2009,9.980179079381319,29.152900120253264,1.8979105656565238
1,All Population,1,Deaths,218,Togo,3,Both,27,Age-standardized,543,Alzheimer's disease and other dementias,169,All risk factors,2,Percent,2009,0.51168309325837,0.7145214952928264,0.2564679713070744
1,All Population,1,Deaths,218,Togo,3,Both,27,Age-standardized,543,Alzheimer's disease and other dementias,169,All risk factors,3,Rate,2009,9.362913916719267,27.12205837769464,1.8408043447539455
1,All Population,1,Deaths,202,Cameroon,3,Both,27,Age-standardized,543,Alzheimer's disease and other dementias,169,All risk factors,2,Percent,2009,0.5135067389128029,0.7170927640141106,0.2434844395089994
1,All Population,1,Deaths,202,Cameroon,3,Both,27,Age-standardized,543,Alzheimer's disease and other dementias,169,All risk factors,3,Rate,2009,10.868591919033946,31.17317222480088,1.9193296714028165
1,All Population,1,Deaths,207,Ghana,3,Both,27,Age-standardized,543,Alzheimer's disease and other dementias,169,All risk factors,2,Percent,2010,0.5275908645816949,0.7225591936180507,0.29373881849286476
1,All Population,1,Deaths,207,Ghana,3,Both,27,Age-standardized,543,Alzheimer's disease and other dementias,169,All risk factors,3,Rate,2010,9.496186364780147,26.128157865261294,1.9658738751902043
1,All Population,1,Deaths,212,Mauritania,3,Both,27,Age-standardized,543,Alzheimer's disease and other dementias,169,All risk factors,2,Percent,2006,0.5617404936064653,0.735964187421932,0.3581408893713004
1,All Population,1,Deaths,212,Mauritania,3,Both,27,Age-standardized,543,Alzheimer's disease and other dementias,169,All risk factors,3,Rate,2006,12.134164489626148,31.7954342641435,2.5286765730761083
1,All Population,1,Deaths,208,Guinea,3,Both,27,Age-standardized,543,Alzheimer's disease and other dementias,169,All risk factors,2,Percent,2010,0.49412928643545895,0.7100941032527859,0.22039723499264624
1,All Population,1,Deaths,208,Guinea,3,Both,27,Age-standardized,543,Alzheimer's disease and other dementias,169,All risk factors,3,Rate,2010,9.351327386443828,28.390860462656754,1.7283017150330726
1,All Population,1,Deaths,208,Guinea,3,Both,27,Age-standardized,543,Alzheimer's disease and other dementias,169,All risk factors,2,Percent,2009,0.4936984562650157,0.7097163221687262,0.2214027851468661
1,All Population,1,Deaths,208,Guinea,3,Both,27,Age-standardized,543,Alzheimer's disease and other dementias,169,All risk factors,3,Rate,2009,9.336539518955142,28.362461764429746,1.7372604769966045
1,All Population,1,Deaths,204,Chad,3,Both,27,Age-standardized,543,Alzheimer's disease and other dementias,169,All risk factors,2,Percent,2006,0.5280832153263451,0.7274662687596942,0.27838711304042246
1,All Population,1,Deaths,204,Chad,3,Both,27,Age-standardized,543,Alzheimer's disease and other dementias,169,All risk factors,3,Rate,2006,10.696090287215638,31.059934495411756,2.0976486694317855
1,All Population,1,Deaths,211,Mali,3,Both,27,Age-standardized,543,Alzheimer's disease and other dementias,169,All risk factors,2,Percent,2010,0.5497235034325423,0.7333833109359205,0.31893361231393835
1,All Population,1,Deaths,211,Mali,3,Both,27,Age-standardized,543,Alzheimer's disease and other dementias,169,All risk factors,3,Rate,2010,9.70252362127649,26.006896610640172,1.929853222100169
1,All Population,1,Deaths,205,Côte d'Ivoire,3,Both,27,Age-standardized,543,Alzheimer's disease and other dementias,169,All risk factors,2,Percent,2010,0.48286396999293857,0.6960150920642647,0.22753758922344944
1,All Population,1,Deaths,205,Côte d'Ivoire,3,Both,27,Age-standardized,543,Alzheimer's disease and other dementias,169,All risk factors,3,Rate,2010,8.328375983550492,23.813849142739652,1.6155959188332898
1,All Population,1,Deaths,203,Cabo Verde,3,Both,27,Age-standardized,543,Alzheimer's disease and other dementias,169,All risk factors,2,Percent,2009,0.443179624577646,0.6394008382428755,0.2131813383862322
1,All Population,1,Deaths,203,Cabo Verde,3,Both,27,Age-standardized,543,Alzheimer's disease and other dementias,169,All risk factors,3,Rate,2009,8.01710583289312,23.642557334578417,1.5540024210082577
1,All Population,1,Deaths,213,Niger,3,Both,27,Age-standardized,543,Alzheimer's disease and other dementias,169,All risk factors,2,Percent,2001,0.5118009137348146,0.7220712518580048,0.24534703644366573
1,All Population,1,Deaths,213,Niger,3,Both,27,Age-standardized,543,Alzheimer's disease and other dementias,169,All risk factors,3,Rate,2001,10.81660615869435,32.82297143971664,1.9458807198306252
1,All Population,1,Deaths,202,Cameroon,3,Both,27,Age-standardized,543,Alzheimer's disease and other dementias,169,All risk factors,2,Percent,2010,0.5164590951599882,0.7189406620789763,0.24685174498609852
1,All Population,1,Deaths,202,Cameroon,3,Both,27,Age-standardized,543,Alzheimer's disease and other dementias,169,All risk factors,3,Rate,2010,11.022745507725478,31.98402999073906,1.958745140777284
1,All Population,1,Deaths,215,Sao Tome and Principe,3,Both,27,Age-standardized,543,Alzheimer's disease and other dementias,169,All risk factors,2,Percent,2006,0.45609068085957744,0.6734145542625458,0.18873433287348293
1,All Population,1,Deaths,215,Sao Tome and Principe,3,Both,27,Age-standardized,543,Alzheimer's disease and other dementias,169,All risk factors,3,Rate,2006,9.54293850791127,27.919805203358184,1.5543936949576795
1,All Population,1,Deaths,218,Togo,3,Both,27,Age-standardized,543,Alzheimer's disease and other dementias,169,All risk factors,2,Percent,2010,0.5119811153936135,0.7149446844445395,0.2532392876075415
1,All Population,1,Deaths,218,Togo,3,Both,27,Age-standardized,543,Alzheimer's disease and other dementias,169,All risk factors,3,Rate,2010,9.46319974164273,27.228267496325305,1.8914362511677236
1,All Population,1,Deaths,215,Sao Tome and Principe,3,Both,27,Age-standardized,543,Alzheimer's disease and other dementias,169,All risk factors,2,Percent,1994,0.46369818722821815,0.6879914670440579,0.19037501693887046
1,All Population,1,Deaths,215,Sao Tome and Principe,3,Both,27,Age-standardized,543,Alzheimer's disease and other dementias,169,All risk factors,3,Rate,1994,8.518193644568498,24.49182602345228,1.3198610890699787
1,All Population,1,Deaths,213,Niger,3,Both,27,Age-standardized,543,Alzheimer's disease and other dementias,169,All risk factors,2,Percent,2009,0.5141012995179596,0.7231696698368376,0.24929690825660805
1,All Population,1,Deaths,213,Niger,3,Both,27,Age-standardized,543,Alzheimer's disease and other dementias,169,All risk factors,3,Rate,2009,11.287483014720154,32.7549152884383,2.1510489631762177
1,All Population,1,Deaths,210,Liberia,3,Both,27,Age-standardized,543,Alzheimer's disease and other dementias,169,All risk factors,2,Percent,2010,0.5120056766747467,0.7152919828936741,0.2508791573354693
1,All Population,1,Deaths,210,Liberia,3,Both,27,Age-standardized,543,Alzheimer's disease and other dementias,169,All risk factors,3,Rate,2010,11.894216159942784,33.486230501345545,2.27984947711461
1,All Population,1,Deaths,209,Guinea-Bissau,3,Both,27,Age-standardized,543,Alzheimer's disease and other dementias,169,All risk factors,2,Percent,2010,0.5046844241533239,0.7140684548926097,0.24789613107317388
1,All Population,1,Deaths,209,Guinea-Bissau,3,Both,27,Age-standardized,543,Alzheimer's disease and other dementias,169,All risk factors,3,Rate,2010,10.135947358346215,29.637311139086208,1.9676439216452937
1,All Population,1,Deaths,200,Benin,3,Both,27,Age-standardized,543,Alzheimer's disease and other dementias,169,All risk factors,2,Percent,2011,0.47698782478730506,0.7014372455123896,0.20562812535573682
1,All Population,1,Deaths,200,Benin,3,Both,27,Age-standardized,543,Alzheimer's disease and other dementias,169,All risk factors,3,Rate,2011,8.553874179037097,24.065407956890276,1.5175756744292528
1,All Population,1,Deaths,206,Gambia,3,Both,27,Age-standardized,543,Alzheimer's disease and other dementias,169,All risk factors,2,Percent,2009,0.529855964310145,0.7252226017953457,0.2843579460803274
1,All Population,1,Deaths,206,Gambia,3,Both,27,Age-standardized,543,Alzheimer's disease and other dementias,169,All risk factors,3,Rate,2009,8.847403145651874,24.328424445501625,1.6914231825866126
1,All Population,1,Deaths,214,Nigeria,3,Both,27,Age-standardized,543,Alzheimer's disease and other dementias,169,All risk factors,2,Percent,2009,0.4952224471395294,0.7036309163859,0.24821858384498585
1,All Population,1,Deaths,214,Nigeria,3,Both,27,Age-standardized,543,Alzheimer's disease and other dementias,169,All risk factors,3,Rate,2009,8.542166414859507,25.199439072355172,1.6046031462552537
1,All Population,1,Deaths,201,Burkina Faso,3,Both,27,Age-standardized,543,Alzheimer's disease and other dementias,169,All risk factors,2,Percent,2006,0.4584112382845154,0.6967188189297954,0.16776052147776266
1,All Population,1,Deaths,201,Burkina Faso,3,Both,27,Age-standardized,543,Alzheimer's disease and other dementias,169,All risk factors,3,Rate,2006,11.673167962839422,33.91754946535861,1.808791082762255
1,All Population,1,Deaths,213,Niger,3,Both,27,Age-standardized,543,Alzheimer's disease and other dementias,169,All risk factors,2,Percent,2010,0.5147649389220216,0.7238630887705336,0.24909518146953782
1,All Population,1,Deaths,213,Niger,3,Both,27,Age-standardized,543,Alzheimer's disease and other dementias,169,All risk factors,3,Rate,2010,11.361306428641575,32.39375890976168,2.2165065132745925
1,All Population,1,Deaths,212,Mauritania,3,Both,27,Age-standardized,543,Alzheimer's disease and other dementias,169,All risk factors,2,Percent,2008,0.56419452055948,0.7400576436915846,0.3466990147020709
1,All Population,1,Deaths,212,Mauritania,3,Both,27,Age-standardized,543,Alzheimer's disease and other dementias,169,All risk factors,3,Rate,2008,11.84226838061276,31.479055900680976,2.486922520296619
1,All Population,1,Deaths,214,Nigeria,3,Both,27,Age-standardized,543,Alzheimer's disease and other dementias,169,All risk factors,2,Percent,2010,0.4963804291423746,0.7026209903546479,0.25126079024198283
1,All Population,1,Deaths,214,Nigeria,3,Both,27,Age-standardized,543,Alzheimer's disease and other dementias,169,All risk factors,3,Rate,2010,8.696169900070652,25.20470964442543,1.6270972249343247
1,All Population,1,Deaths,205,Côte d'Ivoire,3,Both,27,Age-standardized,543,Alzheimer's disease and other dementias,169,All risk factors,2,Percent,2009,0.4823898701605405,0.6959072715261461,0.22968663767121733
1,All Population,1,Deaths,205,Côte d'Ivoire,3,Both,27,Age-standardized,543,Alzheimer's disease and other dementias,169,All risk factors,3,Rate,2009,8.314917733135099,23.48789964973478,1.6010804803040508
1,All Population,1,Deaths,208,Guinea,3,Both,27,Age-standardized,543,Alzheimer's disease and other dementias,169,All risk factors,2,Percent,2011,0.49448737453464886,0.7101994536987597,0.22086882080882209
1,All Population,1,Deaths,208,Guinea,3,Both,27,Age-standardized,543,Alzheimer's disease and other dementias,169,All risk factors,3,Rate,2011,9.325448275007812,27.848299547882,1.7537051776505044
1,All Population,1,Deaths,203,Cabo Verde,3,Both,27,Age-standardized,543,Alzheimer's disease and other dementias,169,All risk factors,2,Percent,2011,0.4449685879776701,0.6409778610322805,0.21012953973051496
1,All Population,1,Deaths,203,Cabo Verde,3,Both,27,Age-standardized,543,Alzheimer's disease and other dementias,169,All risk factors,3,Rate,2011,8.166190231608317,23.296616611355642,1.5420025828754222
1,All Population,1,Deaths,205,Côte d'Ivoire,3,Both,27,Age-standardized,543,Alzheimer's disease and other dementias,169,All risk factors,2,Percent,2011,0.4836998650769534,0.6961971023958649,0.23193440145215552
1,All Population,1,Deaths,205,Côte d'Ivoire,3,Both,27,Age-standardized,543,Alzheimer's disease and other dementias,169,All risk factors,3,Rate,2011,8.259087392790839,23.499803824542898,1.6119545826200121
1,All Population,1,Deaths,211,Mali,3,Both,27,Age-standardized,543,Alzheimer's disease and other dementias,169,All risk factors,2,Percent,2011,0.5497932334339591,0.7342629093804064,0.30974446373808523
1,All Population,1,Deaths,211,Mali,3,Both,27,Age-standardized,543,Alzheimer's disease and other dementias,169,All risk factors,3,Rate,2011,9.742488787244195,26.010177946945202,1.901342005366784
1,All Population,1,Deaths,212,Mauritania,3,Both,27,Age-standardized,543,Alzheimer's disease and other dementias,169,All risk factors,2,Percent,2007,0.5631732560241518,0.7350462510828562,0.3544640485108568
1,All Population,1,Deaths,212,Mauritania,3,Both,27,Age-standardized,543,Alzheimer's disease and other dementias,169,All risk factors,3,Rate,2007,11.98032361344619,31.775903417514385,2.522535447844851
1,All Population,1,Deaths,211,Mali,3,Both,27,Age-standardized,543,Alzheimer's disease and other dementias,169,All risk factors,2,Percent,2012,0.5499953149854472,0.733877169851375,0.3109913231194527
1,All Population,1,Deaths,211,Mali,3,Both,27,Age-standardized,543,Alzheimer's disease and other dementias,169,All risk factors,3,Rate,2012,9.534493775244279,25.51210215475618,1.8570170809537283
1,All Population,1,Deaths,209,Guinea-Bissau,3,Both,27,Age-standardized,543,Alzheimer's disease and other dementias,169,All risk factors,2,Percent,2011,0.5058899086322508,0.7149976924599449,0.2475608952016548
1,All Population,1,Deaths,209,Guinea-Bissau,3,Both,27,Age-standardized,543,Alzheimer's disease and other dementias,169,All risk factors,3,Rate,2011,10.244004980649342,29.690829080470834,2.031044826247561
1,All Population,1,Deaths,203,Cabo Verde,3,Both,27,Age-standardized,543,Alzheimer's disease and other dementias,169,All risk factors,2,Percent,2010,0.44195268176206837,0.6374334229240405,0.21188242373483587
1,All Population,1,Deaths,203,Cabo Verde,3,Both,27,Age-standardized,543,Alzheimer's disease and other dementias,169,All risk factors,3,Rate,2010,8.081940642418116,23.698303615655284,1.556595772570312
1,All Population,1,Deaths,217,Sierra Leone,3,Both,27,Age-standardized,543,Alzheimer's disease and other dementias,169,All risk factors,2,Percent,2009,0.5068950708418826,0.718544351566271,0.24885007048819272
1,All Population,1,Deaths,217,Sierra Leone,3,Both,27,Age-standardized,543,Alzheimer's disease and other dementias,169,All risk factors,3,Rate,2009,9.699916134866235,27.736288266281633,1.9238874916618902
1,All Population,1,Deaths,214,Nigeria,3,Both,27,Age-standardized,543,Alzheimer's disease and other dementias,169,All risk factors,2,Percent,2011,0.4979650875114426,0.7027469731563424,0.2522958310392542
1,All Population,1,Deaths,214,Nigeria,3,Both,27,Age-standardized,543,Alzheimer's disease and other dementias,169,All risk factors,3,Rate,2011,8.702515530248018,24.95088941932077,1.646693493479534
1,All Population,1,Deaths,217,Sierra Leone,3,Both,27,Age-standardized,543,Alzheimer's disease and other dementias,169,All risk factors,2,Percent,2010,0.5076398701391693,0.7171146543074378,0.24874830801917733
1,All Population,1,Deaths,217,Sierra Leone,3,Both,27,Age-standardized,543,Alzheimer's disease and other dementias,169,All risk factors,3,Rate,2010,9.934601504632969,28.220323332585394,1.959921963912751
1,All Population,1,Deaths,206,Gambia,3,Both,27,Age-standardized,543,Alzheimer's disease and other dementias,169,All risk factors,2,Percent,2010,0.5307402187449746,0.7257811309565192,0.28529331526926394
1,All Population,1,Deaths,206,Gambia,3,Both,27,Age-standardized,543,Alzheimer's disease and other dementias,169,All risk factors,3,Rate,2010,8.830836390509544,24.164915901847287,1.6876887268428613
1,All Population,1,Deaths,201,Burkina Faso,3,Both,27,Age-standardized,543,Alzheimer's disease and other dementias,169,All risk factors,2,Percent,2007,0.45821911602839405,0.6960489587843597,0.1681536792332148
1,All Population,1,Deaths,201,Burkina Faso,3,Both,27,Age-standardized,543,Alzheimer's disease and other dementias,169,All risk factors,3,Rate,2007,11.470692824507756,33.763636100620296,1.7956362394939167
1,All Population,1,Deaths,206,Gambia,3,Both,27,Age-standardized,543,Alzheimer's disease and other dementias,169,All risk factors,2,Percent,2011,0.5318798336895256,0.7263001131656179,0.28116336462158376
1,All Population,1,Deaths,206,Gambia,3,Both,27,Age-standardized,543,Alzheimer's disease and other dementias,169,All risk factors,3,Rate,2011,8.436630697223904,23.492814468041153,1.6508732244128757
1,All Population,1,Deaths,216,Senegal,3,Both,27,Age-standardized,543,Alzheimer's disease and other dementias,169,All risk factors,2,Percent,2011,0.5416026156526271,0.730801704659072,0.30404810399077226
1,All Population,1,Deaths,216,Senegal,3,Both,27,Age-standardized,543,Alzheimer's disease and other dementias,169,All risk factors,3,Rate,2011,10.68511147526156,30.29643723721273,2.2058290075350198
1,All Population,1,Deaths,216,Senegal,3,Both,27,Age-standardized,543,Alzheimer's disease and other dementias,169,All risk factors,2,Percent,2012,0.5428287227130537,0.7324951495423763,0.31752927564590344
1,All Population,1,Deaths,216,Senegal,3,Both,27,Age-standardized,543,Alzheimer's disease and other dementias,169,All risk factors,3,Rate,2012,10.487452767999725,29.54790019049714,2.1568893617072686
1,All Population,1,Deaths,207,Ghana,3,Both,27,Age-standardized,543,Alzheimer's disease and other dementias,169,All risk factors,2,Percent,2011,0.5279897838407459,0.7231239540399261,0.29526850831590823
1,All Population,1,Deaths,207,Ghana,3,Both,27,Age-standardized,543,Alzheimer's disease and other dementias,169,All risk factors,3,Rate,2011,9.533823970488484,26.104344539731226,1.943802166727936
1,All Population,1,Deaths,213,Niger,3,Both,27,Age-standardized,543,Alzheimer's disease and other dementias,169,All risk factors,2,Percent,2011,0.5154451512449858,0.7243212199809306,0.25067902029293443
1,All Population,1,Deaths,213,Niger,3,Both,27,Age-standardized,543,Alzheimer's disease and other dementias,169,All risk factors,3,Rate,2011,11.397225187377321,32.10092407617411,2.2257970275355077
1,All Population,1,Deaths,202,Cameroon,3,Both,27,Age-standardized,543,Alzheimer's disease and other dementias,169,All risk factors,2,Percent,2011,0.5194078380352285,0.720969443434671,0.24901359375151752
1,All Population,1,Deaths,202,Cameroon,3,Both,27,Age-standardized,543,Alzheimer's disease and other dementias,169,All risk factors,3,Rate,2011,11.126248112234007,32.421951910145445,1.993045218753475
1,All Population,1,Deaths,201,Burkina Faso,3,Both,27,Age-standardized,543,Alzheimer's disease and other dementias,169,All risk factors,2,Percent,2008,0.4581066209009796,0.6957844932358022,0.1676032932062308
1,All Population,1,Deaths,201,Burkina Faso,3,Both,27,Age-standardized,543,Alzheimer's disease and other dementias,169,All risk factors,3,Rate,2008,11.712372111273211,34.58109658049586,1.8386193292305
1,All Population,1,Deaths,200,Benin,3,Both,27,Age-standardized,543,Alzheimer's disease and other dementias,169,All risk factors,2,Percent,2012,0.47763869856062735,0.7022289600476663,0.20613152320077868
1,All Population,1,Deaths,200,Benin,3,Both,27,Age-standardized,543,Alzheimer's disease and other dementias,169,All risk factors,3,Rate,2012,8.493744900880909,23.95057544545484,1.474696901470325
1,All Population,1,Deaths,205,Côte d'Ivoire,3,Both,27,Age-standardized,543,Alzheimer's disease and other dementias,169,All risk factors,2,Percent,2012,0.4838850771937783,0.6959630579819976,0.23372865662660544
1,All Population,1,Deaths,205,Côte d'Ivoire,3,Both,27,Age-standardized,543,Alzheimer's disease and other dementias,169,All risk factors,3,Rate,2012,8.306493427791134,23.172791910799525,1.6085479682308417
1,All Population,1,Deaths,215,Sao Tome and Principe,3,Both,27,Age-standardized,543,Alzheimer's disease and other dementias,169,All risk factors,2,Percent,2007,0.451564947553685,0.6669883299957536,0.18484454615581403
1,All Population,1,Deaths,215,Sao Tome and Principe,3,Both,27,Age-standardized,543,Alzheimer's disease and other dementias,169,All risk factors,3,Rate,2007,9.622118974184835,28.51488436517202,1.49374641467561
1,All Population,1,Deaths,214,Nigeria,3,Both,27,Age-standardized,543,Alzheimer's disease and other dementias,169,All risk factors,2,Percent,2012,0.4990407746757783,0.7033153095833897,0.2515834347311475
1,All Population,1,Deaths,214,Nigeria,3,Both,27,Age-standardized,543,Alzheimer's disease and other dementias,169,All risk factors,3,Rate,2012,8.72001257446872,25.524334432251088,1.675029137159754
1,All Population,1,Deaths,204,Chad,3,Both,27,Age-standardized,543,Alzheimer's disease and other dementias,169,All risk factors,2,Percent,2007,0.527637994294053,0.7282742980834417,0.2783278771183898
1,All Population,1,Deaths,204,Chad,3,Both,27,Age-standardized,543,Alzheimer's disease and other dementias,169,All risk factors,3,Rate,2007,10.64634084523133,30.831022609303204,2.1437226991006977
1,All Population,1,Deaths,209,Guinea-Bissau,3,Both,27,Age-standardized,543,Alzheimer's disease and other dementias,169,All risk factors,2,Percent,2012,0.5063504692409936,0.7147387904871478,0.24749598567938547
1,All Population,1,Deaths,209,Guinea-Bissau,3,Both,27,Age-standardized,543,Alzheimer's disease and other dementias,169,All risk factors,3,Rate,2012,10.290109093554292,29.775359855495548,1.9846782780769894
1,All Population,1,Deaths,208,Guinea,3,Both,27,Age-standardized,543,Alzheimer's disease and other dementias,169,All risk factors,2,Percent,2012,0.4946948013758479,0.7102782220219435,0.22430429963801363
1,All Population,1,Deaths,208,Guinea,3,Both,27,Age-standardized,543,Alzheimer's disease and other dementias,169,All risk factors,3,Rate,2012,9.31252283035689,26.985192109396106,1.7497044667810642
1,All Population,1,Deaths,215,Sao Tome and Principe,3,Both,27,Age-standardized,543,Alzheimer's disease and other dementias,169,All risk factors,2,Percent,2008,0.4465513167912434,0.6586081965042698,0.18524978458694477
1,All Population,1,Deaths,215,Sao Tome and Principe,3,Both,27,Age-standardized,543,Alzheimer's disease and other dementias,169,All risk factors,3,Rate,2008,9.62245573944225,28.742846816986653,1.4404526036356107
1,All Population,1,Deaths,218,Togo,3,Both,27,Age-standardized,543,Alzheimer's disease and other dementias,169,All risk factors,2,Percent,2011,0.5125855021071893,0.7153153181927567,0.2548465577181791
1,All Population,1,Deaths,218,Togo,3,Both,27,Age-standardized,543,Alzheimer's disease and other dementias,169,All risk factors,3,Rate,2011,9.555305395553706,27.512396221536132,1.8373528483974113
1,All Population,1,Deaths,210,Liberia,3,Both,27,Age-standardized,543,Alzheimer's disease and other dementias,169,All risk factors,2,Percent,2011,0.512846078924994,0.7155658408077905,0.2549607261182105
1,All Population,1,Deaths,210,Liberia,3,Both,27,Age-standardized,543,Alzheimer's disease and other dementias,169,All risk factors,3,Rate,2011,11.738776956275785,33.09628806635178,2.2212480472660223
1,All Population,1,Deaths,207,Ghana,3,Both,27,Age-standardized,543,Alzheimer's disease and other dementias,169,All risk factors,2,Percent,2012,0.5286938335739013,0.7236823826744381,0.29551931214216376
1,All Population,1,Deaths,207,Ghana,3,Both,27,Age-standardized,543,Alzheimer's disease and other dementias,169,All risk factors,3,Rate,2012,9.551972405673256,26.8191670914495,1.9419197116827742
1,All Population,1,Deaths,212,Mauritania,3,Both,27,Age-standardized,543,Alzheimer's disease and other dementias,169,All risk factors,2,Percent,2009,0.5652823208652591,0.734973549949653,0.3472142759307941
1,All Population,1,Deaths,212,Mauritania,3,Both,27,Age-standardized,543,Alzheimer's disease and other dementias,169,All risk factors,3,Rate,2009,12.2229822999288,32.528044547836615,2.621616962622601
1,All Population,1,Deaths,204,Chad,3,Both,27,Age-standardized,543,Alzheimer's disease and other dementias,169,All risk factors,2,Percent,2008,0.527763501069407,0.7272503445882397,0.27601298535726293
1,All Population,1,Deaths,204,Chad,3,Both,27,Age-standardized,543,Alzheimer's disease and other dementias,169,All risk factors,3,Rate,2008,10.665905083115693,31.16464805286883,2.14347160044536
1,All Population,1,Deaths,204,Chad,3,Both,27,Age-standardized,543,Alzheimer's disease and other dementias,169,All risk factors,2,Percent,2009,0.5275373321174834,0.7272295125981056,0.2747499510810438
1,All Population,1,Deaths,204,Chad,3,Both,27,Age-standardized,543,Alzheimer's disease and other dementias,169,All risk factors,3,Rate,2009,10.700887431042709,30.900620561811554,2.1607178722389535
1,All Population,1,Deaths,203,Cabo Verde,3,Both,27,Age-standardized,543,Alzheimer's disease and other dementias,169,All risk factors,2,Percent,2012,0.451418245040732,0.6480661161624557,0.21276596070194964
1,All Population,1,Deaths,203,Cabo Verde,3,Both,27,Age-standardized,543,Alzheimer's disease and other dementias,169,All risk factors,3,Rate,2012,8.374295559464121,23.622943979479086,1.5746902655879877
1,All Population,1,Deaths,217,Sierra Leone,3,Both,27,Age-standardized,543,Alzheimer's disease and other dementias,169,All risk factors,2,Percent,2011,0.5081107113761395,0.7170825811448218,0.2498592246983238
1,All Population,1,Deaths,217,Sierra Leone,3,Both,27,Age-standardized,543,Alzheimer's disease and other dementias,169,All risk factors,3,Rate,2011,10.018464279298984,28.540962771114867,2.0051396876029495
1,All Population,1,Deaths,212,Mauritania,3,Both,27,Age-standardized,543,Alzheimer's disease and other dementias,169,All risk factors,2,Percent,2010,0.5660890697447876,0.7416294153614709,0.3434360326212056
1,All Population,1,Deaths,212,Mauritania,3,Both,27,Age-standardized,543,Alzheimer's disease and other dementias,169,All risk factors,3,Rate,2010,12.29095832550116,32.781360278172095,2.6944102454980063
1,All Population,1,Deaths,200,Benin,3,Both,27,Age-standardized,543,Alzheimer's disease and other dementias,169,All risk factors,2,Percent,2013,0.4785291585462502,0.7024347193797815,0.20593787978288758
1,All Population,1,Deaths,200,Benin,3,Both,27,Age-standardized,543,Alzheimer's disease and other dementias,169,All risk factors,3,Rate,2013,8.615740597336872,24.72075810481827,1.4531797931130972
1,All Population,1,Deaths,206,Gambia,3,Both,27,Age-standardized,543,Alzheimer's disease and other dementias,169,All risk factors,2,Percent,2012,0.5322318016589757,0.7259742425079434,0.2829772537134704
1,All Population,1,Deaths,206,Gambia,3,Both,27,Age-standardized,543,Alzheimer's disease and other dementias,169,All risk factors,3,Rate,2012,8.415709336385554,23.6429177804175,1.6616073516096241
1,All Population,1,Deaths,213,Niger,3,Both,27,Age-standardized,543,Alzheimer's disease and other dementias,169,All risk factors,2,Percent,2012,0.5158095322142103,0.723878062640256,0.24977673493468144
1,All Population,1,Deaths,213,Niger,3,Both,27,Age-standardized,543,Alzheimer's disease and other dementias,169,All risk factors,3,Rate,2012,11.463180597739608,32.440959994610616,2.1996464116005585
1,All Population,1,Deaths,202,Cameroon,3,Both,27,Age-standardized,543,Alzheimer's disease and other dementias,169,All risk factors,2,Percent,2012,0.5220535375309703,0.7226286789834322,0.2524102977418172
1,All Population,1,Deaths,202,Cameroon,3,Both,27,Age-standardized,543,Alzheimer's disease and other dementias,169,All risk factors,3,Rate,2012,11.129275815030898,32.22618834196932,2.002447131192072
1,All Population,1,Deaths,211,Mali,3,Both,27,Age-standardized,543,Alzheimer's disease and other dementias,169,All risk factors,2,Percent,2013,0.5503883135762215,0.7342643087547893,0.30827569333871374
1,All Population,1,Deaths,211,Mali,3,Both,27,Age-standardized,543,Alzheimer's disease and other dementias,169,All risk factors,3,Rate,2013,9.783719780159078,26.18679064543836,1.8247160288217104
1,All Population,1,Deaths,218,Togo,3,Both,27,Age-standardized,543,Alzheimer's disease and other dementias,169,All risk factors,2,Percent,2012,0.5134912257696448,0.7162369741912631,0.25567644359754305
1,All Population,1,Deaths,218,Togo,3,Both,27,Age-standardized,543,Alzheimer's disease and other dementias,169,All risk factors,3,Rate,2012,9.513450238256935,26.90711551966439,1.7922234874551315
1,All Population,1,Deaths,201,Burkina Faso,3,Both,27,Age-standardized,543,Alzheimer's disease and other dementias,169,All risk factors,2,Percent,2009,0.45815004180285196,0.6957729817921512,0.16914400133271582
1,All Population,1,Deaths,201,Burkina Faso,3,Both,27,Age-standardized,543,Alzheimer's disease and other dementias,169,All risk factors,3,Rate,2009,11.768169544629066,34.46334194634872,1.89433862959368
1,All Population,1,Deaths,210,Liberia,3,Both,27,Age-standardized,543,Alzheimer's disease and other dementias,169,All risk factors,2,Percent,2012,0.5138432257549255,0.7163657259650645,0.2554715580777375
1,All Population,1,Deaths,210,Liberia,3,Both,27,Age-standardized,543,Alzheimer's disease and other dementias,169,All risk factors,3,Rate,2012,11.939308128343466,33.49909254554094,2.2088711832100394
1,All Population,1,Deaths,200,Benin,3,Both,27,Age-standardized,543,Alzheimer's disease and other dementias,169,All risk factors,2,Percent,2014,0.47950352128811635,0.7033542632734795,0.2102244624813478
1,All Population,1,Deaths,200,Benin,3,Both,27,Age-standardized,543,Alzheimer's disease and other dementias,169,All risk factors,3,Rate,2014,8.523280626814696,24.335625252559304,1.4415090065797134
1,All Population,1,Deaths,215,Sao Tome and Principe,3,Both,27,Age-standardized,543,Alzheimer's disease and other dementias,169,All risk factors,2,Percent,2009,0.44364179171225804,0.6523998654454506,0.1871635928310822
1,All Population,1,Deaths,215,Sao Tome and Principe,3,Both,27,Age-standardized,543,Alzheimer's disease and other dementias,169,All risk factors,3,Rate,2009,9.721540725116968,29.01665025631689,1.4675743800821246
1,All Population,1,Deaths,215,Sao Tome and Principe,3,Both,27,Age-standardized,543,Alzheimer's disease and other dementias,169,All risk factors,2,Percent,2010,0.443189701388443,0.6497268750565849,0.18904975552558104
1,All Population,1,Deaths,215,Sao Tome and Principe,3,Both,27,Age-standardized,543,Alzheimer's disease and other dementias,169,All risk factors,3,Rate,2010,10.008792926336966,29.42518351081935,1.5272104096225576
1,All Population,1,Deaths,205,Côte d'Ivoire,3,Both,27,Age-standardized,543,Alzheimer's disease and other dementias,169,All risk factors,2,Percent,2013,0.48406246485817767,0.6967797173470931,0.23195268716525336
1,All Population,1,Deaths,205,Côte d'Ivoire,3,Both,27,Age-standardized,543,Alzheimer's disease and other dementias,169,All risk factors,3,Rate,2013,8.581243329848801,23.871072311946254,1.6498985075151091
1,All Population,1,Deaths,216,Senegal,3,Both,27,Age-standardized,543,Alzheimer's disease and other dementias,169,All risk factors,2,Percent,2013,0.5434902017264204,0.7303048796043822,0.3165505766429658
1,All Population,1,Deaths,216,Senegal,3,Both,27,Age-standardized,543,Alzheimer's disease and other dementias,169,All risk factors,3,Rate,2013,10.989194605078698,31.09483647470505,2.2158896535508052
1,All Population,1,Deaths,204,Chad,3,Both,27,Age-standardized,543,Alzheimer's disease and other dementias,169,All risk factors,2,Percent,2010,0.5273101898948752,0.7267361043026883,0.272436894186406
1,All Population,1,Deaths,204,Chad,3,Both,27,Age-standardized,543,Alzheimer's disease and other dementias,169,All risk factors,3,Rate,2010,10.791802633610756,30.190078797184892,2.2251624516095507
1,All Population,1,Deaths,217,Sierra Leone,3,Both,27,Age-standardized,543,Alzheimer's disease and other dementias,169,All risk factors,2,Percent,2012,0.508189589068115,0.7172525885243983,0.24624072059218838
1,All Population,1,Deaths,217,Sierra Leone,3,Both,27,Age-standardized,543,Alzheimer's disease and other dementias,169,All risk factors,3,Rate,2012,10.248434387691308,29.422607801985325,2.0537065245385158
1,All Population,1,Deaths,201,Burkina Faso,3,Both,27,Age-standardized,543,Alzheimer's disease and other dementias,169,All risk factors,2,Percent,2010,0.4580515071861802,0.6955508225291992,0.17034825762397865
1,All Population,1,Deaths,201,Burkina Faso,3,Both,27,Age-standardized,543,Alzheimer's disease and other dementias,169,All risk factors,3,Rate,2010,11.759836038669755,34.28056662344729,1.9233382497888438
1,All Population,1,Deaths,213,Niger,3,Both,27,Age-standardized,543,Alzheimer's disease and other dementias,169,All risk factors,2,Percent,2013,0.5158884589167098,0.7248814846993228,0.24850189382844387
1,All Population,1,Deaths,213,Niger,3,Both,27,Age-standardized,543,Alzheimer's disease and other dementias,169,All risk factors,3,Rate,2013,11.633079786901481,32.90040835878738,2.186135010551587
1,All Population,1,Deaths,210,Liberia,3,Both,27,Age-standardized,543,Alzheimer's disease and other dementias,169,All risk factors,2,Percent,2013,0.5147073971246207,0.7186954127237544,0.2557009998099546
1,All Population,1,Deaths,210,Liberia,3,Both,27,Age-standardized,543,Alzheimer's disease and other dementias,169,All risk factors,3,Rate,2013,12.083310137968567,34.15519602939646,2.2363048518443684
1,All Population,1,Deaths,205,Côte d'Ivoire,3,Both,27,Age-standardized,543,Alzheimer's disease and other dementias,169,All risk factors,2,Percent,2014,0.48438189795494024,0.6970621870728795,0.2318084660879557
1,All Population,1,Deaths,205,Côte d'Ivoire,3,Both,27,Age-standardized,543,Alzheimer's disease and other dementias,169,All risk factors,3,Rate,2014,8.557150795192838,23.9799175485498,1.623934533503702
1,All Population,1,Deaths,218,Togo,3,Both,27,Age-standardized,543,Alzheimer's disease and other dementias,169,All risk factors,2,Percent,2013,0.5143418917796821,0.7179090325685978,0.2577413634508658
1,All Population,1,Deaths,218,Togo,3,Both,27,Age-standardized,543,Alzheimer's disease and other dementias,169,All risk factors,3,Rate,2013,9.680995236736061,27.217558206576516,1.8317078622518315
1,All Population,1,Deaths,206,Gambia,3,Both,27,Age-standardized,543,Alzheimer's disease and other dementias,169,All risk factors,2,Percent,2013,0.5331514520033457,0.728253313992952,0.2823448701604221
1,All Population,1,Deaths,206,Gambia,3,Both,27,Age-standardized,543,Alzheimer's disease and other dementias,169,All risk factors,3,Rate,2013,8.766625445763713,24.664294859796087,1.6952230121305847
1,All Population,1,Deaths,202,Cameroon,3,Both,27,Age-standardized,543,Alzheimer's disease and other dementias,169,All risk factors,2,Percent,2013,0.5235504891630959,0.7230762882256458,0.2529380511950911
1,All Population,1,Deaths,202,Cameroon,3,Both,27,Age-standardized,543,Alzheimer's disease and other dementias,169,All risk factors,3,Rate,2013,11.202581563975281,32.37758353396016,1.988211611409291
1,All Population,1,Deaths,209,Guinea-Bissau,3,Both,27,Age-standardized,543,Alzheimer's disease and other dementias,169,All risk factors,2,Percent,2013,0.506705654613545,0.7145594009861875,0.2466791029430919
1,All Population,1,Deaths,209,Guinea-Bissau,3,Both,27,Age-standardized,543,Alzheimer's disease and other dementias,169,All risk factors,3,Rate,2013,10.532592461738746,29.869587921810254,1.9438722688847632
1,All Population,1,Deaths,211,Mali,3,Both,27,Age-standardized,543,Alzheimer's disease and other dementias,169,All risk factors,2,Percent,2014,0.5502945455242677,0.7340260461837498,0.30805295633899077
1,All Population,1,Deaths,211,Mali,3,Both,27,Age-standardized,543,Alzheimer's disease and other dementias,169,All risk factors,3,Rate,2014,9.606495251467367,26.485980941273638,1.79181368089203
1,All Population,1,Deaths,217,Sierra Leone,3,Both,27,Age-standardized,543,Alzheimer's disease and other dementias,169,All risk factors,2,Percent,2013,0.5080000449070463,0.7182195464585579,0.24663607107140312
1,All Population,1,Deaths,217,Sierra Leone,3,Both,27,Age-standardized,543,Alzheimer's disease and other dementias,169,All risk factors,3,Rate,2013,10.397554238636047,30.252492915910008,2.032871132086237
1,All Population,1,Deaths,216,Senegal,3,Both,27,Age-standardized,543,Alzheimer's disease and other dementias,169,All risk factors,2,Percent,2014,0.544355284482622,0.732163784859202,0.30947011207586617
1,All Population,1,Deaths,216,Senegal,3,Both,27,Age-standardized,543,Alzheimer's disease and other dementias,169,All risk factors,3,Rate,2014,11.198681455365806,31.303313152688574,2.1975383596036653
1,All Population,1,Deaths,208,Guinea,3,Both,27,Age-standardized,543,Alzheimer's disease and other dementias,169,All risk factors,2,Percent,2013,0.49493992247174295,0.7100088691722583,0.22824129804125792
1,All Population,1,Deaths,208,Guinea,3,Both,27,Age-standardized,543,Alzheimer's disease and other dementias,169,All risk factors,3,Rate,2013,9.44272910371818,27.565863360286926,1.7427258731413873
1,All Population,1,Deaths,214,Nigeria,3,Both,27,Age-standardized,543,Alzheimer's disease and other dementias,169,All risk factors,2,Percent,2013,0.500063472377708,0.7046613724844623,0.25129580118512906
1,All Population,1,Deaths,214,Nigeria,3,Both,27,Age-standardized,543,Alzheimer's disease and other dementias,169,All risk factors,3,Rate,2013,8.965588993906987,26.092834483618702,1.7093608560311127
1,All Population,1,Deaths,207,Ghana,3,Both,27,Age-standardized,543,Alzheimer's disease and other dementias,169,All risk factors,2,Percent,2013,0.5292401999140172,0.7237553900454774,0.29520666004901985
1,All Population,1,Deaths,207,Ghana,3,Both,27,Age-standardized,543,Alzheimer's disease and other dementias,169,All risk factors,3,Rate,2013,9.836555706068118,27.685767850399944,1.9256291535390129
1,All Population,1,Deaths,203,Cabo Verde,3,Both,27,Age-standardized,543,Alzheimer's disease and other dementias,169,All risk factors,2,Percent,2014,0.4643443327466415,0.6650567094927569,0.2195098003844721
1,All Population,1,Deaths,203,Cabo Verde,3,Both,27,Age-standardized,543,Alzheimer's disease and other dementias,169,All risk factors,3,Rate,2014,9.448056313647179,26.176700338124917,1.7884094003138613
1,All Population,1,Deaths,203,Cabo Verde,3,Both,27,Age-standardized,543,Alzheimer's disease and other dementias,169,All risk factors,2,Percent,2013,0.45848055203944,0.6579449939848037,0.21642641614435046
1,All Population,1,Deaths,203,Cabo Verde,3,Both,27,Age-standardized,543,Alzheimer's disease and other dementias,169,All risk factors,3,Rate,2013,8.881252217765661,24.725918700510444,1.701522481686832
1,All Population,1,Deaths,214,Nigeria,3,Both,27,Age-standardized,543,Alzheimer's disease and other dementias,169,All risk factors,2,Percent,2014,0.5013006980378847,0.7060323023114586,0.2504618154568077
1,All Population,1,Deaths,214,Nigeria,3,Both,27,Age-standardized,543,Alzheimer's disease and other dementias,169,All risk factors,3,Rate,2014,8.941031081135332,25.690861653164912,1.7146335934041632
1,All Population,1,Deaths,218,Togo,3,Both,27,Age-standardized,543,Alzheimer's disease and other dementias,169,All risk factors,2,Percent,2014,0.5149740274398368,0.7174854774089419,0.2604169963371442
1,All Population,1,Deaths,218,Togo,3,Both,27,Age-standardized,543,Alzheimer's disease and other dementias,169,All risk factors,3,Rate,2014,9.57209832515606,26.875494112866644,1.8154444880209744
1,All Population,1,Deaths,202,Cameroon,3,Both,27,Age-standardized,543,Alzheimer's disease and other dementias,169,All risk factors,2,Percent,2014,0.525237675839758,0.7230792505077084,0.254482959440202
1,All Population,1,Deaths,202,Cameroon,3,Both,27,Age-standardized,543,Alzheimer's disease and other dementias,169,All risk factors,3,Rate,2014,11.134547847987294,32.17140412939397,2.013225372795508
1,All Population,1,Deaths,207,Ghana,3,Both,27,Age-standardized,543,Alzheimer's disease and other dementias,169,All risk factors,2,Percent,2014,0.5295996142668163,0.7229978859810791,0.2939905115380329
1,All Population,1,Deaths,207,Ghana,3,Both,27,Age-standardized,543,Alzheimer's disease and other dementias,169,All risk factors,3,Rate,2014,9.87804029140643,28.43154838633071,1.9458028767835756
1,All Population,1,Deaths,200,Benin,3,Both,27,Age-standardized,543,Alzheimer's disease and other dementias,169,All risk factors,2,Percent,2015,0.48026031033529337,0.7041632815708083,0.20990878042865094
1,All Population,1,Deaths,200,Benin,3,Both,27,Age-standardized,543,Alzheimer's disease and other dementias,169,All risk factors,3,Rate,2015,8.348003583150758,23.22908707945837,1.4071237300906194
1,All Population,1,Deaths,210,Liberia,3,Both,27,Age-standardized,543,Alzheimer's disease and other dementias,169,All risk factors,2,Percent,2014,0.51563625907246,0.7189768967228356,0.2535856256473606
1,All Population,1,Deaths,210,Liberia,3,Both,27,Age-standardized,543,Alzheimer's disease and other dementias,169,All risk factors,3,Rate,2014,11.754027511088537,32.88045313779891,2.1971769510931876
1,All Population,1,Deaths,212,Mauritania,3,Both,27,Age-standardized,543,Alzheimer's disease and other dementias,169,All risk factors,2,Percent,2011,0.5670716627314579,0.7347744996138026,0.34467499623977066
1,All Population,1,Deaths,212,Mauritania,3,Both,27,Age-standardized,543,Alzheimer's disease and other dementias,169,All risk factors,3,Rate,2011,12.324271704067371,32.92992147561509,2.668320147985803
1,All Population,1,Deaths,211,Mali,3,Both,27,Age-standardized,543,Alzheimer's disease and other dementias,169,All risk factors,2,Percent,2015,0.5505015882214834,0.7349450837740885,0.31123017382616036
1,All Population,1,Deaths,211,Mali,3,Both,27,Age-standardized,543,Alzheimer's disease and other dementias,169,All risk factors,3,Rate,2015,9.576642672101602,26.746983223043188,1.7235762288921388
1,All Population,1,Deaths,205,Côte d'Ivoire,3,Both,27,Age-standardized,543,Alzheimer's disease and other dementias,169,All risk factors,2,Percent,2015,0.48424711698457756,0.6971777364680922,0.2328006753088225
1,All Population,1,Deaths,205,Côte d'Ivoire,3,Both,27,Age-standardized,543,Alzheimer's disease and other dementias,169,All risk factors,3,Rate,2015,8.491774491103069,23.54522546781142,1.5886810482255125
1,All Population,1,Deaths,201,Burkina Faso,3,Both,27,Age-standardized,543,Alzheimer's disease and other dementias,169,All risk factors,2,Percent,2011,0.45766194037315033,0.6949149110210908,0.1696210251907933
1,All Population,1,Deaths,201,Burkina Faso,3,Both,27,Age-standardized,543,Alzheimer's disease and other dementias,169,All risk factors,3,Rate,2011,11.75776407127616,34.02622423651093,1.9289250704176468
1,All Population,1,Deaths,209,Guinea-Bissau,3,Both,27,Age-standardized,543,Alzheimer's disease and other dementias,169,All risk factors,2,Percent,2014,0.5068966823257476,0.7152431522999874,0.24652813134128965
1,All Population,1,Deaths,209,Guinea-Bissau,3,Both,27,Age-standardized,543,Alzheimer's disease and other dementias,169,All risk factors,3,Rate,2014,10.533307145195996,29.534607507699413,1.9164177172651828
1,All Population,1,Deaths,208,Guinea,3,Both,27,Age-standardized,543,Alzheimer's disease and other dementias,169,All risk factors,2,Percent,2014,0.4950788960480977,0.7100175819584786,0.2284436274054812
1,All Population,1,Deaths,208,Guinea,3,Both,27,Age-standardized,543,Alzheimer's disease and other dementias,169,All risk factors,3,Rate,2014,9.380432624795855,27.27258967061029,1.7017847756153643
1,All Population,1,Deaths,208,Guinea,3,Both,27,Age-standardized,543,Alzheimer's disease and other dementias,169,All risk factors,2,Percent,2015,0.49522458851583967,0.7100427409719442,0.2231318885369009
1,All Population,1,Deaths,208,Guinea,3,Both,27,Age-standardized,543,Alzheimer's disease and other dementias,169,All risk factors,3,Rate,2015,9.275227135187434,26.68877330288389,1.6479283349025913
1,All Population,1,Deaths,213,Niger,3,Both,27,Age-standardized,543,Alzheimer's disease and other dementias,169,All risk factors,2,Percent,2014,0.5160179057647035,0.7248827250770051,0.247831374169411
1,All Population,1,Deaths,213,Niger,3,Both,27,Age-standardized,543,Alzheimer's disease and other dementias,169,All risk factors,3,Rate,2014,11.509954409561614,33.12780351361607,2.1378018067676465
1,All Population,1,Deaths,212,Mauritania,3,Both,27,Age-standardized,543,Alzheimer's disease and other dementias,169,All risk factors,2,Percent,2012,0.567558752024765,0.7385716577669735,0.3472948219866867
1,All Population,1,Deaths,212,Mauritania,3,Both,27,Age-standardized,543,Alzheimer's disease and other dementias,169,All risk factors,3,Rate,2012,12.374301699965963,32.95516325232609,2.639858981197377
1,All Population,1,Deaths,218,Togo,3,Both,27,Age-standardized,543,Alzheimer's disease and other dementias,169,All risk factors,2,Percent,2015,0.5158268305065526,0.7176995647594848,0.2612289998387787
1,All Population,1,Deaths,218,Togo,3,Both,27,Age-standardized,543,Alzheimer's disease and other dementias,169,All risk factors,3,Rate,2015,9.54301403146344,26.79653257084728,1.7676443078137962
1,All Population,1,Deaths,210,Liberia,3,Both,27,Age-standardized,543,Alzheimer's disease and other dementias,169,All risk factors,2,Percent,2015,0.5161187022728225,0.7193789977535029,0.2534690673172514
1,All Population,1,Deaths,210,Liberia,3,Both,27,Age-standardized,543,Alzheimer's disease and other dementias,169,All risk factors,3,Rate,2015,11.629252777623831,31.9739895814123,2.1278280854811134
1,All Population,1,Deaths,209,Guinea-Bissau,3,Both,27,Age-standardized,543,Alzheimer's disease and other dementias,169,All risk factors,2,Percent,2015,0.5072319401597617,0.7157321220753206,0.24726749026420197
1,All Population,1,Deaths,209,Guinea-Bissau,3,Both,27,Age-standardized,543,Alzheimer's disease and other dementias,169,All risk factors,3,Rate,2015,10.514998395656209,30.260430000209347,1.9355890160743883
1,All Population,1,Deaths,206,Gambia,3,Both,27,Age-standardized,543,Alzheimer's disease and other dementias,169,All risk factors,2,Percent,2014,0.5339381239859393,0.7287698804999722,0.28218072345205164
1,All Population,1,Deaths,206,Gambia,3,Both,27,Age-standardized,543,Alzheimer's disease and other dementias,169,All risk factors,3,Rate,2014,9.04018489343128,25.373598078749566,1.6787087846206736
1,All Population,1,Deaths,201,Burkina Faso,3,Both,27,Age-standardized,543,Alzheimer's disease and other dementias,169,All risk factors,2,Percent,2013,0.4560776329468618,0.6951922226713354,0.1659439222593857
1,All Population,1,Deaths,201,Burkina Faso,3,Both,27,Age-standardized,543,Alzheimer's disease and other dementias,169,All risk factors,3,Rate,2013,11.751966867194291,33.03561881532413,1.8676531097369509
1,All Population,1,Deaths,201,Burkina Faso,3,Both,27,Age-standardized,543,Alzheimer's disease and other dementias,169,All risk factors,2,Percent,2012,0.4568913445767174,0.6943928751568682,0.16781462579635403
1,All Population,1,Deaths,201,Burkina Faso,3,Both,27,Age-standardized,543,Alzheimer's disease and other dementias,169,All risk factors,3,Rate,2012,11.649739181059639,33.19564196539457,1.9141806260712582
1,All Population,1,Deaths,215,Sao Tome and Principe,3,Both,27,Age-standardized,543,Alzheimer's disease and other dementias,169,All risk factors,2,Percent,2011,0.44394416622260385,0.6552296431746545,0.19043862302207654
1,All Population,1,Deaths,215,Sao Tome and Principe,3,Both,27,Age-standardized,543,Alzheimer's disease and other dementias,169,All risk factors,3,Rate,2011,10.03185486708957,29.02353808567942,1.533739005203059
1,All Population,1,Deaths,203,Cabo Verde,3,Both,27,Age-standardized,543,Alzheimer's disease and other dementias,169,All risk factors,2,Percent,2015,0.46776517308075155,0.6670470049553006,0.22283165117954248
1,All Population,1,Deaths,203,Cabo Verde,3,Both,27,Age-standardized,543,Alzheimer's disease and other dementias,169,All risk factors,3,Rate,2015,9.631286512096253,26.891778615390297,1.8761363927322312
1,All Population,1,Deaths,212,Mauritania,3,Both,27,Age-standardized,543,Alzheimer's disease and other dementias,169,All risk factors,2,Percent,2013,0.5682888103806238,0.7415260983525285,0.34395563859031175
1,All Population,1,Deaths,212,Mauritania,3,Both,27,Age-standardized,543,Alzheimer's disease and other dementias,169,All risk factors,3,Rate,2013,12.702056956314262,33.3991840086419,2.616718007074748
1,All Population,1,Deaths,215,Sao Tome and Principe,3,Both,27,Age-standardized,543,Alzheimer's disease and other dementias,169,All risk factors,2,Percent,2012,0.44496497681814856,0.6552501332227616,0.19169713654685927
1,All Population,1,Deaths,215,Sao Tome and Principe,3,Both,27,Age-standardized,543,Alzheimer's disease and other dementias,169,All risk factors,3,Rate,2012,10.09486191129231,28.78320674072506,1.5780320757403117
1,All Population,1,Deaths,204,Chad,3,Both,27,Age-standardized,543,Alzheimer's disease and other dementias,169,All risk factors,2,Percent,2012,0.5276648911853049,0.728383285798683,0.2712104267617499
1,All Population,1,Deaths,204,Chad,3,Both,27,Age-standardized,543,Alzheimer's disease and other dementias,169,All risk factors,3,Rate,2012,10.829553553903141,30.213922004752035,2.1619202110251057
1,All Population,1,Deaths,216,Senegal,3,Both,27,Age-standardized,543,Alzheimer's disease and other dementias,169,All risk factors,2,Percent,2015,0.5446272079736638,0.7305803126850673,0.31559334325852473
1,All Population,1,Deaths,216,Senegal,3,Both,27,Age-standardized,543,Alzheimer's disease and other dementias,169,All risk factors,3,Rate,2015,10.922896618926673,29.942890434207857,2.1274107428267706
1,All Population,1,Deaths,214,Nigeria,3,Both,27,Age-standardized,543,Alzheimer's disease and other dementias,169,All risk factors,2,Percent,2015,0.5025204906465504,0.7067769976791632,0.2494556462358051
1,All Population,1,Deaths,214,Nigeria,3,Both,27,Age-standardized,543,Alzheimer's disease and other dementias,169,All risk factors,3,Rate,2015,8.790320115482984,25.48689524451708,1.6876265968052147
1,All Population,1,Deaths,207,Ghana,3,Both,27,Age-standardized,543,Alzheimer's disease and other dementias,169,All risk factors,2,Percent,2015,0.5301928812309773,0.7238148038644202,0.2927771966950983
1,All Population,1,Deaths,207,Ghana,3,Both,27,Age-standardized,543,Alzheimer's disease and other dementias,169,All risk factors,3,Rate,2015,9.762422556861454,28.025645492086095,1.898170301424622
1,All Population,1,Deaths,213,Niger,3,Both,27,Age-standardized,543,Alzheimer's disease and other dementias,169,All risk factors,2,Percent,2015,0.5161189710999012,0.7247560954583911,0.24615648670870832
1,All Population,1,Deaths,213,Niger,3,Both,27,Age-standardized,543,Alzheimer's disease and other dementias,169,All risk factors,3,Rate,2015,11.190181740910434,32.98495523183179,2.0638233143307563
1,All Population,1,Deaths,215,Sao Tome and Principe,3,Both,27,Age-standardized,543,Alzheimer's disease and other dementias,169,All risk factors,2,Percent,2013,0.44595208877042664,0.6531838647322504,0.19377826621747068
1,All Population,1,Deaths,215,Sao Tome and Principe,3,Both,27,Age-standardized,543,Alzheimer's disease and other dementias,169,All risk factors,3,Rate,2013,10.216302548987924,28.964774556316147,1.631557628962865
1,All Population,1,Deaths,216,Senegal,3,Both,27,Age-standardized,543,Alzheimer's disease and other dementias,169,All risk factors,2,Percent,2016,0.5447334725240293,0.733984256648006,0.3164949679543333
1,All Population,1,Deaths,216,Senegal,3,Both,27,Age-standardized,543,Alzheimer's disease and other dementias,169,All risk factors,3,Rate,2016,11.273143829246564,30.615857521004045,2.2153180931441265
1,All Population,1,Deaths,200,Benin,3,Both,27,Age-standardized,543,Alzheimer's disease and other dementias,169,All risk factors,2,Percent,2016,0.4809100009433739,0.7040722455128926,0.208986451290608
1,All Population,1,Deaths,200,Benin,3,Both,27,Age-standardized,543,Alzheimer's disease and other dementias,169,All risk factors,3,Rate,2016,8.330484356846148,23.237551494285576,1.3692709866228958
1,All Population,1,Deaths,217,Sierra Leone,3,Both,27,Age-standardized,543,Alzheimer's disease and other dementias,169,All risk factors,2,Percent,2014,0.5079695587793126,0.7184397430229625,0.24568017765090758
1,All Population,1,Deaths,217,Sierra Leone,3,Both,27,Age-standardized,543,Alzheimer's disease and other dementias,169,All risk factors,3,Rate,2014,10.324653694734497,29.737311158002043,1.974033900609281
1,All Population,1,Deaths,204,Chad,3,Both,27,Age-standardized,543,Alzheimer's disease and other dementias,169,All risk factors,2,Percent,2011,0.5277010950754575,0.726940910530452,0.2722380982311463
1,All Population,1,Deaths,204,Chad,3,Both,27,Age-standardized,543,Alzheimer's disease and other dementias,169,All risk factors,3,Rate,2011,10.855017818484926,30.55189002769943,2.22678547501127
1,All Population,1,Deaths,202,Cameroon,3,Both,27,Age-standardized,543,Alzheimer's disease and other dementias,169,All risk factors,2,Percent,2015,0.5270246354751694,0.7240506492178813,0.2569283350299646
1,All Population,1,Deaths,202,Cameroon,3,Both,27,Age-standardized,543,Alzheimer's disease and other dementias,169,All risk factors,3,Rate,2015,11.215302271368175,32.67429660449754,2.0349773408716603
1,All Population,1,Deaths,207,Ghana,3,Both,27,Age-standardized,543,Alzheimer's disease and other dementias,169,All risk factors,2,Percent,2016,0.5302344861264732,0.7242867349144748,0.2902085877574551
1,All Population,1,Deaths,207,Ghana,3,Both,27,Age-standardized,543,Alzheimer's disease and other dementias,169,All risk factors,3,Rate,2016,9.903483764608103,28.35004818284567,1.9050382461000148
1,All Population,1,Deaths,201,Burkina Faso,3,Both,27,Age-standardized,543,Alzheimer's disease and other dementias,169,All risk factors,2,Percent,2014,0.45642089517701834,0.6956071115823184,0.16624253322956783
1,All Population,1,Deaths,201,Burkina Faso,3,Both,27,Age-standardized,543,Alzheimer's disease and other dementias,169,All risk factors,3,Rate,2014,11.51845940274584,32.00661273449204,1.8344826352497523
1,All Population,1,Deaths,211,Mali,3,Both,27,Age-standardized,543,Alzheimer's disease and other dementias,169,All risk factors,2,Percent,2016,0.5506453983885339,0.73647594758438,0.3050098049191643
1,All Population,1,Deaths,211,Mali,3,Both,27,Age-standardized,543,Alzheimer's disease and other dementias,169,All risk factors,3,Rate,2016,9.70321425111971,27.337245560100865,1.7408369522439469
1,All Population,1,Deaths,210,Liberia,3,Both,27,Age-standardized,543,Alzheimer's disease and other dementias,169,All risk factors,2,Percent,2016,0.5173739120678037,0.719467137489632,0.2533569742190386
1,All Population,1,Deaths,210,Liberia,3,Both,27,Age-standardized,543,Alzheimer's disease and other dementias,169,All risk factors,3,Rate,2016,11.487179073171335,31.81968881014609,2.089500431171545
1,All Population,1,Deaths,213,Niger,3,Both,27,Age-standardized,543,Alzheimer's disease and other dementias,169,All risk factors,2,Percent,2016,0.5161559921987613,0.7244387168994242,0.24538279313369665
1,All Population,1,Deaths,213,Niger,3,Both,27,Age-standardized,543,Alzheimer's disease and other dementias,169,All risk factors,3,Rate,2016,11.139351431604673,33.174379961718465,2.0925269251261014
1,All Population,1,Deaths,205,Côte d'Ivoire,3,Both,27,Age-standardized,543,Alzheimer's disease and other dementias,169,All risk factors,2,Percent,2016,0.4836892646446301,0.695992891001366,0.2326507261188545
1,All Population,1,Deaths,205,Côte d'Ivoire,3,Both,27,Age-standardized,543,Alzheimer's disease and other dementias,169,All risk factors,3,Rate,2016,8.566698673050684,24.342445252113027,1.5853693735041443
1,All Population,1,Deaths,218,Togo,3,Both,27,Age-standardized,543,Alzheimer's disease and other dementias,169,All risk factors,2,Percent,2016,0.5161997086649875,0.7178374161988609,0.2614118480938604
1,All Population,1,Deaths,218,Togo,3,Both,27,Age-standardized,543,Alzheimer's disease and other dementias,169,All risk factors,3,Rate,2016,9.67844314144459,27.51467003126535,1.831579769633386
1,All Population,1,Deaths,203,Cabo Verde,3,Both,27,Age-standardized,543,Alzheimer's disease and other dementias,169,All risk factors,2,Percent,2016,0.4679616159831943,0.6650606287045918,0.22323255229910063
1,All Population,1,Deaths,203,Cabo Verde,3,Both,27,Age-standardized,543,Alzheimer's disease and other dementias,169,All risk factors,3,Rate,2016,10.168081584942984,28.088966667428796,2.037658420292535
1,All Population,1,Deaths,209,Guinea-Bissau,3,Both,27,Age-standardized,543,Alzheimer's disease and other dementias,169,All risk factors,2,Percent,2016,0.507670353184157,0.7155904146007488,0.24693298624351406
1,All Population,1,Deaths,209,Guinea-Bissau,3,Both,27,Age-standardized,543,Alzheimer's disease and other dementias,169,All risk factors,3,Rate,2016,10.706402645517393,30.354456465772756,1.9796766190874813
1,All Population,1,Deaths,206,Gambia,3,Both,27,Age-standardized,543,Alzheimer's disease and other dementias,169,All risk factors,2,Percent,2015,0.5346304202257015,0.7275702438798737,0.28517635390158314
1,All Population,1,Deaths,206,Gambia,3,Both,27,Age-standardized,543,Alzheimer's disease and other dementias,169,All risk factors,3,Rate,2015,8.866877164566047,24.60098954137575,1.614671168330599
1,All Population,1,Deaths,214,Nigeria,3,Both,27,Age-standardized,543,Alzheimer's disease and other dementias,169,All risk factors,2,Percent,2016,0.5033034894425245,0.7076966958570625,0.24855631624513663
1,All Population,1,Deaths,214,Nigeria,3,Both,27,Age-standardized,543,Alzheimer's disease and other dementias,169,All risk factors,3,Rate,2016,8.987283007752083,26.343669540498727,1.7059978380220502
1,All Population,1,Deaths,206,Gambia,3,Both,27,Age-standardized,543,Alzheimer's disease and other dementias,169,All risk factors,2,Percent,2016,0.5350647920522866,0.7293997372914209,0.2834862386398237
1,All Population,1,Deaths,206,Gambia,3,Both,27,Age-standardized,543,Alzheimer's disease and other dementias,169,All risk factors,3,Rate,2016,9.17290328726866,25.42196567580919,1.6514219011525177
1,All Population,1,Deaths,202,Cameroon,3,Both,27,Age-standardized,543,Alzheimer's disease and other dementias,169,All risk factors,2,Percent,2016,0.528404103712688,0.7245979738324626,0.2565028156341843
1,All Population,1,Deaths,202,Cameroon,3,Both,27,Age-standardized,543,Alzheimer's disease and other dementias,169,All risk factors,3,Rate,2016,11.36156327651466,33.12301617969836,2.0585990341087785
1,All Population,1,Deaths,204,Chad,3,Both,27,Age-standardized,543,Alzheimer's disease and other dementias,169,All risk factors,2,Percent,2014,0.5281098190004085,0.7289611174262944,0.27321318535369693
1,All Population,1,Deaths,204,Chad,3,Both,27,Age-standardized,543,Alzheimer's disease and other dementias,169,All risk factors,3,Rate,2014,10.957664382735295,29.945333844397318,2.10554041122831
1,All Population,1,Deaths,204,Chad,3,Both,27,Age-standardized,543,Alzheimer's disease and other dementias,169,All risk factors,2,Percent,2013,0.5275859498928607,0.7285649180597855,0.2726891496107423
1,All Population,1,Deaths,204,Chad,3,Both,27,Age-standardized,543,Alzheimer's disease and other dementias,169,All risk factors,3,Rate,2013,10.939608450825453,30.46444739267638,2.142858612049562
1,All Population,1,Deaths,212,Mauritania,3,Both,27,Age-standardized,543,Alzheimer's disease and other dementias,169,All risk factors,2,Percent,2014,0.5688160382014731,0.7445736671381482,0.34353316690500413
1,All Population,1,Deaths,212,Mauritania,3,Both,27,Age-standardized,543,Alzheimer's disease and other dementias,169,All risk factors,3,Rate,2014,12.582231203526497,32.65034790532746,2.55176461197473
1,All Population,1,Deaths,200,Benin,3,Both,27,Age-standardized,543,Alzheimer's disease and other dementias,169,All risk factors,2,Percent,2017,0.4811192605882738,0.7031181001089797,0.207107554958256
1,All Population,1,Deaths,200,Benin,3,Both,27,Age-standardized,543,Alzheimer's disease and other dementias,169,All risk factors,3,Rate,2017,8.336065528417343,23.50282279791442,1.3574771437190964
1,All Population,1,Deaths,217,Sierra Leone,3,Both,27,Age-standardized,543,Alzheimer's disease and other dementias,169,All risk factors,2,Percent,2015,0.5081799001866836,0.7176845004847451,0.24872127588852927
1,All Population,1,Deaths,217,Sierra Leone,3,Both,27,Age-standardized,543,Alzheimer's disease and other dementias,169,All risk factors,3,Rate,2015,10.347136309350496,29.82819888958508,1.9184230956905721
1,All Population,1,Deaths,208,Guinea,3,Both,27,Age-standardized,543,Alzheimer's disease and other dementias,169,All risk factors,2,Percent,2017,0.4955355520865086,0.7101683059678258,0.2258038262111681
1,All Population,1,Deaths,208,Guinea,3,Both,27,Age-standardized,543,Alzheimer's disease and other dementias,169,All risk factors,3,Rate,2017,9.380616507553862,27.291080491751433,1.6283398745447564
1,All Population,1,Deaths,208,Guinea,3,Both,27,Age-standardized,543,Alzheimer's disease and other dementias,169,All risk factors,2,Percent,2016,0.4953678970762321,0.7102233460476792,0.22181938286848235
1,All Population,1,Deaths,208,Guinea,3,Both,27,Age-standardized,543,Alzheimer's disease and other dementias,169,All risk factors,3,Rate,2016,9.325343775202677,27.026971397309556,1.6457055924527952
1,All Population,1,Deaths,211,Mali,3,Both,27,Age-standardized,543,Alzheimer's disease and other dementias,169,All risk factors,2,Percent,2017,0.5509263263080637,0.7341334854541234,0.30554373276570246
1,All Population,1,Deaths,211,Mali,3,Both,27,Age-standardized,543,Alzheimer's disease and other dementias,169,All risk factors,3,Rate,2017,9.841515239203765,27.506884508281104,1.759670032912049
1,All Population,1,Deaths,205,Côte d'Ivoire,3,Both,27,Age-standardized,543,Alzheimer's disease and other dementias,169,All risk factors,2,Percent,2017,0.4818947385796132,0.6919648207629716,0.23100811468423085
1,All Population,1,Deaths,205,Côte d'Ivoire,3,Both,27,Age-standardized,543,Alzheimer's disease and other dementias,169,All risk factors,3,Rate,2017,8.655710376141649,24.446900406400232,1.621225956476664
1,All Population,1,Deaths,216,Senegal,3,Both,27,Age-standardized,543,Alzheimer's disease and other dementias,169,All risk factors,2,Percent,2017,0.5449728629189758,0.7326387327232161,0.3077365514764635
1,All Population,1,Deaths,216,Senegal,3,Both,27,Age-standardized,543,Alzheimer's disease and other dementias,169,All risk factors,3,Rate,2017,11.278332872266809,30.09195561482246,2.206530667180995
1,All Population,1,Deaths,217,Sierra Leone,3,Both,27,Age-standardized,543,Alzheimer's disease and other dementias,169,All risk factors,2,Percent,2016,0.508564421688405,0.7167992685464586,0.2485964017039054
1,All Population,1,Deaths,217,Sierra Leone,3,Both,27,Age-standardized,543,Alzheimer's disease and other dementias,169,All risk factors,3,Rate,2016,10.30480735832801,29.237592333176774,1.8645519401677997
1,All Population,1,Deaths,207,Ghana,3,Both,27,Age-standardized,543,Alzheimer's disease and other dementias,169,All risk factors,2,Percent,2017,0.5302124383649921,0.7245840205127474,0.29072941568698707
1,All Population,1,Deaths,207,Ghana,3,Both,27,Age-standardized,543,Alzheimer's disease and other dementias,169,All risk factors,3,Rate,2017,10.076727756733177,27.942215701196883,1.9094389156887592
1,All Population,1,Deaths,211,Mali,3,Both,27,Age-standardized,543,Alzheimer's disease and other dementias,169,All risk factors,2,Percent,2018,0.550924543121961,0.7354577131372351,0.3007606389056384
1,All Population,1,Deaths,211,Mali,3,Both,27,Age-standardized,543,Alzheimer's disease and other dementias,169,All risk factors,3,Rate,2018,9.95377781966842,27.66989551294159,1.7690272517908012
1,All Population,1,Deaths,213,Niger,3,Both,27,Age-standardized,543,Alzheimer's disease and other dementias,169,All risk factors,2,Percent,2017,0.5160684766934567,0.7239128347880954,0.24384363544243054
1,All Population,1,Deaths,213,Niger,3,Both,27,Age-standardized,543,Alzheimer's disease and other dementias,169,All risk factors,3,Rate,2017,11.394168022289604,34.262277544174346,2.1596759653467688
1,All Population,1,Deaths,216,Senegal,3,Both,27,Age-standardized,543,Alzheimer's disease and other dementias,169,All risk factors,2,Percent,2018,0.5443424534128971,0.7275785321151791,0.3115747282594908
1,All Population,1,Deaths,216,Senegal,3,Both,27,Age-standardized,543,Alzheimer's disease and other dementias,169,All risk factors,3,Rate,2018,11.34670726056706,31.167056423256714,2.181117587251626
1,All Population,1,Deaths,212,Mauritania,3,Both,27,Age-standardized,543,Alzheimer's disease and other dementias,169,All risk factors,2,Percent,2015,0.5695149367177358,0.7404910245158924,0.3546561616176862
1,All Population,1,Deaths,212,Mauritania,3,Both,27,Age-standardized,543,Alzheimer's disease and other dementias,169,All risk factors,3,Rate,2015,12.529137828515083,32.594642434305264,2.5752892318730853
1,All Population,1,Deaths,215,Sao Tome and Principe,3,Both,27,Age-standardized,543,Alzheimer's disease and other dementias,169,All risk factors,2,Percent,2014,0.44720593576764356,0.6562423654736408,0.1952638661277109
1,All Population,1,Deaths,215,Sao Tome and Principe,3,Both,27,Age-standardized,543,Alzheimer's disease and other dementias,169,All risk factors,3,Rate,2014,10.564567693967147,30.303606312014043,1.773003507374438
1,All Population,1,Deaths,201,Burkina Faso,3,Both,27,Age-standardized,543,Alzheimer's disease and other dementias,169,All risk factors,2,Percent,2016,0.4568281622470159,0.6945167129870613,0.16582023795783707
1,All Population,1,Deaths,201,Burkina Faso,3,Both,27,Age-standardized,543,Alzheimer's disease and other dementias,169,All risk factors,3,Rate,2016,11.786325389810804,33.98184901697646,1.878062687854184
1,All Population,1,Deaths,202,Cameroon,3,Both,27,Age-standardized,543,Alzheimer's disease and other dementias,169,All risk factors,2,Percent,2017,0.5299306539257017,0.7256990308233637,0.2586628552699718
1,All Population,1,Deaths,202,Cameroon,3,Both,27,Age-standardized,543,Alzheimer's disease and other dementias,169,All risk factors,3,Rate,2017,11.556773680139058,33.84618053600598,2.0519641214273783
1,All Population,1,Deaths,206,Gambia,3,Both,27,Age-standardized,543,Alzheimer's disease and other dementias,169,All risk factors,2,Percent,2017,0.5357575134448344,0.72699839336465,0.2846899736999789
1,All Population,1,Deaths,206,Gambia,3,Both,27,Age-standardized,543,Alzheimer's disease and other dementias,169,All risk factors,3,Rate,2017,9.699960385258974,27.41385415041687,1.7543669347659498
1,All Population,1,Deaths,203,Cabo Verde,3,Both,27,Age-standardized,543,Alzheimer's disease and other dementias,169,All risk factors,2,Percent,2017,0.46494030371778383,0.6602000675403255,0.22043191317984498
1,All Population,1,Deaths,203,Cabo Verde,3,Both,27,Age-standardized,543,Alzheimer's disease and other dementias,169,All risk factors,3,Rate,2017,9.93778368688142,27.251688044592303,1.8903042356333117
1,All Population,1,Deaths,209,Guinea-Bissau,3,Both,27,Age-standardized,543,Alzheimer's disease and other dementias,169,All risk factors,2,Percent,2017,0.507986340635677,0.7153052917877567,0.24709500719757818
1,All Population,1,Deaths,209,Guinea-Bissau,3,Both,27,Age-standardized,543,Alzheimer's disease and other dementias,169,All risk factors,3,Rate,2017,10.834950962470598,30.819035412828732,1.967570057360058
1,All Population,1,Deaths,214,Nigeria,3,Both,27,Age-standardized,543,Alzheimer's disease and other dementias,169,All risk factors,2,Percent,2017,0.5037625869482174,0.7073302288218584,0.2513432532878463
1,All Population,1,Deaths,214,Nigeria,3,Both,27,Age-standardized,543,Alzheimer's disease and other dementias,169,All risk factors,3,Rate,2017,9.096748289679324,26.580344893438284,1.6860556940021754
1,All Population,1,Deaths,207,Ghana,3,Both,27,Age-standardized,543,Alzheimer's disease and other dementias,169,All risk factors,2,Percent,2018,0.5302162023520386,0.724232001880467,0.29084547752288215
1,All Population,1,Deaths,207,Ghana,3,Both,27,Age-standardized,543,Alzheimer's disease and other dementias,169,All risk factors,3,Rate,2018,10.520614998327764,29.4718423827193,1.9981547222920288
1,All Population,1,Deaths,215,Sao Tome and Principe,3,Both,27,Age-standardized,543,Alzheimer's disease and other dementias,169,All risk factors,2,Percent,2015,0.44829620637910766,0.6567906564166879,0.19793752138305187
1,All Population,1,Deaths,215,Sao Tome and Principe,3,Both,27,Age-standardized,543,Alzheimer's disease and other dementias,169,All risk factors,3,Rate,2015,10.641430798554724,30.522933140519545,1.808507186486536
1,All Population,1,Deaths,204,Chad,3,Both,27,Age-standardized,543,Alzheimer's disease and other dementias,169,All risk factors,2,Percent,2016,0.528914501265556,0.7311115508828414,0.27589810951054594
1,All Population,1,Deaths,204,Chad,3,Both,27,Age-standardized,543,Alzheimer's disease and other dementias,169,All risk factors,3,Rate,2016,10.939131368572143,30.759040091177162,2.0378502480910523
1,All Population,1,Deaths,201,Burkina Faso,3,Both,27,Age-standardized,543,Alzheimer's disease and other dementias,169,All risk factors,2,Percent,2015,0.4566588363030391,0.6952294808160259,0.16587796165518415
1,All Population,1,Deaths,201,Burkina Faso,3,Both,27,Age-standardized,543,Alzheimer's disease and other dementias,169,All risk factors,3,Rate,2015,11.73394659793821,33.195039408925595,1.8993897985323527
1,All Population,1,Deaths,213,Niger,3,Both,27,Age-standardized,543,Alzheimer's disease and other dementias,169,All risk factors,2,Percent,2018,0.5159924251770933,0.7244338864453002,0.2422423230820368
1,All Population,1,Deaths,213,Niger,3,Both,27,Age-standardized,543,Alzheimer's disease and other dementias,169,All risk factors,3,Rate,2018,11.490026778634258,34.15279583495844,2.1704236360057028
1,All Population,1,Deaths,200,Benin,3,Both,27,Age-standardized,543,Alzheimer's disease and other dementias,169,All risk factors,2,Percent,2018,0.4813459387364111,0.7026100414052017,0.2052959941939222
1,All Population,1,Deaths,200,Benin,3,Both,27,Age-standardized,543,Alzheimer's disease and other dementias,169,All risk factors,3,Rate,2018,8.360010585106986,23.988219418710457,1.3520729827482418
1,All Population,1,Deaths,210,Liberia,3,Both,27,Age-standardized,543,Alzheimer's disease and other dementias,169,All risk factors,2,Percent,2017,0.518058868273676,0.7193830337722197,0.2522835249766725
1,All Population,1,Deaths,210,Liberia,3,Both,27,Age-standardized,543,Alzheimer's disease and other dementias,169,All risk factors,3,Rate,2017,11.556403608850491,32.790883606441845,2.083980578018422
1,All Population,1,Deaths,215,Sao Tome and Principe,3,Both,27,Age-standardized,543,Alzheimer's disease and other dementias,169,All risk factors,2,Percent,2016,0.4483193171696151,0.6558578611370334,0.198814454185403
1,All Population,1,Deaths,215,Sao Tome and Principe,3,Both,27,Age-standardized,543,Alzheimer's disease and other dementias,169,All risk factors,3,Rate,2016,10.792765063136091,30.514359922593933,1.8506195385828097
1,All Population,1,Deaths,204,Chad,3,Both,27,Age-standardized,543,Alzheimer's disease and other dementias,169,All risk factors,2,Percent,2015,0.5284107412263,0.7297486376553723,0.2716116815213297
1,All Population,1,Deaths,204,Chad,3,Both,27,Age-standardized,543,Alzheimer's disease and other dementias,169,All risk factors,3,Rate,2015,10.85735029785375,30.215958409728653,2.0552060441216824
1,All Population,1,Deaths,212,Mauritania,3,Both,27,Age-standardized,543,Alzheimer's disease and other dementias,169,All risk factors,2,Percent,2016,0.5703235120691185,0.7386271642861514,0.3508497959435761
1,All Population,1,Deaths,212,Mauritania,3,Both,27,Age-standardized,543,Alzheimer's disease and other dementias,169,All risk factors,3,Rate,2016,12.537740920292295,32.67830584904228,2.453776125042214
1,All Population,1,Deaths,218,Togo,3,Both,27,Age-standardized,543,Alzheimer's disease and other dementias,169,All risk factors,2,Percent,2017,0.51656244256847,0.7177268350480828,0.2609700722246072
1,All Population,1,Deaths,218,Togo,3,Both,27,Age-standardized,543,Alzheimer's disease and other dementias,169,All risk factors,3,Rate,2017,9.906998245820313,28.794700763910267,1.8988715850886138
1,All Population,1,Deaths,205,Côte d'Ivoire,3,Both,27,Age-standardized,543,Alzheimer's disease and other dementias,169,All risk factors,2,Percent,2018,0.4795604587688757,0.6884166840351871,0.23036467071994854
1,All Population,1,Deaths,205,Côte d'Ivoire,3,Both,27,Age-standardized,543,Alzheimer's disease and other dementias,169,All risk factors,3,Rate,2018,8.684843193112277,25.098797056650362,1.5986532752014626
1,All Population,1,Deaths,209,Guinea-Bissau,3,Both,27,Age-standardized,543,Alzheimer's disease and other dementias,169,All risk factors,2,Percent,2018,0.5083097364301723,0.7151320800175208,0.24360461282203924
1,All Population,1,Deaths,209,Guinea-Bissau,3,Both,27,Age-standardized,543,Alzheimer's disease and other dementias,169,All risk factors,3,Rate,2018,10.982042093746575,31.396547292001703,1.9617811355221935
1,All Population,1,Deaths,210,Liberia,3,Both,27,Age-standardized,543,Alzheimer's disease and other dementias,169,All risk factors,2,Percent,2018,0.5185528514497701,0.7196969126867212,0.25160462357771196
1,All Population,1,Deaths,210,Liberia,3,Both,27,Age-standardized,543,Alzheimer's disease and other dementias,169,All risk factors,3,Rate,2018,11.539402623588927,32.75989359215776,2.0367608749656645
1,All Population,1,Deaths,205,Côte d'Ivoire,3,Both,27,Age-standardized,543,Alzheimer's disease and other dementias,169,All risk factors,2,Percent,2019,0.4774122104862474,0.6844239359788382,0.22735674933152128
1,All Population,1,Deaths,205,Côte d'Ivoire,3,Both,27,Age-standardized,543,Alzheimer's disease and other dementias,169,All risk factors,3,Rate,2019,8.791252152098439,24.751237509062346,1.6288697184248582
1,All Population,1,Deaths,208,Guinea,3,Both,27,Age-standardized,543,Alzheimer's disease and other dementias,169,All risk factors,2,Percent,2018,0.4956165051656996,0.7095357809834142,0.2257585818284925
1,All Population,1,Deaths,208,Guinea,3,Both,27,Age-standardized,543,Alzheimer's disease and other dementias,169,All risk factors,3,Rate,2018,9.463184682660698,26.945356207566668,1.6115258700087416
1,All Population,1,Deaths,211,Mali,3,Both,27,Age-standardized,543,Alzheimer's disease and other dementias,169,All risk factors,2,Percent,2019,0.5505498170775983,0.7359885335917139,0.3014578371479728
1,All Population,1,Deaths,211,Mali,3,Both,27,Age-standardized,543,Alzheimer's disease and other dementias,169,All risk factors,3,Rate,2019,10.038935593097428,27.555576486243883,1.760047146554186
1,All Population,1,Deaths,218,Togo,3,Both,27,Age-standardized,543,Alzheimer's disease and other dementias,169,All risk factors,2,Percent,2018,0.5166817775947368,0.7181605008504339,0.25795164537019877
1,All Population,1,Deaths,218,Togo,3,Both,27,Age-standardized,543,Alzheimer's disease and other dementias,169,All risk factors,3,Rate,2018,10.060175035807369,29.376998052199134,1.8519747770490904
1,All Population,1,Deaths,200,Benin,3,Both,27,Age-standardized,543,Alzheimer's disease and other dementias,169,All risk factors,2,Percent,2019,0.48154098549919827,0.7006462282353584,0.20637652241402746
1,All Population,1,Deaths,200,Benin,3,Both,27,Age-standardized,543,Alzheimer's disease and other dementias,169,All risk factors,3,Rate,2019,8.60117951891142,24.362203969891954,1.422295062396071
1,All Population,1,Deaths,214,Nigeria,3,Both,27,Age-standardized,543,Alzheimer's disease and other dementias,169,All risk factors,2,Percent,2019,0.5049504134547944,0.706986708758893,0.2498163717066772
1,All Population,1,Deaths,214,Nigeria,3,Both,27,Age-standardized,543,Alzheimer's disease and other dementias,169,All risk factors,3,Rate,2019,9.493034156407177,27.4911911502171,1.6853854592584194
1,All Population,1,Deaths,217,Sierra Leone,3,Both,27,Age-standardized,543,Alzheimer's disease and other dementias,169,All risk factors,2,Percent,2018,0.5091774533423388,0.7180639941588535,0.24725006524670587
1,All Population,1,Deaths,217,Sierra Leone,3,Both,27,Age-standardized,543,Alzheimer's disease and other dementias,169,All risk factors,3,Rate,2018,10.513060410238534,29.63563024021622,1.9065282689771628
1,All Population,1,Deaths,209,Guinea-Bissau,3,Both,27,Age-standardized,543,Alzheimer's disease and other dementias,169,All risk factors,2,Percent,2019,0.5084478622833083,0.7159879397231583,0.24304061606205526
1,All Population,1,Deaths,209,Guinea-Bissau,3,Both,27,Age-standardized,543,Alzheimer's disease and other dementias,169,All risk factors,3,Rate,2019,11.21846249005886,31.96867896879616,1.9863653108259862
1,All Population,1,Deaths,203,Cabo Verde,3,Both,27,Age-standardized,543,Alzheimer's disease and other dementias,169,All risk factors,2,Percent,2018,0.45930183972999566,0.653711195064133,0.21496349768131567
1,All Population,1,Deaths,203,Cabo Verde,3,Both,27,Age-standardized,543,Alzheimer's disease and other dementias,169,All risk factors,3,Rate,2018,10.706391145178207,29.581931480530628,1.9848690122563435
1,All Population,1,Deaths,216,Senegal,3,Both,27,Age-standardized,543,Alzheimer's disease and other dementias,169,All risk factors,2,Percent,2019,0.5433096725161324,0.726413762134204,0.30388776427485964
1,All Population,1,Deaths,216,Senegal,3,Both,27,Age-standardized,543,Alzheimer's disease and other dementias,169,All risk factors,3,Rate,2019,11.88734557445737,33.24923269310781,2.310613871824653
1,All Population,1,Deaths,215,Sao Tome and Principe,3,Both,27,Age-standardized,543,Alzheimer's disease and other dementias,169,All risk factors,2,Percent,2017,0.4469898928797921,0.6513752545929921,0.20004003575732981
1,All Population,1,Deaths,215,Sao Tome and Principe,3,Both,27,Age-standardized,543,Alzheimer's disease and other dementias,169,All risk factors,3,Rate,2017,10.904820961993412,30.518450833825604,1.8319854077674085
1,All Population,1,Deaths,201,Burkina Faso,3,Both,27,Age-standardized,543,Alzheimer's disease and other dementias,169,All risk factors,2,Percent,2017,0.45662196181026926,0.692988504069631,0.16711159664004147
1,All Population,1,Deaths,201,Burkina Faso,3,Both,27,Age-standardized,543,Alzheimer's disease and other dementias,169,All risk factors,3,Rate,2017,11.933741384141722,33.70434223367139,1.89271444112241
1,All Population,1,Deaths,212,Mauritania,3,Both,27,Age-standardized,543,Alzheimer's disease and other dementias,169,All risk factors,2,Percent,2017,0.5703665633091389,0.7382651728798902,0.3446976222354349
1,All Population,1,Deaths,212,Mauritania,3,Both,27,Age-standardized,543,Alzheimer's disease and other dementias,169,All risk factors,3,Rate,2017,12.952154343367718,33.982106518708655,2.522451442002403
1,All Population,1,Deaths,212,Mauritania,3,Both,27,Age-standardized,543,Alzheimer's disease and other dementias,169,All risk factors,2,Percent,2018,0.5703753172303617,0.7428762256061121,0.3568102540211805
1,All Population,1,Deaths,212,Mauritania,3,Both,27,Age-standardized,543,Alzheimer's disease and other dementias,169,All risk factors,3,Rate,2018,13.041392762383,35.15712276836974,2.4909696528417973
1,All Population,1,Deaths,202,Cameroon,3,Both,27,Age-standardized,543,Alzheimer's disease and other dementias,169,All risk factors,2,Percent,2018,0.5306065571168282,0.7281922994024161,0.25803296128498265
1,All Population,1,Deaths,202,Cameroon,3,Both,27,Age-standardized,543,Alzheimer's disease and other dementias,169,All risk factors,3,Rate,2018,11.700453252116942,34.023140359460875,2.095201536445537
1,All Population,1,Deaths,214,Nigeria,3,Both,27,Age-standardized,543,Alzheimer's disease and other dementias,169,All risk factors,2,Percent,2018,0.5042650668612285,0.7071965123999999,0.24936854926018617
1,All Population,1,Deaths,214,Nigeria,3,Both,27,Age-standardized,543,Alzheimer's disease and other dementias,169,All risk factors,3,Rate,2018,9.285611491211723,27.051302795799252,1.6865725381909513
1,All Population,1,Deaths,217,Sierra Leone,3,Both,27,Age-standardized,543,Alzheimer's disease and other dementias,169,All risk factors,2,Percent,2017,0.508785183250828,0.7177543063289723,0.24836392453747633
1,All Population,1,Deaths,217,Sierra Leone,3,Both,27,Age-standardized,543,Alzheimer's disease and other dementias,169,All risk factors,3,Rate,2017,10.471532736377274,29.522745805658296,1.8940228764555895
1,All Population,1,Deaths,207,Ghana,3,Both,27,Age-standardized,543,Alzheimer's disease and other dementias,169,All risk factors,2,Percent,2019,0.5307641347841131,0.723239874396307,0.2913890804424639
1,All Population,1,Deaths,207,Ghana,3,Both,27,Age-standardized,543,Alzheimer's disease and other dementias,169,All risk factors,3,Rate,2019,10.893029483451679,31.544242733272498,2.109668082435655
1,All Population,1,Deaths,208,Guinea,3,Both,27,Age-standardized,543,Alzheimer's disease and other dementias,169,All risk factors,2,Percent,2019,0.4955890024732919,0.7086236601830441,0.22578152549261843
1,All Population,1,Deaths,208,Guinea,3,Both,27,Age-standardized,543,Alzheimer's disease and other dementias,169,All risk factors,3,Rate,2019,9.634575779680551,27.62724736592153,1.6440580998106789
1,All Population,1,Deaths,206,Gambia,3,Both,27,Age-standardized,543,Alzheimer's disease and other dementias,169,All risk factors,2,Percent,2018,0.5359348392206043,0.729036223196078,0.2827569926203325
1,All Population,1,Deaths,206,Gambia,3,Both,27,Age-standardized,543,Alzheimer's disease and other dementias,169,All risk factors,3,Rate,2018,9.739805527557383,28.29423250618084,1.7153650396475393
1,All Population,1,Deaths,203,Cabo Verde,3,Both,27,Age-standardized,543,Alzheimer's disease and other dementias,169,All risk factors,2,Percent,2019,0.4548120841948253,0.6468202828374173,0.21433758856137577
1,All Population,1,Deaths,203,Cabo Verde,3,Both,27,Age-standardized,543,Alzheimer's disease and other dementias,169,All risk factors,3,Rate,2019,10.425326541941036,29.34317363358009,1.8815270531651038
1,All Population,1,Deaths,201,Burkina Faso,3,Both,27,Age-standardized,543,Alzheimer's disease and other dementias,169,All risk factors,2,Percent,2018,0.4565264142811627,0.6926363611100246,0.16620106547740215
1,All Population,1,Deaths,201,Burkina Faso,3,Both,27,Age-standardized,543,Alzheimer's disease and other dementias,169,All risk factors,3,Rate,2018,11.906604325522832,33.40281436838753,1.9009018046550126
1,All Population,1,Deaths,204,Chad,3,Both,27,Age-standardized,543,Alzheimer's disease and other dementias,169,All risk factors,2,Percent,2017,0.52913580938349,0.7314539711304848,0.2763908915361829
1,All Population,1,Deaths,204,Chad,3,Both,27,Age-standardized,543,Alzheimer's disease and other dementias,169,All risk factors,3,Rate,2017,10.965966373102093,30.92448324884943,2.042120430175636
1,All Population,1,Deaths,207,Ghana,3,Both,27,Age-standardized,543,Alzheimer's disease and other dementias,169,All risk factors,2,Percent,2020,0.5313034003999635,0.7250483615377804,0.2890311190037235
1,All Population,1,Deaths,207,Ghana,3,Both,27,Age-standardized,543,Alzheimer's disease and other dementias,169,All risk factors,3,Rate,2020,11.28144005811152,31.597355855165166,2.1681644280295203
1,All Population,1,Deaths,213,Niger,3,Both,27,Age-standardized,543,Alzheimer's disease and other dementias,169,All risk factors,2,Percent,2019,0.5160769375542612,0.7221837787550696,0.23941869219675918
1,All Population,1,Deaths,213,Niger,3,Both,27,Age-standardized,543,Alzheimer's disease and other dementias,169,All risk factors,3,Rate,2019,11.812949266604333,35.069475755611094,2.228263754761002
1,All Population,1,Deaths,215,Sao Tome and Principe,3,Both,27,Age-standardized,543,Alzheimer's disease and other dementias,169,All risk factors,2,Percent,2018,0.44498041943867606,0.6502367449793617,0.20075669129779075
1,All Population,1,Deaths,215,Sao Tome and Principe,3,Both,27,Age-standardized,543,Alzheimer's disease and other dementias,169,All risk factors,3,Rate,2018,10.96137802023355,30.120208940543698,1.8226089387389344
1,All Population,1,Deaths,209,Guinea-Bissau,3,Both,27,Age-standardized,543,Alzheimer's disease and other dementias,169,All risk factors,2,Percent,2020,0.5087425914779745,0.715519686010334,0.2421249945531999
1,All Population,1,Deaths,209,Guinea-Bissau,3,Both,27,Age-standardized,543,Alzheimer's disease and other dementias,169,All risk factors,3,Rate,2020,11.106397534272988,31.47447342006781,1.970970026080118
1,All Population,1,Deaths,202,Cameroon,3,Both,27,Age-standardized,543,Alzheimer's disease and other dementias,169,All risk factors,2,Percent,2019,0.5315592588263687,0.7263116146456375,0.26097261068535793
1,All Population,1,Deaths,202,Cameroon,3,Both,27,Age-standardized,543,Alzheimer's disease and other dementias,169,All risk factors,3,Rate,2019,11.810954499894388,34.48403785999098,2.1066876962976018
1,All Population,1,Deaths,200,Benin,3,Both,27,Age-standardized,543,Alzheimer's disease and other dementias,169,All risk factors,2,Percent,2020,0.4819879352895466,0.7014544912682572,0.20803987841261076
1,All Population,1,Deaths,200,Benin,3,Both,27,Age-standardized,543,Alzheimer's disease and other dementias,169,All risk factors,3,Rate,2020,8.715590853530202,25.106404558423286,1.4411159002297536
1,All Population,1,Deaths,210,Liberia,3,Both,27,Age-standardized,543,Alzheimer's disease and other dementias,169,All risk factors,2,Percent,2020,0.5199605582249427,0.7200056356466205,0.24917403506380256
1,All Population,1,Deaths,210,Liberia,3,Both,27,Age-standardized,543,Alzheimer's disease and other dementias,169,All risk factors,3,Rate,2020,10.771566386160554,30.8927164638229,1.8728163672200306
1,All Population,1,Deaths,205,Côte d'Ivoire,3,Both,27,Age-standardized,543,Alzheimer's disease and other dementias,169,All risk factors,2,Percent,2020,0.47602071637065835,0.6816382871785571,0.22746841056332331
1,All Population,1,Deaths,205,Côte d'Ivoire,3,Both,27,Age-standardized,543,Alzheimer's disease and other dementias,169,All risk factors,3,Rate,2020,8.76487217379837,24.752193019939288,1.637323497058966
1,All Population,1,Deaths,218,Togo,3,Both,27,Age-standardized,543,Alzheimer's disease and other dementias,169,All risk factors,2,Percent,2019,0.5167216977262741,0.7174981766354506,0.25732115902379915
1,All Population,1,Deaths,218,Togo,3,Both,27,Age-standardized,543,Alzheimer's disease and other dementias,169,All risk factors,3,Rate,2019,10.349022049685539,29.865177584226085,1.8702806833017553
1,All Population,1,Deaths,203,Cabo Verde,3,Both,27,Age-standardized,543,Alzheimer's disease and other dementias,169,All risk factors,2,Percent,2020,0.4514633984495183,0.6421877300772924,0.21195629591295304
1,All Population,1,Deaths,203,Cabo Verde,3,Both,27,Age-standardized,543,Alzheimer's disease and other dementias,169,All risk factors,3,Rate,2020,9.005870576160019,25.68211150985861,1.705189474542873
1,All Population,1,Deaths,206,Gambia,3,Both,27,Age-standardized,543,Alzheimer's disease and other dementias,169,All risk factors,2,Percent,2020,0.5361837303790393,0.7304263429504323,0.2841287720947201
1,All Population,1,Deaths,206,Gambia,3,Both,27,Age-standardized,543,Alzheimer's disease and other dementias,169,All risk factors,3,Rate,2020,9.959343193259397,28.917001830161983,1.723712389250804
1,All Population,1,Deaths,206,Gambia,3,Both,27,Age-standardized,543,Alzheimer's disease and other dementias,169,All risk factors,2,Percent,2019,0.5361768650924426,0.7281819847970619,0.2842358334595877
1,All Population,1,Deaths,206,Gambia,3,Both,27,Age-standardized,543,Alzheimer's disease and other dementias,169,All risk factors,3,Rate,2019,10.2153031268287,29.693562029253012,1.8115478851305287
1,All Population,1,Deaths,210,Liberia,3,Both,27,Age-standardized,543,Alzheimer's disease and other dementias,169,All risk factors,2,Percent,2019,0.5191810477069362,0.7193656115484244,0.24992178449553104
1,All Population,1,Deaths,210,Liberia,3,Both,27,Age-standardized,543,Alzheimer's disease and other dementias,169,All risk factors,3,Rate,2019,11.80923024482275,33.46612431368734,2.0780792758703517
1,All Population,1,Deaths,211,Mali,3,Both,27,Age-standardized,543,Alzheimer's disease and other dementias,169,All risk factors,2,Percent,2020,0.5501432002533349,0.7339479720471055,0.30013588817678305
1,All Population,1,Deaths,211,Mali,3,Both,27,Age-standardized,543,Alzheimer's disease and other dementias,169,All risk factors,3,Rate,2020,9.52164542604893,25.495032795967184,1.643171512247212
1,All Population,1,Deaths,214,Nigeria,3,Both,27,Age-standardized,543,Alzheimer's disease and other dementias,169,All risk factors,2,Percent,2020,0.5061009285406284,0.7077162084618469,0.2492882027453103
1,All Population,1,Deaths,214,Nigeria,3,Both,27,Age-standardized,543,Alzheimer's disease and other dementias,169,All risk factors,3,Rate,2020,9.368564032661602,27.66623210628574,1.6325458039830834
1,All Population,1,Deaths,204,Chad,3,Both,27,Age-standardized,543,Alzheimer's disease and other dementias,169,All risk factors,2,Percent,2018,0.5296476116312417,0.731599154161515,0.2742900596566097
1,All Population,1,Deaths,204,Chad,3,Both,27,Age-standardized,543,Alzheimer's disease and other dementias,169,All risk factors,3,Rate,2018,11.042692883171643,32.23077657163491,2.0182147885160964
1,All Population,1,Deaths,216,Senegal,3,Both,27,Age-standardized,543,Alzheimer's disease and other dementias,169,All risk factors,2,Percent,2020,0.5428609520069926,0.7269923233437205,0.30164622280021847
1,All Population,1,Deaths,216,Senegal,3,Both,27,Age-standardized,543,Alzheimer's disease and other dementias,169,All risk factors,3,Rate,2020,11.23515468528913,31.4890858841198,2.1833604025183817
1,All Population,1,Deaths,213,Niger,3,Both,27,Age-standardized,543,Alzheimer's disease and other dementias,169,All risk factors,2,Percent,2020,0.5162970611541589,0.7241479591555309,0.24015664121003316
1,All Population,1,Deaths,213,Niger,3,Both,27,Age-standardized,543,Alzheimer's disease and other dementias,169,All risk factors,3,Rate,2020,11.63777292695262,34.882892390839245,2.204153486824379
1,All Population,1,Deaths,202,Cameroon,3,Both,27,Age-standardized,543,Alzheimer's disease and other dementias,169,All risk factors,2,Percent,2020,0.5330937551710812,0.7278128387007681,0.25793110868821967
1,All Population,1,Deaths,202,Cameroon,3,Both,27,Age-standardized,543,Alzheimer's disease and other dementias,169,All risk factors,3,Rate,2020,11.92952381107175,34.9838714423761,2.1537755661814035
1,All Population,1,Deaths,205,Côte d'Ivoire,3,Both,27,Age-standardized,543,Alzheimer's disease and other dementias,169,All risk factors,2,Percent,2021,0.4753517290339927,0.6804355156325399,0.22683707627777464
1,All Population,1,Deaths,205,Côte d'Ivoire,3,Both,27,Age-standardized,543,Alzheimer's disease and other dementias,169,All risk factors,3,Rate,2021,8.563103211475935,24.272353611695127,1.5819191458103432
1,All Population,1,Deaths,200,Benin,3,Both,27,Age-standardized,543,Alzheimer's disease and other dementias,169,All risk factors,2,Percent,2021,0.4826933066656525,0.7021150063717458,0.2071708851655747
1,All Population,1,Deaths,200,Benin,3,Both,27,Age-standardized,543,Alzheimer's disease and other dementias,169,All risk factors,3,Rate,2021,8.92314582257102,25.944085347500764,1.4688218481159168
1,All Population,1,Deaths,201,Burkina Faso,3,Both,27,Age-standardized,543,Alzheimer's disease and other dementias,169,All risk factors,2,Percent,2019,0.4564393936855836,0.6914630586377508,0.16456182310100825
1,All Population,1,Deaths,201,Burkina Faso,3,Both,27,Age-standardized,543,Alzheimer's disease and other dementias,169,All risk factors,3,Rate,2019,12.028725414396304,33.52693754274683,1.9103056418679898
1,All Population,1,Deaths,211,Mali,3,Both,27,Age-standardized,543,Alzheimer's disease and other dementias,169,All risk factors,2,Percent,2021,0.5504918990165569,0.7384742200715907,0.3005302916024492
1,All Population,1,Deaths,211,Mali,3,Both,27,Age-standardized,543,Alzheimer's disease and other dementias,169,All risk factors,3,Rate,2021,9.280961162356201,25.262773111098838,1.7215530510832489
1,All Population,1,Deaths,203,Cabo Verde,3,Both,27,Age-standardized,543,Alzheimer's disease and other dementias,169,All risk factors,2,Percent,2021,0.44763253005407283,0.6386882693093713,0.21278166044701838
1,All Population,1,Deaths,203,Cabo Verde,3,Both,27,Age-standardized,543,Alzheimer's disease and other dementias,169,All risk factors,3,Rate,2021,8.492837605225569,24.081566566140975,1.5649939880858308
1,All Population,1,Deaths,214,Nigeria,3,Both,27,Age-standardized,543,Alzheimer's disease and other dementias,169,All risk factors,2,Percent,2021,0.5080917151708227,0.7093297835168574,0.25126800249199815
1,All Population,1,Deaths,214,Nigeria,3,Both,27,Age-standardized,543,Alzheimer's disease and other dementias,169,All risk factors,3,Rate,2021,9.707337073062586,28.60262560516927,1.6748188790542495
1,All Population,1,Deaths,218,Togo,3,Both,27,Age-standardized,543,Alzheimer's disease and other dementias,169,All risk factors,2,Percent,2020,0.5173899803966763,0.7171803881688428,0.2556014286240613
1,All Population,1,Deaths,218,Togo,3,Both,27,Age-standardized,543,Alzheimer's disease and other dementias,169,All risk factors,3,Rate,2020,10.55070775615157,29.64679365715926,1.8831929722426408
1,All Population,1,Deaths,212,Mauritania,3,Both,27,Age-standardized,543,Alzheimer's disease and other dementias,169,All risk factors,2,Percent,2019,0.5706629712412221,0.7401398021964118,0.35697431548296416
1,All Population,1,Deaths,212,Mauritania,3,Both,27,Age-standardized,543,Alzheimer's disease and other dementias,169,All risk factors,3,Rate,2019,13.660792631721655,37.45121128866532,2.5807526824423555
1,All Population,1,Deaths,212,Mauritania,3,Both,27,Age-standardized,543,Alzheimer's disease and other dementias,169,All risk factors,2,Percent,2020,0.5708787830777168,0.7391139861779414,0.34718496120027376
1,All Population,1,Deaths,212,Mauritania,3,Both,27,Age-standardized,543,Alzheimer's disease and other dementias,169,All risk factors,3,Rate,2020,13.119558813351803,35.727607780345615,2.508371286835555
1,All Population,1,Deaths,208,Guinea,3,Both,27,Age-standardized,543,Alzheimer's disease and other dementias,169,All risk factors,2,Percent,2020,0.49554457246835604,0.7085622504780705,0.22761509889773937
1,All Population,1,Deaths,208,Guinea,3,Both,27,Age-standardized,543,Alzheimer's disease and other dementias,169,All risk factors,3,Rate,2020,9.920402123988302,27.418967876087844,1.7240441707613554
1,All Population,1,Deaths,208,Guinea,3,Both,27,Age-standardized,543,Alzheimer's disease and other dementias,169,All risk factors,2,Percent,2021,0.49601320936831994,0.7085477828346868,0.22809804367156575
1,All Population,1,Deaths,208,Guinea,3,Both,27,Age-standardized,543,Alzheimer's disease and other dementias,169,All risk factors,3,Rate,2021,9.8714121558633,28.34329281007791,1.7799852454890657
1,All Population,1,Deaths,217,Sierra Leone,3,Both,27,Age-standardized,543,Alzheimer's disease and other dementias,169,All risk factors,2,Percent,2019,0.5093955236930024,0.7181337722093784,0.24723001663965583
1,All Population,1,Deaths,217,Sierra Leone,3,Both,27,Age-standardized,543,Alzheimer's disease and other dementias,169,All risk factors,3,Rate,2019,10.745432202093376,30.0779179319368,1.9348022844535602
1,All Population,1,Deaths,216,Senegal,3,Both,27,Age-standardized,543,Alzheimer's disease and other dementias,169,All risk factors,2,Percent,2021,0.5418834003667219,0.7260294684551452,0.29805657176531286
1,All Population,1,Deaths,216,Senegal,3,Both,27,Age-standardized,543,Alzheimer's disease and other dementias,169,All risk factors,3,Rate,2021,11.179608836043624,30.490036400316008,2.2379162224409677
1,All Population,1,Deaths,215,Sao Tome and Principe,3,Both,27,Age-standardized,543,Alzheimer's disease and other dementias,169,All risk factors,2,Percent,2019,0.44317030694919485,0.6486079229919299,0.20212625415011443
1,All Population,1,Deaths,215,Sao Tome and Principe,3,Both,27,Age-standardized,543,Alzheimer's disease and other dementias,169,All risk factors,3,Rate,2019,10.900424971698005,29.385564566207922,1.8350463988689463
1,All Population,1,Deaths,209,Guinea-Bissau,3,Both,27,Age-standardized,543,Alzheimer's disease and other dementias,169,All risk factors,2,Percent,2021,0.5092905737765411,0.7154984838029859,0.2420505357340918
1,All Population,1,Deaths,209,Guinea-Bissau,3,Both,27,Age-standardized,543,Alzheimer's disease and other dementias,169,All risk factors,3,Rate,2021,10.920759503645902,31.802327604810362,1.8812164834659337
1,All Population,1,Deaths,217,Sierra Leone,3,Both,27,Age-standardized,543,Alzheimer's disease and other dementias,169,All risk factors,2,Percent,2020,0.5097674855531957,0.7171886857984847,0.24734165511284414
1,All Population,1,Deaths,217,Sierra Leone,3,Both,27,Age-standardized,543,Alzheimer's disease and other dementias,169,All risk factors,3,Rate,2020,10.888129042813334,30.25086141697726,1.986346858524321
1,All Population,1,Deaths,211,Mali,3,Both,27,Age-standardized,543,Alzheimer's disease and other dementias,169,All risk factors,2,Percent,2022,0.5517400322989889,0.7387222747960944,0.30133187755223806
1,All Population,1,Deaths,211,Mali,3,Both,27,Age-standardized,543,Alzheimer's disease and other dementias,169,All risk factors,3,Rate,2022,9.019309806350169,24.779775932420737,1.650900608277065
1,All Population,1,Deaths,204,Chad,3,Both,27,Age-standardized,543,Alzheimer's disease and other dementias,169,All risk factors,2,Percent,2019,0.5301169178967298,0.7311975160948633,0.273006815072827
1,All Population,1,Deaths,204,Chad,3,Both,27,Age-standardized,543,Alzheimer's disease and other dementias,169,All risk factors,3,Rate,2019,11.091128971493367,33.15348976581596,1.9817808250597588
1,All Population,1,Deaths,206,Gambia,3,Both,27,Age-standardized,543,Alzheimer's disease and other dementias,169,All risk factors,2,Percent,2021,0.536837773672334,0.731889767675759,0.28451577185749166
1,All Population,1,Deaths,206,Gambia,3,Both,27,Age-standardized,543,Alzheimer's disease and other dementias,169,All risk factors,3,Rate,2021,9.300654056867955,26.373389279434,1.6482368892780126
1,All Population,1,Deaths,207,Ghana,3,Both,27,Age-standardized,543,Alzheimer's disease and other dementias,169,All risk factors,2,Percent,2021,0.5322324044877118,0.7245896372180025,0.2888012246455376
1,All Population,1,Deaths,207,Ghana,3,Both,27,Age-standardized,543,Alzheimer's disease and other dementias,169,All risk factors,3,Rate,2021,11.624929002638197,31.647493416188507,2.162893509797118
1,All Population,1,Deaths,218,Togo,3,Both,27,Age-standardized,543,Alzheimer's disease and other dementias,169,All risk factors,2,Percent,2022,0.5184161396968433,0.7173010566961843,0.2544883984713537
1,All Population,1,Deaths,218,Togo,3,Both,27,Age-standardized,543,Alzheimer's disease and other dementias,169,All risk factors,3,Rate,2022,10.301555987190019,28.399630866016675,1.8312114638348842
1,All Population,1,Deaths,215,Sao Tome and Principe,3,Both,27,Age-standardized,543,Alzheimer's disease and other dementias,169,All risk factors,2,Percent,2020,0.4409906315444673,0.6444217344843609,0.20036982427648395
1,All Population,1,Deaths,215,Sao Tome and Principe,3,Both,27,Age-standardized,543,Alzheimer's disease and other dementias,169,All risk factors,3,Rate,2020,10.012012991221948,28.155354972097754,1.6583553483685296
1,All Population,1,Deaths,201,Burkina Faso,3,Both,27,Age-standardized,543,Alzheimer's disease and other dementias,169,All risk factors,2,Percent,2020,0.4568573708340188,0.6920717738000974,0.1644527149814346
1,All Population,1,Deaths,201,Burkina Faso,3,Both,27,Age-standardized,543,Alzheimer's disease and other dementias,169,All risk factors,3,Rate,2020,11.718447886337618,32.19285947237829,1.7756381992259298
1,All Population,1,Deaths,200,Benin,3,Both,27,Age-standardized,543,Alzheimer's disease and other dementias,169,All risk factors,2,Percent,2022,0.4831045413675926,0.7029546407872413,0.20924512346163238
1,All Population,1,Deaths,200,Benin,3,Both,27,Age-standardized,543,Alzheimer's disease and other dementias,169,All risk factors,3,Rate,2022,9.325688874502635,26.289821683392784,1.559608631290059
1,All Population,1,Deaths,216,Senegal,3,Both,27,Age-standardized,543,Alzheimer's disease and other dementias,169,All risk factors,2,Percent,2022,0.5423925269490231,0.7280971456750266,0.31037130496274046
1,All Population,1,Deaths,216,Senegal,3,Both,27,Age-standardized,543,Alzheimer's disease and other dementias,169,All risk factors,3,Rate,2022,11.058230592995184,30.900737634066015,2.2424113219171256
1,All Population,1,Deaths,212,Mauritania,3,Both,27,Age-standardized,543,Alzheimer's disease and other dementias,169,All risk factors,2,Percent,2021,0.5715024103244423,0.7382493166612314,0.35073884352456164
1,All Population,1,Deaths,212,Mauritania,3,Both,27,Age-standardized,543,Alzheimer's disease and other dementias,169,All risk factors,3,Rate,2021,12.30181761395775,33.19832875722334,2.3329623154122845
1,All Population,1,Deaths,205,Côte d'Ivoire,3,Both,27,Age-standardized,543,Alzheimer's disease and other dementias,169,All risk factors,2,Percent,2022,0.4751349428348276,0.6807386362157725,0.22830900290306932
1,All Population,1,Deaths,205,Côte d'Ivoire,3,Both,27,Age-standardized,543,Alzheimer's disease and other dementias,169,All risk factors,3,Rate,2022,8.195228326377173,24.282709101089516,1.5141335873516166
1,All Population,1,Deaths,204,Chad,3,Both,27,Age-standardized,543,Alzheimer's disease and other dementias,169,All risk factors,2,Percent,2021,0.531465309861722,0.731678454790528,0.2724515473481664
1,All Population,1,Deaths,204,Chad,3,Both,27,Age-standardized,543,Alzheimer's disease and other dementias,169,All risk factors,3,Rate,2021,11.314270332607336,33.13950297699746,2.0571648332815986
1,All Population,1,Deaths,204,Chad,3,Both,27,Age-standardized,543,Alzheimer's disease and other dementias,169,All risk factors,2,Percent,2020,0.5302055240031242,0.7322851857631535,0.2738129966934238
1,All Population,1,Deaths,204,Chad,3,Both,27,Age-standardized,543,Alzheimer's disease and other dementias,169,All risk factors,3,Rate,2020,11.41052823099807,34.1761569063205,2.096187111127609
1,All Population,1,Deaths,218,Togo,3,Both,27,Age-standardized,543,Alzheimer's disease and other dementias,169,All risk factors,2,Percent,2021,0.5178783966904097,0.7178682547225512,0.2551557540090821
1,All Population,1,Deaths,218,Togo,3,Both,27,Age-standardized,543,Alzheimer's disease and other dementias,169,All risk factors,3,Rate,2021,10.636418941523058,29.638336862245232,1.9448085672437194
1,All Population,1,Deaths,210,Liberia,3,Both,27,Age-standardized,543,Alzheimer's disease and other dementias,169,All risk factors,2,Percent,2021,0.5214283771308352,0.721252745035246,0.2500461073754873
1,All Population,1,Deaths,210,Liberia,3,Both,27,Age-standardized,543,Alzheimer's disease and other dementias,169,All risk factors,3,Rate,2021,9.297437894519453,26.374742267820128,1.6374343064353607
1,All Population,1,Deaths,213,Niger,3,Both,27,Age-standardized,543,Alzheimer's disease and other dementias,169,All risk factors,2,Percent,2021,0.5165679472120334,0.7241274672974309,0.23972721248383838
1,All Population,1,Deaths,213,Niger,3,Both,27,Age-standardized,543,Alzheimer's disease and other dementias,169,All risk factors,3,Rate,2021,11.632754294901751,35.10487412851113,2.2051085878297148
1,All Population,1,Deaths,202,Cameroon,3,Both,27,Age-standardized,543,Alzheimer's disease and other dementias,169,All risk factors,2,Percent,2021,0.53488308104062,0.7283212360411436,0.2613312566938494
1,All Population,1,Deaths,202,Cameroon,3,Both,27,Age-standardized,543,Alzheimer's disease and other dementias,169,All risk factors,3,Rate,2021,12.451577899774053,36.12809695534368,2.2630579508280495
1,All Population,1,Deaths,215,Sao Tome and Principe,3,Both,27,Age-standardized,543,Alzheimer's disease and other dementias,169,All risk factors,2,Percent,2021,0.4388991807362653,0.6469342309775652,0.20473983807241614
1,All Population,1,Deaths,215,Sao Tome and Principe,3,Both,27,Age-standardized,543,Alzheimer's disease and other dementias,169,All risk factors,3,Rate,2021,9.225344717346472,26.369476592987446,1.5739556034028255
1,All Population,1,Deaths,207,Ghana,3,Both,27,Age-standardized,543,Alzheimer's disease and other dementias,169,All risk factors,2,Percent,2022,0.5334073741070638,0.7236148005822325,0.28555979749526095
1,All Population,1,Deaths,207,Ghana,3,Both,27,Age-standardized,543,Alzheimer's disease and other dementias,169,All risk factors,3,Rate,2022,11.504685791090425,32.124643425589554,2.123369229254338
1,All Population,1,Deaths,209,Guinea-Bissau,3,Both,27,Age-standardized,543,Alzheimer's disease and other dementias,169,All risk factors,2,Percent,2022,0.5098783099476463,0.7156609921529555,0.24092333745780392
1,All Population,1,Deaths,209,Guinea-Bissau,3,Both,27,Age-standardized,543,Alzheimer's disease and other dementias,169,All risk factors,3,Rate,2022,10.36916858968331,31.79511313086904,1.8167775688942756
1,All Population,1,Deaths,203,Cabo Verde,3,Both,27,Age-standardized,543,Alzheimer's disease and other dementias,169,All risk factors,2,Percent,2022,0.44350738975365145,0.6392117042753898,0.2131492564411881
1,All Population,1,Deaths,203,Cabo Verde,3,Both,27,Age-standardized,543,Alzheimer's disease and other dementias,169,All risk factors,3,Rate,2022,8.833294477180061,24.849928208675777,1.5901331518972852
1,All Population,1,Deaths,208,Guinea,3,Both,27,Age-standardized,543,Alzheimer's disease and other dementias,169,All risk factors,2,Percent,2022,0.4965908652846825,0.7086397354596863,0.22823276409670404
1,All Population,1,Deaths,208,Guinea,3,Both,27,Age-standardized,543,Alzheimer's disease and other dementias,169,All risk factors,3,Rate,2022,9.31360998715729,26.26700743401516,1.7101935945911382
1,All Population,1,Deaths,217,Sierra Leone,3,Both,27,Age-standardized,543,Alzheimer's disease and other dementias,169,All risk factors,2,Percent,2021,0.5103417722319278,0.7184050449712096,0.2470094671431201
1,All Population,1,Deaths,217,Sierra Leone,3,Both,27,Age-standardized,543,Alzheimer's disease and other dementias,169,All risk factors,3,Rate,2021,10.917113942466328,30.418620551209873,1.9303096325292972
1,All Population,1,Deaths,214,Nigeria,3,Both,27,Age-standardized,543,Alzheimer's disease and other dementias,169,All risk factors,2,Percent,2022,0.5105746754569817,0.7110559695685645,0.25372273503159515
1,All Population,1,Deaths,214,Nigeria,3,Both,27,Age-standardized,543,Alzheimer's disease and other dementias,169,All risk factors,3,Rate,2022,9.25691508729809,27.05295522235086,1.5719563081094352
1,All Population,1,Deaths,201,Burkina Faso,3,Both,27,Age-standardized,543,Alzheimer's disease and other dementias,169,All risk factors,2,Percent,2021,0.45718899101935373,0.6919076221899808,0.16369039159518425
1,All Population,1,Deaths,201,Burkina Faso,3,Both,27,Age-standardized,543,Alzheimer's disease and other dementias,169,All risk factors,3,Rate,2021,11.907517307971132,33.564719123278394,1.84354279068786
1,All Population,1,Deaths,200,Benin,3,Both,27,Age-standardized,543,Alzheimer's disease and other dementias,169,All risk factors,2,Percent,1996,0.4748579904069531,0.7053776914838275,0.20109986461188462
1,All Population,1,Deaths,200,Benin,3,Both,27,Age-standardized,543,Alzheimer's disease and other dementias,169,All risk factors,3,Rate,1996,8.447088728790433,24.95402738743278,1.416342109508026
1,All Population,1,Deaths,216,Senegal,3,Both,27,Age-standardized,543,Alzheimer's disease and other dementias,169,All risk factors,2,Percent,2023,0.5447808932554506,0.7295579628506138,0.30679524191817265
1,All Population,1,Deaths,216,Senegal,3,Both,27,Age-standardized,543,Alzheimer's disease and other dementias,169,All risk factors,3,Rate,2023,11.541736222123339,31.610979514407394,2.4068876816388967
1,All Population,1,Deaths,200,Benin,3,Both,27,Age-standardized,543,Alzheimer's disease and other dementias,169,All risk factors,2,Percent,2023,0.48487023856981026,0.7042305908599563,0.20768153644472254
1,All Population,1,Deaths,200,Benin,3,Both,27,Age-standardized,543,Alzheimer's disease and other dementias,169,All risk factors,3,Rate,2023,9.268795887072356,25.74643397599836,1.4566270897139395
1,All Population,1,Deaths,205,Côte d'Ivoire,3,Both,27,Age-standardized,543,Alzheimer's disease and other dementias,169,All risk factors,2,Percent,2023,0.47698063089451115,0.6820709944817743,0.23081854866416557
1,All Population,1,Deaths,205,Côte d'Ivoire,3,Both,27,Age-standardized,543,Alzheimer's disease and other dementias,169,All risk factors,3,Rate,2023,8.125185631840578,24.49592375814463,1.4079575959565815
1,All Population,1,Deaths,206,Gambia,3,Both,27,Age-standardized,543,Alzheimer's disease and other dementias,169,All risk factors,2,Percent,2022,0.5379381923661579,0.7308160050206567,0.2811083330578886
1,All Population,1,Deaths,206,Gambia,3,Both,27,Age-standardized,543,Alzheimer's disease and other dementias,169,All risk factors,3,Rate,2022,9.12239921422125,25.41675061273042,1.6803283723202722
1,All Population,1,Deaths,214,Nigeria,3,Both,27,Age-standardized,543,Alzheimer's disease and other dementias,169,All risk factors,2,Percent,2023,0.512490422350242,0.7115005460333103,0.25552048360935165
1,All Population,1,Deaths,214,Nigeria,3,Both,27,Age-standardized,543,Alzheimer's disease and other dementias,169,All risk factors,3,Rate,2023,9.084683903769324,26.222440096362366,1.5781247742165896
1,All Population,1,Deaths,209,Guinea-Bissau,3,Both,27,Age-standardized,543,Alzheimer's disease and other dementias,169,All risk factors,2,Percent,2023,0.5107911007881362,0.716336567728102,0.2428491526331725
1,All Population,1,Deaths,209,Guinea-Bissau,3,Both,27,Age-standardized,543,Alzheimer's disease and other dementias,169,All risk factors,3,Rate,2023,10.494392359179322,31.435676398625723,1.8528917484755432
1,All Population,1,Deaths,203,Cabo Verde,3,Both,27,Age-standardized,543,Alzheimer's disease and other dementias,169,All risk factors,2,Percent,2023,0.45949083355523085,0.6555771225917638,0.216635401759843
1,All Population,1,Deaths,203,Cabo Verde,3,Both,27,Age-standardized,543,Alzheimer's disease and other dementias,169,All risk factors,3,Rate,2023,9.396203396885573,26.130188694631975,1.7144321125459825
1,All Population,1,Deaths,210,Liberia,3,Both,27,Age-standardized,543,Alzheimer's disease and other dementias,169,All risk factors,2,Percent,2022,0.5225442280798422,0.7215789904573205,0.2505502541933543
1,All Population,1,Deaths,210,Liberia,3,Both,27,Age-standardized,543,Alzheimer's disease and other dementias,169,All risk factors,3,Rate,2022,10.868983307948083,30.318365370869795,1.9438851195499864
1,All Population,1,Deaths,218,Togo,3,Both,27,Age-standardized,543,Alzheimer's disease and other dementias,169,All risk factors,2,Percent,2023,0.5199488094638133,0.7184878738271006,0.2555696701857657
1,All Population,1,Deaths,218,Togo,3,Both,27,Age-standardized,543,Alzheimer's disease and other dementias,169,All risk factors,3,Rate,2023,10.238384654160969,29.063038294638293,1.845613334491894
1,All Population,1,Deaths,213,Niger,3,Both,27,Age-standardized,543,Alzheimer's disease and other dementias,169,All risk factors,2,Percent,2023,0.5170647555659057,0.7242242880896159,0.24096059714350632
1,All Population,1,Deaths,213,Niger,3,Both,27,Age-standardized,543,Alzheimer's disease and other dementias,169,All risk factors,3,Rate,2023,11.22977651432432,32.35456275576796,2.0878572655776053
1,All Population,1,Deaths,207,Ghana,3,Both,27,Age-standardized,543,Alzheimer's disease and other dementias,169,All risk factors,2,Percent,2023,0.5347514251903016,0.7247657587132724,0.291595242243315
1,All Population,1,Deaths,207,Ghana,3,Both,27,Age-standardized,543,Alzheimer's disease and other dementias,169,All risk factors,3,Rate,2023,11.417768583734112,32.100063699698396,2.1207199254251723
1,All Population,1,Deaths,202,Cameroon,3,Both,27,Age-standardized,543,Alzheimer's disease and other dementias,169,All risk factors,2,Percent,2023,0.5394114300091775,0.7312006324176621,0.2645456144130288
1,All Population,1,Deaths,202,Cameroon,3,Both,27,Age-standardized,543,Alzheimer's disease and other dementias,169,All risk factors,3,Rate,2023,12.031702407762191,35.53129172103683,2.169658439708586
1,All Population,1,Deaths,213,Niger,3,Both,27,Age-standardized,543,Alzheimer's disease and other dementias,169,All risk factors,2,Percent,2022,0.5169722856294964,0.725627156820045,0.23961078204133987
1,All Population,1,Deaths,213,Niger,3,Both,27,Age-standardized,543,Alzheimer's disease and other dementias,169,All risk factors,3,Rate,2022,11.564174042472423,33.74420140355952,2.191433807676034
1,All Population,1,Deaths,202,Cameroon,3,Both,27,Age-standardized,543,Alzheimer's disease and other dementias,169,All risk factors,2,Percent,2022,0.5374109773076633,0.7304052022763133,0.2622193852837127
1,All Population,1,Deaths,202,Cameroon,3,Both,27,Age-standardized,543,Alzheimer's disease and other dementias,169,All risk factors,3,Rate,2022,12.113258509699296,35.30657926934453,2.154573387466699
1,All Population,1,Deaths,208,Guinea,3,Both,27,Age-standardized,543,Alzheimer's disease and other dementias,169,All risk factors,2,Percent,2023,0.49717012250196335,0.7088712715645444,0.22839978366048644
1,All Population,1,Deaths,208,Guinea,3,Both,27,Age-standardized,543,Alzheimer's disease and other dementias,169,All risk factors,3,Rate,2023,9.183919192563902,26.32015951238423,1.5619067271622495
1,All Population,1,Deaths,211,Mali,3,Both,27,Age-standardized,543,Alzheimer's disease and other dementias,169,All risk factors,2,Percent,2023,0.5514306491933384,0.7384848251883951,0.30008135034506167
1,All Population,1,Deaths,211,Mali,3,Both,27,Age-standardized,543,Alzheimer's disease and other dementias,169,All risk factors,3,Rate,2023,9.161311807775187,25.925542041455746,1.6173353861976976
1,All Population,1,Deaths,210,Liberia,3,Both,27,Age-standardized,543,Alzheimer's disease and other dementias,169,All risk factors,2,Percent,2023,0.5238577117064578,0.7223674574723903,0.254044139653141
1,All Population,1,Deaths,210,Liberia,3,Both,27,Age-standardized,543,Alzheimer's disease and other dementias,169,All risk factors,3,Rate,2023,11.110225832838776,32.37693756260413,1.962715026793164
1,All Population,1,Deaths,208,Guinea,3,Both,27,Age-standardized,543,Alzheimer's disease and other dementias,169,All risk factors,2,Percent,1996,0.49170834592299323,0.7083623759291129,0.22658888347034026
1,All Population,1,Deaths,208,Guinea,3,Both,27,Age-standardized,543,Alzheimer's disease and other dementias,169,All risk factors,3,Rate,1996,9.792571741029194,28.697054158895536,1.6748194709436992
1,All Population,1,Deaths,204,Chad,3,Both,27,Age-standardized,543,Alzheimer's disease and other dementias,169,All risk factors,2,Percent,2022,0.5322140261627504,0.7318991628821543,0.27288751433821495
1,All Population,1,Deaths,204,Chad,3,Both,27,Age-standardized,543,Alzheimer's disease and other dementias,169,All risk factors,3,Rate,2022,10.57878740784232,31.268912409371886,2.089922428519374
1,All Population,1,Deaths,205,Côte d'Ivoire,3,Both,27,Age-standardized,543,Alzheimer's disease and other dementias,169,All risk factors,2,Percent,1996,0.4798251488887859,0.6963336898362575,0.20870610337315326
1,All Population,1,Deaths,205,Côte d'Ivoire,3,Both,27,Age-standardized,543,Alzheimer's disease and other dementias,169,All risk factors,3,Rate,1996,8.099129681754695,23.324188033952165,1.4684705099429138
1,All Population,1,Deaths,211,Mali,3,Both,27,Age-standardized,543,Alzheimer's disease and other dementias,169,All risk factors,2,Percent,1996,0.5459826263430794,0.7371436075058686,0.3165174144421316
1,All Population,1,Deaths,211,Mali,3,Both,27,Age-standardized,543,Alzheimer's disease and other dementias,169,All risk factors,3,Rate,1996,9.935048095905088,27.491106092249836,1.794994312135399
1,All Population,1,Deaths,216,Senegal,3,Both,27,Age-standardized,543,Alzheimer's disease and other dementias,169,All risk factors,2,Percent,1996,0.5350136438803101,0.7288838420657269,0.306445773513667
1,All Population,1,Deaths,216,Senegal,3,Both,27,Age-standardized,543,Alzheimer's disease and other dementias,169,All risk factors,3,Rate,1996,8.802055534307604,24.661034475458052,1.6555018779975994
1,All Population,1,Deaths,201,Burkina Faso,3,Both,27,Age-standardized,543,Alzheimer's disease and other dementias,169,All risk factors,2,Percent,2022,0.4573854593538211,0.6923183257124222,0.16329908397832618
1,All Population,1,Deaths,201,Burkina Faso,3,Both,27,Age-standardized,543,Alzheimer's disease and other dementias,169,All risk factors,3,Rate,2022,11.338093316126196,32.848279401310236,1.740155953772393
1,All Population,1,Deaths,212,Mauritania,3,Both,27,Age-standardized,543,Alzheimer's disease and other dementias,169,All risk factors,2,Percent,2022,0.5722358013928028,0.7431516451004541,0.347933956444265
1,All Population,1,Deaths,212,Mauritania,3,Both,27,Age-standardized,543,Alzheimer's disease and other dementias,169,All risk factors,3,Rate,2022,12.321483091592048,33.11217587909951,2.4214842624312327
1,All Population,1,Deaths,201,Burkina Faso,3,Both,27,Age-standardized,543,Alzheimer's disease and other dementias,169,All risk factors,2,Percent,1996,0.4590529488697181,0.695947879902491,0.15703812859654348
1,All Population,1,Deaths,201,Burkina Faso,3,Both,27,Age-standardized,543,Alzheimer's disease and other dementias,169,All risk factors,3,Rate,1996,11.182251142809571,31.989972759087287,1.681829378711282
1,All Population,1,Deaths,206,Gambia,3,Both,27,Age-standardized,543,Alzheimer's disease and other dementias,169,All risk factors,2,Percent,2023,0.5391626732884056,0.7338449750077477,0.28531261559858506
1,All Population,1,Deaths,206,Gambia,3,Both,27,Age-standardized,543,Alzheimer's disease and other dementias,169,All risk factors,3,Rate,2023,9.258546149510357,26.790369771413104,1.6484768107788046
1,All Population,1,Deaths,217,Sierra Leone,3,Both,27,Age-standardized,543,Alzheimer's disease and other dementias,169,All risk factors,2,Percent,2023,0.5114702986445743,0.7176693884499976,0.2479368698964679
1,All Population,1,Deaths,217,Sierra Leone,3,Both,27,Age-standardized,543,Alzheimer's disease and other dementias,169,All risk factors,3,Rate,2023,10.543260208406267,29.101892401987364,1.9005794280867379
1,All Population,1,Deaths,203,Cabo Verde,3,Both,27,Age-standardized,543,Alzheimer's disease and other dementias,169,All risk factors,2,Percent,1996,0.4834148738641083,0.6982439774826529,0.23257598042719474
1,All Population,1,Deaths,203,Cabo Verde,3,Both,27,Age-standardized,543,Alzheimer's disease and other dementias,169,All risk factors,3,Rate,1996,8.546933738600075,24.326771655697634,1.4895624140302182
1,All Population,1,Deaths,217,Sierra Leone,3,Both,27,Age-standardized,543,Alzheimer's disease and other dementias,169,All risk factors,2,Percent,2022,0.5111150597403907,0.718079191493233,0.24735510605099198
1,All Population,1,Deaths,217,Sierra Leone,3,Both,27,Age-standardized,543,Alzheimer's disease and other dementias,169,All risk factors,3,Rate,2022,10.675622010215777,30.483754804106734,1.916434056369923
1,All Population,1,Deaths,209,Guinea-Bissau,3,Both,27,Age-standardized,543,Alzheimer's disease and other dementias,169,All risk factors,2,Percent,1996,0.4947529132731489,0.7098274902240511,0.23115913227366122
1,All Population,1,Deaths,209,Guinea-Bissau,3,Both,27,Age-standardized,543,Alzheimer's disease and other dementias,169,All risk factors,3,Rate,1996,9.719236817737029,28.823177170540927,1.6911011002201566
1,All Population,1,Deaths,214,Nigeria,3,Both,27,Age-standardized,543,Alzheimer's disease and other dementias,169,All risk factors,2,Percent,1996,0.49803537248136576,0.7114857129101451,0.23898254718351064
1,All Population,1,Deaths,214,Nigeria,3,Both,27,Age-standardized,543,Alzheimer's disease and other dementias,169,All risk factors,3,Rate,1996,7.8633551858001685,23.22296344330934,1.3931685506234117
1,All Population,1,Deaths,206,Gambia,3,Both,27,Age-standardized,543,Alzheimer's disease and other dementias,169,All risk factors,2,Percent,1996,0.5250808892670672,0.723638095362424,0.27640887763010386
1,All Population,1,Deaths,206,Gambia,3,Both,27,Age-standardized,543,Alzheimer's disease and other dementias,169,All risk factors,3,Rate,1996,8.34896466836499,22.659872503780345,1.4949445338783605
1,All Population,1,Deaths,210,Liberia,3,Both,27,Age-standardized,543,Alzheimer's disease and other dementias,169,All risk factors,2,Percent,1996,0.5030621089839863,0.7179748612583017,0.24866684627645713
1,All Population,1,Deaths,210,Liberia,3,Both,27,Age-standardized,543,Alzheimer's disease and other dementias,169,All risk factors,3,Rate,1996,10.747271975030184,30.27241111633299,1.8834759118495636
1,All Population,1,Deaths,202,Cameroon,3,Both,27,Age-standardized,543,Alzheimer's disease and other dementias,169,All risk factors,2,Percent,1996,0.49406709032808727,0.7050701238216808,0.2272961577602125
1,All Population,1,Deaths,202,Cameroon,3,Both,27,Age-standardized,543,Alzheimer's disease and other dementias,169,All risk factors,3,Rate,1996,10.565755027342604,30.628998728968778,1.8015430911236208
1,All Population,1,Deaths,207,Ghana,3,Both,27,Age-standardized,543,Alzheimer's disease and other dementias,169,All risk factors,2,Percent,1996,0.5197457352471337,0.7204163621939679,0.277287142810923
1,All Population,1,Deaths,207,Ghana,3,Both,27,Age-standardized,543,Alzheimer's disease and other dementias,169,All risk factors,3,Rate,1996,8.903915681284703,25.224270381992493,1.6566705507998905
1,All Population,1,Deaths,213,Niger,3,Both,27,Age-standardized,543,Alzheimer's disease and other dementias,169,All risk factors,2,Percent,1996,0.5102053679835244,0.7209003600788914,0.23895647074368484
1,All Population,1,Deaths,213,Niger,3,Both,27,Age-standardized,543,Alzheimer's disease and other dementias,169,All risk factors,3,Rate,1996,10.916789008416485,32.00253630445659,2.025456499646802
1,All Population,1,Deaths,215,Sao Tome and Principe,3,Both,27,Age-standardized,543,Alzheimer's disease and other dementias,169,All risk factors,2,Percent,1996,0.46409836450085484,0.6864575601703947,0.19140776020517158
1,All Population,1,Deaths,215,Sao Tome and Principe,3,Both,27,Age-standardized,543,Alzheimer's disease and other dementias,169,All risk factors,3,Rate,1996,8.52486237037888,24.196478976775875,1.3775749614475568
1,All Population,1,Deaths,212,Mauritania,3,Both,27,Age-standardized,543,Alzheimer's disease and other dementias,169,All risk factors,2,Percent,1996,0.5603853603007222,0.733504392012467,0.3471561306078843
1,All Population,1,Deaths,212,Mauritania,3,Both,27,Age-standardized,543,Alzheimer's disease and other dementias,169,All risk factors,3,Rate,1996,11.456437879967504,31.160552310282252,2.181607055981827
1,All Population,1,Deaths,211,Mali,3,Both,27,Age-standardized,543,Alzheimer's disease and other dementias,169,All risk factors,2,Percent,1999,0.5467393163446903,0.7346782375063166,0.31378589333491824
1,All Population,1,Deaths,211,Mali,3,Both,27,Age-standardized,543,Alzheimer's disease and other dementias,169,All risk factors,3,Rate,1999,9.852355228650712,26.717644028968333,1.8052371177628057
1,All Population,1,Deaths,216,Senegal,3,Both,27,Age-standardized,543,Alzheimer's disease and other dementias,169,All risk factors,2,Percent,1999,0.5361302292608161,0.7271053588600966,0.30591553419421746
1,All Population,1,Deaths,216,Senegal,3,Both,27,Age-standardized,543,Alzheimer's disease and other dementias,169,All risk factors,3,Rate,1999,8.88477034453061,25.0819049521604,1.6864499158230075
1,All Population,1,Deaths,208,Guinea,3,Both,27,Age-standardized,543,Alzheimer's disease and other dementias,169,All risk factors,2,Percent,1999,0.49233808845654975,0.7083836611346433,0.22932164779555103
1,All Population,1,Deaths,208,Guinea,3,Both,27,Age-standardized,543,Alzheimer's disease and other dementias,169,All risk factors,3,Rate,1999,9.76958004158645,29.253530792735695,1.637073220508762
1,All Population,1,Deaths,200,Benin,3,Both,27,Age-standardized,543,Alzheimer's disease and other dementias,169,All risk factors,2,Percent,1999,0.4761212360729696,0.7051603230202806,0.20286725320952634
1,All Population,1,Deaths,200,Benin,3,Both,27,Age-standardized,543,Alzheimer's disease and other dementias,169,All risk factors,3,Rate,1999,8.392649218928469,24.596797579089714,1.3765219003694888
1,All Population,1,Deaths,205,Côte d'Ivoire,3,Both,27,Age-standardized,543,Alzheimer's disease and other dementias,169,All risk factors,2,Percent,1999,0.48180420618779457,0.697504272462587,0.2135518033874388
1,All Population,1,Deaths,205,Côte d'Ivoire,3,Both,27,Age-standardized,543,Alzheimer's disease and other dementias,169,All risk factors,3,Rate,1999,8.063543332539998,24.6400741068345,1.5113804367436299
1,All Population,1,Deaths,212,Mauritania,3,Both,27,Age-standardized,543,Alzheimer's disease and other dementias,169,All risk factors,2,Percent,2023,0.5732315122542126,0.7452206019459882,0.3405476208340022
1,All Population,1,Deaths,212,Mauritania,3,Both,27,Age-standardized,543,Alzheimer's disease and other dementias,169,All risk factors,3,Rate,2023,13.079696054668196,35.794618918265535,2.578920231742818
1,All Population,1,Deaths,201,Burkina Faso,3,Both,27,Age-standardized,543,Alzheimer's disease and other dementias,169,All risk factors,2,Percent,2023,0.45745005532704025,0.6918498959403285,0.163773133910221
1,All Population,1,Deaths,201,Burkina Faso,3,Both,27,Age-standardized,543,Alzheimer's disease and other dementias,169,All risk factors,3,Rate,2023,11.365427618930841,32.722172681115296,1.796531629295601
1,All Population,1,Deaths,204,Chad,3,Both,27,Age-standardized,543,Alzheimer's disease and other dementias,169,All risk factors,2,Percent,2023,0.532510259573816,0.7307566884680505,0.2754081673295395
1,All Population,1,Deaths,204,Chad,3,Both,27,Age-standardized,543,Alzheimer's disease and other dementias,169,All risk factors,3,Rate,2023,10.410983231952308,29.931384576178196,2.0122264151701708
1,All Population,1,Deaths,215,Sao Tome and Principe,3,Both,27,Age-standardized,543,Alzheimer's disease and other dementias,169,All risk factors,2,Percent,2022,0.43772312916319994,0.6403307728083724,0.20754822084172958
1,All Population,1,Deaths,215,Sao Tome and Principe,3,Both,27,Age-standardized,543,Alzheimer's disease and other dementias,169,All risk factors,3,Rate,2022,9.563115309127046,26.196940427736237,1.6101254893395616
1,All Population,1,Deaths,215,Sao Tome and Principe,3,Both,27,Age-standardized,543,Alzheimer's disease and other dementias,169,All risk factors,2,Percent,2023,0.4426253430292245,0.6480168438120575,0.20546010079300375
1,All Population,1,Deaths,215,Sao Tome and Principe,3,Both,27,Age-standardized,543,Alzheimer's disease and other dementias,169,All risk factors,3,Rate,2023,9.9271927662148,27.220664803497133,1.6958640976418267
1,All Population,1,Deaths,218,Togo,3,Both,27,Age-standardized,543,Alzheimer's disease and other dementias,169,All risk factors,2,Percent,1996,0.5070865137207989,0.714829637051802,0.25408184018100816
1,All Population,1,Deaths,218,Togo,3,Both,27,Age-standardized,543,Alzheimer's disease and other dementias,169,All risk factors,3,Rate,1996,9.392283654992656,27.4594102831142,1.718580996647292
1,All Population,1,Deaths,204,Chad,3,Both,27,Age-standardized,543,Alzheimer's disease and other dementias,169,All risk factors,2,Percent,1996,0.5272365938744358,0.7294930327781003,0.27967078918136057
1,All Population,1,Deaths,204,Chad,3,Both,27,Age-standardized,543,Alzheimer's disease and other dementias,169,All risk factors,3,Rate,1996,11.135571196353634,32.42553624880926,1.99091171165422
1,All Population,1,Deaths,217,Sierra Leone,3,Both,27,Age-standardized,543,Alzheimer's disease and other dementias,169,All risk factors,2,Percent,1996,0.5015009707179301,0.7150691793944077,0.24253020071831666
1,All Population,1,Deaths,217,Sierra Leone,3,Both,27,Age-standardized,543,Alzheimer's disease and other dementias,169,All risk factors,3,Rate,1996,8.205423599342712,24.297581011161434,1.562336240508
1,All Population,1,Deaths,209,Guinea-Bissau,3,Both,27,Age-standardized,543,Alzheimer's disease and other dementias,169,All risk factors,2,Percent,1999,0.4967013749326902,0.7106962154916352,0.23457957113654213
1,All Population,1,Deaths,209,Guinea-Bissau,3,Both,27,Age-standardized,543,Alzheimer's disease and other dementias,169,All risk factors,3,Rate,1999,9.282634240252374,27.064924754005474,1.6020625167386044
1,All Population,1,Deaths,214,Nigeria,3,Both,27,Age-standardized,543,Alzheimer's disease and other dementias,169,All risk factors,2,Percent,1999,0.4995664373086849,0.7113900145009923,0.24083832629080304
1,All Population,1,Deaths,214,Nigeria,3,Both,27,Age-standardized,543,Alzheimer's disease and other dementias,169,All risk factors,3,Rate,1999,7.991442690855862,23.43402152326513,1.372206830066001
1,All Population,1,Deaths,217,Sierra Leone,3,Both,27,Age-standardized,543,Alzheimer's disease and other dementias,169,All risk factors,2,Percent,1999,0.5038130761498024,0.713983762694807,0.2443477765567646
1,All Population,1,Deaths,217,Sierra Leone,3,Both,27,Age-standardized,543,Alzheimer's disease and other dementias,169,All risk factors,3,Rate,1999,8.206561019859926,24.284925000132027,1.574369525130337
1,All Population,1,Deaths,206,Gambia,3,Both,27,Age-standardized,543,Alzheimer's disease and other dementias,169,All risk factors,2,Percent,1999,0.5263756583074009,0.724760262947674,0.2797282245124893
1,All Population,1,Deaths,206,Gambia,3,Both,27,Age-standardized,543,Alzheimer's disease and other dementias,169,All risk factors,3,Rate,1999,8.873612468022513,25.751852583678936,1.6762125841417534
1,All Population,1,Deaths,203,Cabo Verde,3,Both,27,Age-standardized,543,Alzheimer's disease and other dementias,169,All risk factors,2,Percent,1999,0.48277576130059285,0.6921622357289431,0.23686635855193522
1,All Population,1,Deaths,203,Cabo Verde,3,Both,27,Age-standardized,543,Alzheimer's disease and other dementias,169,All risk factors,3,Rate,1999,8.26699310888658,24.48901111486904,1.3913566193871865
1,All Population,1,Deaths,213,Niger,3,Both,27,Age-standardized,543,Alzheimer's disease and other dementias,169,All risk factors,2,Percent,1999,0.5115185489878931,0.7218476360392532,0.24383295022097065
1,All Population,1,Deaths,213,Niger,3,Both,27,Age-standardized,543,Alzheimer's disease and other dementias,169,All risk factors,3,Rate,1999,10.83131694015075,32.61549779652015,1.8901974735155895
1,All Population,1,Deaths,210,Liberia,3,Both,27,Age-standardized,543,Alzheimer's disease and other dementias,169,All risk factors,2,Percent,1999,0.5054877384960579,0.7171503667824983,0.2550908912366286
1,All Population,1,Deaths,210,Liberia,3,Both,27,Age-standardized,543,Alzheimer's disease and other dementias,169,All risk factors,3,Rate,1999,10.599700373775812,31.193571389623976,1.8878660558717972
1,All Population,1,Deaths,218,Togo,3,Both,27,Age-standardized,543,Alzheimer's disease and other dementias,169,All risk factors,2,Percent,1999,0.5091271029637758,0.7170569287218613,0.25493178716657
1,All Population,1,Deaths,218,Togo,3,Both,27,Age-standardized,543,Alzheimer's disease and other dementias,169,All risk factors,3,Rate,1999,9.172313136853516,27.999142425458036,1.7163982353217375
1,All Population,1,Deaths,202,Cameroon,3,Both,27,Age-standardized,543,Alzheimer's disease and other dementias,169,All risk factors,2,Percent,1999,0.49857914724097135,0.7081617296015125,0.23208237687977828
1,All Population,1,Deaths,202,Cameroon,3,Both,27,Age-standardized,543,Alzheimer's disease and other dementias,169,All risk factors,3,Rate,1999,10.602885356573458,31.226498740468784,1.853813838475866
1,All Population,1,Deaths,207,Ghana,3,Both,27,Age-standardized,543,Alzheimer's disease and other dementias,169,All risk factors,2,Percent,1999,0.5229168193044428,0.7183561696087439,0.2840803053756914
1,All Population,1,Deaths,207,Ghana,3,Both,27,Age-standardized,543,Alzheimer's disease and other dementias,169,All risk factors,3,Rate,1999,8.86194089772904,26.20313348828058,1.6898335996319969
1,All Population,1,Deaths,204,Chad,3,Both,27,Age-standardized,543,Alzheimer's disease and other dementias,169,All risk factors,2,Percent,1999,0.5280449832484614,0.7284124383335331,0.2793435220401985
1,All Population,1,Deaths,204,Chad,3,Both,27,Age-standardized,543,Alzheimer's disease and other dementias,169,All risk factors,3,Rate,1999,10.877488794700483,32.33163972457691,2.075396176138735
1,All Population,1,Deaths,201,Burkina Faso,3,Both,27,Age-standardized,543,Alzheimer's disease and other dementias,169,All risk factors,2,Percent,1999,0.45930504168741937,0.6949465100828139,0.15695612984234658
1,All Population,1,Deaths,201,Burkina Faso,3,Both,27,Age-standardized,543,Alzheimer's disease and other dementias,169,All risk factors,3,Rate,1999,11.069845721959785,31.863589827263546,1.712999693714802
1,All Population,1,Deaths,212,Mauritania,3,Both,27,Age-standardized,543,Alzheimer's disease and other dementias,169,All risk factors,2,Percent,1999,0.5609628025517075,0.7333514714721332,0.3495875853005316
1,All Population,1,Deaths,212,Mauritania,3,Both,27,Age-standardized,543,Alzheimer's disease and other dementias,169,All risk factors,3,Rate,1999,11.553440649674965,31.35403412020435,2.1840813547647664
1,All Population,1,Deaths,215,Sao Tome and Principe,3,Both,27,Age-standardized,543,Alzheimer's disease and other dementias,169,All risk factors,2,Percent,1999,0.46489770148573867,0.6832797862804652,0.19471723385343864
1,All Population,1,Deaths,215,Sao Tome and Principe,3,Both,27,Age-standardized,543,Alzheimer's disease and other dementias,169,All risk factors,3,Rate,1999,8.915538006864496,25.2855852934046,1.4664304126642957
1,All Population,2,DALYs (Disability-Adjusted Life Years),203,Cabo Verde,3,Both,27,Age-standardized,543,Alzheimer's disease and other dementias,169,All risk factors,2,Percent,1990,0.4858353914235356,0.7034619502995556,0.2240977515210951
1,All Population,2,DALYs (Disability-Adjusted Life Years),203,Cabo Verde,3,Both,27,Age-standardized,543,Alzheimer's disease and other dementias,169,All risk factors,3,Rate,1990,151.92962643242083,367.89640989772215,49.14389121525081
1,All Population,2,DALYs (Disability-Adjusted Life Years),212,Mauritania,3,Both,27,Age-standardized,543,Alzheimer's disease and other dementias,169,All risk factors,2,Percent,1990,0.5580354952130104,0.7386509062245553,0.3415266945288342
1,All Population,2,DALYs (Disability-Adjusted Life Years),212,Mauritania,3,Both,27,Age-standardized,543,Alzheimer's disease and other dementias,169,All risk factors,3,Rate,1990,189.81888397335487,454.2742937865943,68.84127780250788
1,All Population,2,DALYs (Disability-Adjusted Life Years),203,Cabo Verde,3,Both,27,Age-standardized,543,Alzheimer's disease and other dementias,169,All risk factors,2,Percent,1991,0.4852172855378353,0.7028356393867142,0.22452978273390325
1,All Population,2,DALYs (Disability-Adjusted Life Years),203,Cabo Verde,3,Both,27,Age-standardized,543,Alzheimer's disease and other dementias,169,All risk factors,3,Rate,1991,152.02022562867367,365.0624501819676,48.89345652781173
1,All Population,2,DALYs (Disability-Adjusted Life Years),215,Sao Tome and Principe,3,Both,27,Age-standardized,543,Alzheimer's disease and other dementias,169,All risk factors,2,Percent,1990,0.45679997102141895,0.6853911004761487,0.17600457741886089
1,All Population,2,DALYs (Disability-Adjusted Life Years),215,Sao Tome and Principe,3,Both,27,Age-standardized,543,Alzheimer's disease and other dementias,169,All risk factors,3,Rate,1990,140.9150104634442,350.67413523237,35.56402598091885
1,All Population,2,DALYs (Disability-Adjusted Life Years),212,Mauritania,3,Both,27,Age-standardized,543,Alzheimer's disease and other dementias,169,All risk factors,2,Percent,1991,0.5583808398671913,0.7378917074020002,0.34539672569569235
1,All Population,2,DALYs (Disability-Adjusted Life Years),212,Mauritania,3,Both,27,Age-standardized,543,Alzheimer's disease and other dementias,169,All risk factors,3,Rate,1991,188.47583706416512,453.73376263370074,68.26900000372615
1,All Population,2,DALYs (Disability-Adjusted Life Years),204,Chad,3,Both,27,Age-standardized,543,Alzheimer's disease and other dementias,169,All risk factors,2,Percent,1991,0.5259571100688842,0.7280609602390454,0.2742168415366762
1,All Population,2,DALYs (Disability-Adjusted Life Years),204,Chad,3,Both,27,Age-standardized,543,Alzheimer's disease and other dementias,169,All risk factors,3,Rate,1991,186.39949070950138,454.1302723816764,59.53832649621117
1,All Population,2,DALYs (Disability-Adjusted Life Years),214,Nigeria,3,Both,27,Age-standardized,543,Alzheimer's disease and other dementias,169,All risk factors,2,Percent,1991,0.4954037573959006,0.7094889339042485,0.23189301912640736
1,All Population,2,DALYs (Disability-Adjusted Life Years),214,Nigeria,3,Both,27,Age-standardized,543,Alzheimer's disease and other dementias,169,All risk factors,3,Rate,1991,135.5811165761132,355.3701088250746,43.64621370317891
1,All Population,2,DALYs (Disability-Adjusted Life Years),205,Côte d'Ivoire,3,Both,27,Age-standardized,543,Alzheimer's disease and other dementias,169,All risk factors,2,Percent,1991,0.474142019108038,0.6934019628999706,0.20243879455651553
1,All Population,2,DALYs (Disability-Adjusted Life Years),205,Côte d'Ivoire,3,Both,27,Age-standardized,543,Alzheimer's disease and other dementias,169,All risk factors,3,Rate,1991,143.24303662841808,356.0061970653218,40.791763788491124
1,All Population,2,DALYs (Disability-Adjusted Life Years),200,Benin,3,Both,27,Age-standardized,543,Alzheimer's disease and other dementias,169,All risk factors,2,Percent,1991,0.4744872253305307,0.7069209422856844,0.19425110908020748
1,All Population,2,DALYs (Disability-Adjusted Life Years),200,Benin,3,Both,27,Age-standardized,543,Alzheimer's disease and other dementias,169,All risk factors,3,Rate,1991,144.37415663414754,366.36454733792357,45.56195243672342
1,All Population,2,DALYs (Disability-Adjusted Life Years),205,Côte d'Ivoire,3,Both,27,Age-standardized,543,Alzheimer's disease and other dementias,169,All risk factors,2,Percent,1990,0.47396321429122507,0.6938418148916259,0.20256070949658708
1,All Population,2,DALYs (Disability-Adjusted Life Years),205,Côte d'Ivoire,3,Both,27,Age-standardized,543,Alzheimer's disease and other dementias,169,All risk factors,3,Rate,1990,144.62576534901567,362.7279439413811,40.893876419802915
1,All Population,2,DALYs (Disability-Adjusted Life Years),201,Burkina Faso,3,Both,27,Age-standardized,543,Alzheimer's disease and other dementias,169,All risk factors,2,Percent,1991,0.4545897822212344,0.6960134382369406,0.15173064955286097
1,All Population,2,DALYs (Disability-Adjusted Life Years),201,Burkina Faso,3,Both,27,Age-standardized,543,Alzheimer's disease and other dementias,169,All risk factors,3,Rate,1991,180.0523624097344,463.98484744048335,41.773703743932245
1,All Population,2,DALYs (Disability-Adjusted Life Years),200,Benin,3,Both,27,Age-standardized,543,Alzheimer's disease and other dementias,169,All risk factors,2,Percent,1990,0.47433889576151816,0.7070125532515745,0.19383457780030017
1,All Population,2,DALYs (Disability-Adjusted Life Years),200,Benin,3,Both,27,Age-standardized,543,Alzheimer's disease and other dementias,169,All risk factors,3,Rate,1990,144.04026880618096,362.7033452152907,46.12712515887781
1,All Population,2,DALYs (Disability-Adjusted Life Years),215,Sao Tome and Principe,3,Both,27,Age-standardized,543,Alzheimer's disease and other dementias,169,All risk factors,2,Percent,1991,0.4567489272224698,0.6848211368821965,0.18086147285126075
1,All Population,2,DALYs (Disability-Adjusted Life Years),215,Sao Tome and Principe,3,Both,27,Age-standardized,543,Alzheimer's disease and other dementias,169,All risk factors,3,Rate,1991,140.84504487124357,347.01659665143933,35.54136904808818
1,All Population,2,DALYs (Disability-Adjusted Life Years),207,Ghana,3,Both,27,Age-standardized,543,Alzheimer's disease and other dementias,169,All risk factors,2,Percent,1990,0.5162422165227407,0.7205263587785664,0.27010589983212885
1,All Population,2,DALYs (Disability-Adjusted Life Years),207,Ghana,3,Both,27,Age-standardized,543,Alzheimer's disease and other dementias,169,All risk factors,3,Rate,1990,151.6035114692528,375.98661164944576,52.027473287243744
1,All Population,2,DALYs (Disability-Adjusted Life Years),214,Nigeria,3,Both,27,Age-standardized,543,Alzheimer's disease and other dementias,169,All risk factors,2,Percent,1990,0.49550476980764135,0.7092328692714664,0.23211712406813959
1,All Population,2,DALYs (Disability-Adjusted Life Years),214,Nigeria,3,Both,27,Age-standardized,543,Alzheimer's disease and other dementias,169,All risk factors,3,Rate,1990,134.9116844993886,346.07830386302214,43.11726235731922
1,All Population,2,DALYs (Disability-Adjusted Life Years),204,Chad,3,Both,27,Age-standardized,543,Alzheimer's disease and other dementias,169,All risk factors,2,Percent,1990,0.5258099540112751,0.728159267120895,0.2750520021156958
1,All Population,2,DALYs (Disability-Adjusted Life Years),204,Chad,3,Both,27,Age-standardized,543,Alzheimer's disease and other dementias,169,All risk factors,3,Rate,1990,186.3268380848865,458.4011636371542,58.64098265653992
1,All Population,2,DALYs (Disability-Adjusted Life Years),207,Ghana,3,Both,27,Age-standardized,543,Alzheimer's disease and other dementias,169,All risk factors,2,Percent,1992,0.5168525352647722,0.7200921543711802,0.2746604321710021
1,All Population,2,DALYs (Disability-Adjusted Life Years),207,Ghana,3,Both,27,Age-standardized,543,Alzheimer's disease and other dementias,169,All risk factors,3,Rate,1992,152.5383353407425,377.34397685499175,53.18361406808177
1,All Population,2,DALYs (Disability-Adjusted Life Years),202,Cameroon,3,Both,27,Age-standardized,543,Alzheimer's disease and other dementias,169,All risk factors,2,Percent,1991,0.4885275044227794,0.7042930013564646,0.21955315341316256
1,All Population,2,DALYs (Disability-Adjusted Life Years),202,Cameroon,3,Both,27,Age-standardized,543,Alzheimer's disease and other dementias,169,All risk factors,3,Rate,1991,175.8584714588074,443.97467491159756,51.680101001165646
1,All Population,2,DALYs (Disability-Adjusted Life Years),202,Cameroon,3,Both,27,Age-standardized,543,Alzheimer's disease and other dementias,169,All risk factors,2,Percent,1990,0.4873915066216475,0.705279127855491,0.2166028669765127
1,All Population,2,DALYs (Disability-Adjusted Life Years),202,Cameroon,3,Both,27,Age-standardized,543,Alzheimer's disease and other dementias,169,All risk factors,3,Rate,1990,176.2282954994529,437.47547598212594,52.05144167847004
1,All Population,2,DALYs (Disability-Adjusted Life Years),209,Guinea-Bissau,3,Both,27,Age-standardized,543,Alzheimer's disease and other dementias,169,All risk factors,2,Percent,1991,0.49034350044870334,0.7108482427761235,0.22838915126151915
1,All Population,2,DALYs (Disability-Adjusted Life Years),209,Guinea-Bissau,3,Both,27,Age-standardized,543,Alzheimer's disease and other dementias,169,All risk factors,3,Rate,1991,153.90493142458024,379.1763367576099,46.99815517912431
1,All Population,2,DALYs (Disability-Adjusted Life Years),216,Senegal,3,Both,27,Age-standardized,543,Alzheimer's disease and other dementias,169,All risk factors,2,Percent,1990,0.5359542053576688,0.7313415808937587,0.2990299182626823
1,All Population,2,DALYs (Disability-Adjusted Life Years),216,Senegal,3,Both,27,Age-standardized,543,Alzheimer's disease and other dementias,169,All risk factors,3,Rate,1990,154.48785822334622,350.94481918570614,56.04475231315724
1,All Population,2,DALYs (Disability-Adjusted Life Years),209,Guinea-Bissau,3,Both,27,Age-standardized,543,Alzheimer's disease and other dementias,169,All risk factors,2,Percent,1990,0.49006850804207563,0.7101858602012849,0.22511482942381528
1,All Population,2,DALYs (Disability-Adjusted Life Years),209,Guinea-Bissau,3,Both,27,Age-standardized,543,Alzheimer's disease and other dementias,169,All risk factors,3,Rate,1990,153.93981620629773,374.91265535182947,46.60339917357518
1,All Population,2,DALYs (Disability-Adjusted Life Years),216,Senegal,3,Both,27,Age-standardized,543,Alzheimer's disease and other dementias,169,All risk factors,2,Percent,1991,0.5358725837339081,0.7305093583487934,0.29844452418734135
1,All Population,2,DALYs (Disability-Adjusted Life Years),216,Senegal,3,Both,27,Age-standardized,543,Alzheimer's disease and other dementias,169,All risk factors,3,Rate,1991,154.88979741937226,353.8622699414854,55.72974084002696
1,All Population,2,DALYs (Disability-Adjusted Life Years),207,Ghana,3,Both,27,Age-standardized,543,Alzheimer's disease and other dementias,169,All risk factors,2,Percent,1991,0.5164478249458648,0.7205332215620934,0.2721172958460118
1,All Population,2,DALYs (Disability-Adjusted Life Years),207,Ghana,3,Both,27,Age-standardized,543,Alzheimer's disease and other dementias,169,All risk factors,3,Rate,1991,151.75076525346012,379.55873523132396,52.58227818519812
1,All Population,2,DALYs (Disability-Adjusted Life Years),208,Guinea,3,Both,27,Age-standardized,543,Alzheimer's disease and other dementias,169,All risk factors,2,Percent,1991,0.49302058299181006,0.7111160569538705,0.2196513286914371
1,All Population,2,DALYs (Disability-Adjusted Life Years),208,Guinea,3,Both,27,Age-standardized,543,Alzheimer's disease and other dementias,169,All risk factors,3,Rate,1991,162.4788071851197,394.7789432621801,51.246098594736026
1,All Population,2,DALYs (Disability-Adjusted Life Years),211,Mali,3,Both,27,Age-standardized,543,Alzheimer's disease and other dementias,169,All risk factors,2,Percent,1991,0.5496561017429206,0.7405333674717182,0.3137313502621732
1,All Population,2,DALYs (Disability-Adjusted Life Years),211,Mali,3,Both,27,Age-standardized,543,Alzheimer's disease and other dementias,169,All risk factors,3,Rate,1991,170.09914459034457,406.94699481652356,59.69788512894176
1,All Population,2,DALYs (Disability-Adjusted Life Years),200,Benin,3,Both,27,Age-standardized,543,Alzheimer's disease and other dementias,169,All risk factors,2,Percent,1992,0.47467443955724825,0.7060729027989668,0.19771745246631775
1,All Population,2,DALYs (Disability-Adjusted Life Years),200,Benin,3,Both,27,Age-standardized,543,Alzheimer's disease and other dementias,169,All risk factors,3,Rate,1992,144.22034943954864,363.645325322039,45.41445967826126
1,All Population,2,DALYs (Disability-Adjusted Life Years),205,Côte d'Ivoire,3,Both,27,Age-standardized,543,Alzheimer's disease and other dementias,169,All risk factors,2,Percent,1992,0.4744153239660905,0.6928307128239936,0.20217888455492244
1,All Population,2,DALYs (Disability-Adjusted Life Years),205,Côte d'Ivoire,3,Both,27,Age-standardized,543,Alzheimer's disease and other dementias,169,All risk factors,3,Rate,1992,142.56107170625876,353.8422807750171,41.2798808192014
1,All Population,2,DALYs (Disability-Adjusted Life Years),218,Togo,3,Both,27,Age-standardized,543,Alzheimer's disease and other dementias,169,All risk factors,2,Percent,1991,0.5034510470190326,0.7158778609428531,0.2443126440562327
1,All Population,2,DALYs (Disability-Adjusted Life Years),218,Togo,3,Both,27,Age-standardized,543,Alzheimer's disease and other dementias,169,All risk factors,3,Rate,1991,163.38538645763848,402.278281665253,51.30534871203862
1,All Population,2,DALYs (Disability-Adjusted Life Years),217,Sierra Leone,3,Both,27,Age-standardized,543,Alzheimer's disease and other dementias,169,All risk factors,2,Percent,1991,0.49978701931060293,0.714023233298658,0.2418200496535804
1,All Population,2,DALYs (Disability-Adjusted Life Years),217,Sierra Leone,3,Both,27,Age-standardized,543,Alzheimer's disease and other dementias,169,All risk factors,3,Rate,1991,145.2647643147834,352.8895684722454,48.39875171055329
1,All Population,2,DALYs (Disability-Adjusted Life Years),210,Liberia,3,Both,27,Age-standardized,543,Alzheimer's disease and other dementias,169,All risk factors,2,Percent,1991,0.49662806096641393,0.7132283832076306,0.23441716708238836
1,All Population,2,DALYs (Disability-Adjusted Life Years),210,Liberia,3,Both,27,Age-standardized,543,Alzheimer's disease and other dementias,169,All risk factors,3,Rate,1991,167.90198986943784,425.77381353864996,51.53478943275849
1,All Population,2,DALYs (Disability-Adjusted Life Years),213,Niger,3,Both,27,Age-standardized,543,Alzheimer's disease and other dementias,169,All risk factors,2,Percent,1991,0.506409738575441,0.720308957998957,0.23541895325636195
1,All Population,2,DALYs (Disability-Adjusted Life Years),213,Niger,3,Both,27,Age-standardized,543,Alzheimer's disease and other dementias,169,All risk factors,3,Rate,1991,176.13597596169876,433.54462524838783,54.716069345197084
1,All Population,2,DALYs (Disability-Adjusted Life Years),217,Sierra Leone,3,Both,27,Age-standardized,543,Alzheimer's disease and other dementias,169,All risk factors,2,Percent,1990,0.4997500653685685,0.7140389926889786,0.23862968397036569
1,All Population,2,DALYs (Disability-Adjusted Life Years),217,Sierra Leone,3,Both,27,Age-standardized,543,Alzheimer's disease and other dementias,169,All risk factors,3,Rate,1990,146.29023203661947,357.55959220303833,48.89529018482463
1,All Population,2,DALYs (Disability-Adjusted Life Years),211,Mali,3,Both,27,Age-standardized,543,Alzheimer's disease and other dementias,169,All risk factors,2,Percent,1990,0.5498609818094167,0.7409246688589649,0.3102084641140642
1,All Population,2,DALYs (Disability-Adjusted Life Years),211,Mali,3,Both,27,Age-standardized,543,Alzheimer's disease and other dementias,169,All risk factors,3,Rate,1990,170.4835629472335,408.2945817021925,58.87285873812655
1,All Population,2,DALYs (Disability-Adjusted Life Years),218,Togo,3,Both,27,Age-standardized,543,Alzheimer's disease and other dementias,169,All risk factors,2,Percent,1990,0.5037095895741696,0.7155711077120025,0.24073853051536268
1,All Population,2,DALYs (Disability-Adjusted Life Years),218,Togo,3,Both,27,Age-standardized,543,Alzheimer's disease and other dementias,169,All risk factors,3,Rate,1990,163.9569040110449,407.6020014979893,51.994406744939106
1,All Population,2,DALYs (Disability-Adjusted Life Years),209,Guinea-Bissau,3,Both,27,Age-standardized,543,Alzheimer's disease and other dementias,169,All risk factors,2,Percent,1992,0.4906806791332842,0.7103583313747234,0.22856065519090688
1,All Population,2,DALYs (Disability-Adjusted Life Years),209,Guinea-Bissau,3,Both,27,Age-standardized,543,Alzheimer's disease and other dementias,169,All risk factors,3,Rate,1992,153.97017091773066,384.4166889203762,47.32486132225433
1,All Population,2,DALYs (Disability-Adjusted Life Years),216,Senegal,3,Both,27,Age-standardized,543,Alzheimer's disease and other dementias,169,All risk factors,2,Percent,1992,0.5363256150247756,0.7302566815809732,0.30161872757264846
1,All Population,2,DALYs (Disability-Adjusted Life Years),216,Senegal,3,Both,27,Age-standardized,543,Alzheimer's disease and other dementias,169,All risk factors,3,Rate,1992,155.2794848877994,365.15717211824676,56.740847808616735
1,All Population,2,DALYs (Disability-Adjusted Life Years),201,Burkina Faso,3,Both,27,Age-standardized,543,Alzheimer's disease and other dementias,169,All risk factors,2,Percent,1990,0.4546107130521807,0.6957656365322906,0.15014394382139418
1,All Population,2,DALYs (Disability-Adjusted Life Years),201,Burkina Faso,3,Both,27,Age-standardized,543,Alzheimer's disease and other dementias,169,All risk factors,3,Rate,1990,182.89951552597606,474.9086163965995,41.88012233802303
1,All Population,2,DALYs (Disability-Adjusted Life Years),210,Liberia,3,Both,27,Age-standardized,543,Alzheimer's disease and other dementias,169,All risk factors,2,Percent,1990,0.49497661524552017,0.7117702787699771,0.2335389812087553
1,All Population,2,DALYs (Disability-Adjusted Life Years),210,Liberia,3,Both,27,Age-standardized,543,Alzheimer's disease and other dementias,169,All risk factors,3,Rate,1990,166.34464796219237,413.1703795286858,50.50560880565256
1,All Population,2,DALYs (Disability-Adjusted Life Years),202,Cameroon,3,Both,27,Age-standardized,543,Alzheimer's disease and other dementias,169,All risk factors,2,Percent,1992,0.4898037509257421,0.7038483499778277,0.21858368780101647
1,All Population,2,DALYs (Disability-Adjusted Life Years),202,Cameroon,3,Both,27,Age-standardized,543,Alzheimer's disease and other dementias,169,All risk factors,3,Rate,1992,175.6163590072427,443.2494349037548,51.11491876004906
1,All Population,2,DALYs (Disability-Adjusted Life Years),214,Nigeria,3,Both,27,Age-standardized,543,Alzheimer's disease and other dementias,169,All risk factors,2,Percent,1992,0.49529180431355285,0.7096927883788263,0.23318231889029206
1,All Population,2,DALYs (Disability-Adjusted Life Years),214,Nigeria,3,Both,27,Age-standardized,543,Alzheimer's disease and other dementias,169,All risk factors,3,Rate,1992,134.71063630548412,351.2331443989209,44.02472142494905
1,All Population,2,DALYs (Disability-Adjusted Life Years),208,Guinea,3,Both,27,Age-standardized,543,Alzheimer's disease and other dementias,169,All risk factors,2,Percent,1990,0.4928526164342644,0.7115860289644005,0.21773504637770133
1,All Population,2,DALYs (Disability-Adjusted Life Years),208,Guinea,3,Both,27,Age-standardized,543,Alzheimer's disease and other dementias,169,All risk factors,3,Rate,1990,162.1012426558394,393.4033863675172,50.86756135288706
1,All Population,2,DALYs (Disability-Adjusted Life Years),211,Mali,3,Both,27,Age-standardized,543,Alzheimer's disease and other dementias,169,All risk factors,2,Percent,1992,0.5496262523550657,0.7401744297250428,0.31782572823036903
1,All Population,2,DALYs (Disability-Adjusted Life Years),211,Mali,3,Both,27,Age-standardized,543,Alzheimer's disease and other dementias,169,All risk factors,3,Rate,1992,170.42105375966025,400.9743085826082,60.54640271313024
1,All Population,2,DALYs (Disability-Adjusted Life Years),218,Togo,3,Both,27,Age-standardized,543,Alzheimer's disease and other dementias,169,All risk factors,2,Percent,1992,0.503364004174226,0.7159153486475242,0.244078605070168
1,All Population,2,DALYs (Disability-Adjusted Life Years),218,Togo,3,Both,27,Age-standardized,543,Alzheimer's disease and other dementias,169,All risk factors,3,Rate,1992,163.08953510995372,397.05733915468704,52.25192842226667
1,All Population,2,DALYs (Disability-Adjusted Life Years),204,Chad,3,Both,27,Age-standardized,543,Alzheimer's disease and other dementias,169,All risk factors,2,Percent,1992,0.5260709625581207,0.7274973152976966,0.2775595173824025
1,All Population,2,DALYs (Disability-Adjusted Life Years),204,Chad,3,Both,27,Age-standardized,543,Alzheimer's disease and other dementias,169,All risk factors,3,Rate,1992,185.56164451438406,444.6754747393758,59.60835044845633
1,All Population,2,DALYs (Disability-Adjusted Life Years),208,Guinea,3,Both,27,Age-standardized,543,Alzheimer's disease and other dementias,169,All risk factors,2,Percent,1992,0.49328068844249395,0.7109827537725162,0.22142131107617324
1,All Population,2,DALYs (Disability-Adjusted Life Years),208,Guinea,3,Both,27,Age-standardized,543,Alzheimer's disease and other dementias,169,All risk factors,3,Rate,1992,163.47070449385714,395.4704970878107,51.05289985285218
1,All Population,2,DALYs (Disability-Adjusted Life Years),203,Cabo Verde,3,Both,27,Age-standardized,543,Alzheimer's disease and other dementias,169,All risk factors,2,Percent,1992,0.4842490610864384,0.7003016420782036,0.22656194728492232
1,All Population,2,DALYs (Disability-Adjusted Life Years),203,Cabo Verde,3,Both,27,Age-standardized,543,Alzheimer's disease and other dementias,169,All risk factors,3,Rate,1992,150.6200721299948,358.686323301638,48.55614050838595
1,All Population,2,DALYs (Disability-Adjusted Life Years),215,Sao Tome and Principe,3,Both,27,Age-standardized,543,Alzheimer's disease and other dementias,169,All risk factors,2,Percent,1992,0.45704156861462675,0.6844648456542757,0.18537208384675874
1,All Population,2,DALYs (Disability-Adjusted Life Years),215,Sao Tome and Principe,3,Both,27,Age-standardized,543,Alzheimer's disease and other dementias,169,All risk factors,3,Rate,1992,141.80917634248547,349.5845542600572,36.28485230619571
1,All Population,2,DALYs (Disability-Adjusted Life Years),213,Niger,3,Both,27,Age-standardized,543,Alzheimer's disease and other dementias,169,All risk factors,2,Percent,1990,0.5058355746151154,0.719773766843297,0.23653035930024513
1,All Population,2,DALYs (Disability-Adjusted Life Years),213,Niger,3,Both,27,Age-standardized,543,Alzheimer's disease and other dementias,169,All risk factors,3,Rate,1990,176.77384005925117,433.95815209298735,54.68782442331901
1,All Population,2,DALYs (Disability-Adjusted Life Years),206,Gambia,3,Both,27,Age-standardized,543,Alzheimer's disease and other dementias,169,All risk factors,2,Percent,1990,0.5245551056456058,0.7277161810239086,0.2712138569707718
1,All Population,2,DALYs (Disability-Adjusted Life Years),206,Gambia,3,Both,27,Age-standardized,543,Alzheimer's disease and other dementias,169,All risk factors,3,Rate,1990,149.49141388186823,348.0901722907351,52.671839231255575
1,All Population,2,DALYs (Disability-Adjusted Life Years),206,Gambia,3,Both,27,Age-standardized,543,Alzheimer's disease and other dementias,169,All risk factors,2,Percent,1991,0.5250784876434891,0.7271731063077944,0.2706677826356037
1,All Population,2,DALYs (Disability-Adjusted Life Years),206,Gambia,3,Both,27,Age-standardized,543,Alzheimer's disease and other dementias,169,All risk factors,3,Rate,1991,149.90654704606195,344.3547361776341,51.7787494799284
1,All Population,2,DALYs (Disability-Adjusted Life Years),210,Liberia,3,Both,27,Age-standardized,543,Alzheimer's disease and other dementias,169,All risk factors,2,Percent,1992,0.49838643638727964,0.7136779324155633,0.23752403370130423
1,All Population,2,DALYs (Disability-Adjusted Life Years),210,Liberia,3,Both,27,Age-standardized,543,Alzheimer's disease and other dementias,169,All risk factors,3,Rate,1992,167.60710234057717,424.39220998931125,52.11522509580679
1,All Population,2,DALYs (Disability-Adjusted Life Years),201,Burkina Faso,3,Both,27,Age-standardized,543,Alzheimer's disease and other dementias,169,All risk factors,2,Percent,1992,0.4544216699417495,0.695057264897365,0.14988082143294204
1,All Population,2,DALYs (Disability-Adjusted Life Years),201,Burkina Faso,3,Both,27,Age-standardized,543,Alzheimer's disease and other dementias,169,All risk factors,3,Rate,1992,178.51839615234485,459.09426444868706,41.42119107396723
1,All Population,2,DALYs (Disability-Adjusted Life Years),215,Sao Tome and Principe,3,Both,27,Age-standardized,543,Alzheimer's disease and other dementias,169,All risk factors,2,Percent,1993,0.45738946260572344,0.6844868075004098,0.1865782545174161
1,All Population,2,DALYs (Disability-Adjusted Life Years),215,Sao Tome and Principe,3,Both,27,Age-standardized,543,Alzheimer's disease and other dementias,169,All risk factors,3,Rate,1993,141.59358631135962,345.1687809720358,36.41826476129516
1,All Population,2,DALYs (Disability-Adjusted Life Years),212,Mauritania,3,Both,27,Age-standardized,543,Alzheimer's disease and other dementias,169,All risk factors,2,Percent,1992,0.5590697224759471,0.7401369716422291,0.34114302178440054
1,All Population,2,DALYs (Disability-Adjusted Life Years),212,Mauritania,3,Both,27,Age-standardized,543,Alzheimer's disease and other dementias,169,All risk factors,3,Rate,1992,189.0813596692848,446.1569721594273,66.78055697083097
1,All Population,2,DALYs (Disability-Adjusted Life Years),209,Guinea-Bissau,3,Both,27,Age-standardized,543,Alzheimer's disease and other dementias,169,All risk factors,2,Percent,1993,0.491003702197982,0.7086131445835329,0.22939057312073777
1,All Population,2,DALYs (Disability-Adjusted Life Years),209,Guinea-Bissau,3,Both,27,Age-standardized,543,Alzheimer's disease and other dementias,169,All risk factors,3,Rate,1993,154.5252996967266,384.2329167986165,47.82301157555347
1,All Population,2,DALYs (Disability-Adjusted Life Years),217,Sierra Leone,3,Both,27,Age-standardized,543,Alzheimer's disease and other dementias,169,All risk factors,2,Percent,1992,0.49989184603480613,0.7140543597279153,0.24249531031858357
1,All Population,2,DALYs (Disability-Adjusted Life Years),217,Sierra Leone,3,Both,27,Age-standardized,543,Alzheimer's disease and other dementias,169,All risk factors,3,Rate,1992,145.7240489700773,353.3931746144109,48.61498368663454
1,All Population,2,DALYs (Disability-Adjusted Life Years),206,Gambia,3,Both,27,Age-standardized,543,Alzheimer's disease and other dementias,169,All risk factors,2,Percent,1992,0.5256800478264253,0.7262884123886649,0.27058442808429567
1,All Population,2,DALYs (Disability-Adjusted Life Years),206,Gambia,3,Both,27,Age-standardized,543,Alzheimer's disease and other dementias,169,All risk factors,3,Rate,1992,152.10718977259043,346.6874872764057,52.3623307658544
1,All Population,2,DALYs (Disability-Adjusted Life Years),213,Niger,3,Both,27,Age-standardized,543,Alzheimer's disease and other dementias,169,All risk factors,2,Percent,1992,0.5069024460710624,0.7203624228976566,0.23561901568984994
1,All Population,2,DALYs (Disability-Adjusted Life Years),213,Niger,3,Both,27,Age-standardized,543,Alzheimer's disease and other dementias,169,All risk factors,3,Rate,1992,176.24580719837977,436.41836515769006,54.88220565875685
1,All Population,2,DALYs (Disability-Adjusted Life Years),212,Mauritania,3,Both,27,Age-standardized,543,Alzheimer's disease and other dementias,169,All risk factors,2,Percent,1993,0.5592260013036366,0.7368393001945153,0.34799034594357714
1,All Population,2,DALYs (Disability-Adjusted Life Years),212,Mauritania,3,Both,27,Age-standardized,543,Alzheimer's disease and other dementias,169,All risk factors,3,Rate,1993,190.57182369041917,442.03512070132075,66.15171246608371
1,All Population,2,DALYs (Disability-Adjusted Life Years),208,Guinea,3,Both,27,Age-standardized,543,Alzheimer's disease and other dementias,169,All risk factors,2,Percent,1993,0.4934517878867321,0.710594171090104,0.22293409543479287
1,All Population,2,DALYs (Disability-Adjusted Life Years),208,Guinea,3,Both,27,Age-standardized,543,Alzheimer's disease and other dementias,169,All risk factors,3,Rate,1993,164.2264793520672,392.93111571253013,50.958028984723036
1,All Population,2,DALYs (Disability-Adjusted Life Years),212,Mauritania,3,Both,27,Age-standardized,543,Alzheimer's disease and other dementias,169,All risk factors,2,Percent,1995,0.5601070976767386,0.7327201426633743,0.3426205886630716
1,All Population,2,DALYs (Disability-Adjusted Life Years),212,Mauritania,3,Both,27,Age-standardized,543,Alzheimer's disease and other dementias,169,All risk factors,3,Rate,1995,188.94899317236312,435.4899405438451,66.87525948243918
1,All Population,2,DALYs (Disability-Adjusted Life Years),208,Guinea,3,Both,27,Age-standardized,543,Alzheimer's disease and other dementias,169,All risk factors,2,Percent,1994,0.4938038402600234,0.7097940103596333,0.22605536538110507
1,All Population,2,DALYs (Disability-Adjusted Life Years),208,Guinea,3,Both,27,Age-standardized,543,Alzheimer's disease and other dementias,169,All risk factors,3,Rate,1994,165.15787119984324,397.56568041585524,51.13779670557838
1,All Population,2,DALYs (Disability-Adjusted Life Years),212,Mauritania,3,Both,27,Age-standardized,543,Alzheimer's disease and other dementias,169,All risk factors,2,Percent,1994,0.5597476320280316,0.7387834253998089,0.34976172552601115
1,All Population,2,DALYs (Disability-Adjusted Life Years),212,Mauritania,3,Both,27,Age-standardized,543,Alzheimer's disease and other dementias,169,All risk factors,3,Rate,1994,188.41405997581194,437.51994586180996,66.91595416052152
1,All Population,2,DALYs (Disability-Adjusted Life Years),203,Cabo Verde,3,Both,27,Age-standardized,543,Alzheimer's disease and other dementias,169,All risk factors,2,Percent,1994,0.48311995316893747,0.6981192202156604,0.23055606399615336
1,All Population,2,DALYs (Disability-Adjusted Life Years),203,Cabo Verde,3,Both,27,Age-standardized,543,Alzheimer's disease and other dementias,169,All risk factors,3,Rate,1994,148.74679389591932,352.139097396677,48.16968566358506
1,All Population,2,DALYs (Disability-Adjusted Life Years),215,Sao Tome and Principe,3,Both,27,Age-standardized,543,Alzheimer's disease and other dementias,169,All risk factors,2,Percent,1994,0.45765220977245097,0.6842926694380325,0.18749097242021043
1,All Population,2,DALYs (Disability-Adjusted Life Years),215,Sao Tome and Principe,3,Both,27,Age-standardized,543,Alzheimer's disease and other dementias,169,All risk factors,3,Rate,1994,142.5417896209257,348.4225544317341,35.94194539493202
1,All Population,2,DALYs (Disability-Adjusted Life Years),214,Nigeria,3,Both,27,Age-standardized,543,Alzheimer's disease and other dementias,169,All risk factors,2,Percent,1993,0.4952418987239377,0.7097848813220111,0.23477238400083023
1,All Population,2,DALYs (Disability-Adjusted Life Years),214,Nigeria,3,Both,27,Age-standardized,543,Alzheimer's disease and other dementias,169,All risk factors,3,Rate,1993,134.87649658032123,347.2566463028373,44.54155392869107
1,All Population,2,DALYs (Disability-Adjusted Life Years),202,Cameroon,3,Both,27,Age-standardized,543,Alzheimer's disease and other dementias,169,All risk factors,2,Percent,1993,0.4909846957504028,0.7038928879626665,0.2186987442641907
1,All Population,2,DALYs (Disability-Adjusted Life Years),202,Cameroon,3,Both,27,Age-standardized,543,Alzheimer's disease and other dementias,169,All risk factors,3,Rate,1993,175.2523973262736,446.3766851840578,51.50731088235341
1,All Population,2,DALYs (Disability-Adjusted Life Years),208,Guinea,3,Both,27,Age-standardized,543,Alzheimer's disease and other dementias,169,All risk factors,2,Percent,1995,0.494053928168124,0.7089781464107845,0.2286399258825514
1,All Population,2,DALYs (Disability-Adjusted Life Years),208,Guinea,3,Both,27,Age-standardized,543,Alzheimer's disease and other dementias,169,All risk factors,3,Rate,1995,165.73682540652734,403.1612746994361,51.17952028623527
1,All Population,2,DALYs (Disability-Adjusted Life Years),202,Cameroon,3,Both,27,Age-standardized,543,Alzheimer's disease and other dementias,169,All risk factors,2,Percent,1994,0.49194349873050064,0.703854800362066,0.221573988839696
1,All Population,2,DALYs (Disability-Adjusted Life Years),202,Cameroon,3,Both,27,Age-standardized,543,Alzheimer's disease and other dementias,169,All risk factors,3,Rate,1994,174.35991751219453,439.86045365090934,50.959824859215615
1,All Population,2,DALYs (Disability-Adjusted Life Years),218,Togo,3,Both,27,Age-standardized,543,Alzheimer's disease and other dementias,169,All risk factors,2,Percent,1994,0.5036342726521815,0.7154579335506563,0.24486067127184424
1,All Population,2,DALYs (Disability-Adjusted Life Years),218,Togo,3,Both,27,Age-standardized,543,Alzheimer's disease and other dementias,169,All risk factors,3,Rate,1994,161.78589837887836,397.01906733963136,51.60574234006443
1,All Population,2,DALYs (Disability-Adjusted Life Years),215,Sao Tome and Principe,3,Both,27,Age-standardized,543,Alzheimer's disease and other dementias,169,All risk factors,2,Percent,1995,0.457909735894811,0.6842808281146919,0.18774887898207582
1,All Population,2,DALYs (Disability-Adjusted Life Years),215,Sao Tome and Principe,3,Both,27,Age-standardized,543,Alzheimer's disease and other dementias,169,All risk factors,3,Rate,1995,141.04998290271217,344.9237184742459,35.74937096465297
1,All Population,2,DALYs (Disability-Adjusted Life Years),203,Cabo Verde,3,Both,27,Age-standardized,543,Alzheimer's disease and other dementias,169,All risk factors,2,Percent,1993,0.4835243071136353,0.6988413788247225,0.2269935887305796
1,All Population,2,DALYs (Disability-Adjusted Life Years),203,Cabo Verde,3,Both,27,Age-standardized,543,Alzheimer's disease and other dementias,169,All risk factors,3,Rate,1993,149.55860712776442,352.2582092181016,47.97528609236897
1,All Population,2,DALYs (Disability-Adjusted Life Years),211,Mali,3,Both,27,Age-standardized,543,Alzheimer's disease and other dementias,169,All risk factors,2,Percent,1993,0.5499009526203515,0.7399599821296368,0.31983185597936814
1,All Population,2,DALYs (Disability-Adjusted Life Years),211,Mali,3,Both,27,Age-standardized,543,Alzheimer's disease and other dementias,169,All risk factors,3,Rate,1993,170.7950122261747,398.61720339081097,60.647474023744934
1,All Population,2,DALYs (Disability-Adjusted Life Years),204,Chad,3,Both,27,Age-standardized,543,Alzheimer's disease and other dementias,169,All risk factors,2,Percent,1993,0.5260774035304228,0.7269168059499964,0.2779383809331919
1,All Population,2,DALYs (Disability-Adjusted Life Years),204,Chad,3,Both,27,Age-standardized,543,Alzheimer's disease and other dementias,169,All risk factors,3,Rate,1993,186.11420339242505,443.54487419619727,61.173227875952286
1,All Population,2,DALYs (Disability-Adjusted Life Years),206,Gambia,3,Both,27,Age-standardized,543,Alzheimer's disease and other dementias,169,All risk factors,2,Percent,1993,0.5260232849073446,0.7256331881864688,0.27166865800745255
1,All Population,2,DALYs (Disability-Adjusted Life Years),206,Gambia,3,Both,27,Age-standardized,543,Alzheimer's disease and other dementias,169,All risk factors,3,Rate,1993,150.4122460960311,341.88575239778925,52.5594735962907
1,All Population,2,DALYs (Disability-Adjusted Life Years),200,Benin,3,Both,27,Age-standardized,543,Alzheimer's disease and other dementias,169,All risk factors,2,Percent,1995,0.4757092421290118,0.7054643445382088,0.20164412872281479
1,All Population,2,DALYs (Disability-Adjusted Life Years),200,Benin,3,Both,27,Age-standardized,543,Alzheimer's disease and other dementias,169,All risk factors,3,Rate,1995,145.15299790465934,355.655645242705,45.70065406656537
1,All Population,2,DALYs (Disability-Adjusted Life Years),218,Togo,3,Both,27,Age-standardized,543,Alzheimer's disease and other dementias,169,All risk factors,2,Percent,1993,0.5032498250837508,0.7165074147083883,0.24469133732285692
1,All Population,2,DALYs (Disability-Adjusted Life Years),218,Togo,3,Both,27,Age-standardized,543,Alzheimer's disease and other dementias,169,All risk factors,3,Rate,1993,162.65866749001634,397.4603093194536,52.28762514034262
1,All Population,2,DALYs (Disability-Adjusted Life Years),216,Senegal,3,Both,27,Age-standardized,543,Alzheimer's disease and other dementias,169,All risk factors,2,Percent,1993,0.5361107787531019,0.7300113520775144,0.3003074968120738
1,All Population,2,DALYs (Disability-Adjusted Life Years),216,Senegal,3,Both,27,Age-standardized,543,Alzheimer's disease and other dementias,169,All risk factors,3,Rate,1993,155.59856154528222,369.4755121261478,55.62687438092605
1,All Population,2,DALYs (Disability-Adjusted Life Years),216,Senegal,3,Both,27,Age-standardized,543,Alzheimer's disease and other dementias,169,All risk factors,2,Percent,1995,0.5363602219877519,0.7284322379996135,0.3077085640224994
1,All Population,2,DALYs (Disability-Adjusted Life Years),216,Senegal,3,Both,27,Age-standardized,543,Alzheimer's disease and other dementias,169,All risk factors,3,Rate,1995,154.79417204244692,362.2555987964369,56.17683402972114
1,All Population,2,DALYs (Disability-Adjusted Life Years),207,Ghana,3,Both,27,Age-standardized,543,Alzheimer's disease and other dementias,169,All risk factors,2,Percent,1993,0.5172713031771952,0.7197253570223333,0.27686815212788224
1,All Population,2,DALYs (Disability-Adjusted Life Years),207,Ghana,3,Both,27,Age-standardized,543,Alzheimer's disease and other dementias,169,All risk factors,3,Rate,1993,152.79549004953108,376.46381112720644,52.91315656624541
1,All Population,2,DALYs (Disability-Adjusted Life Years),205,Côte d'Ivoire,3,Both,27,Age-standardized,543,Alzheimer's disease and other dementias,169,All risk factors,2,Percent,1994,0.47498741130708627,0.6930047544889877,0.20410395899375064
1,All Population,2,DALYs (Disability-Adjusted Life Years),205,Côte d'Ivoire,3,Both,27,Age-standardized,543,Alzheimer's disease and other dementias,169,All risk factors,3,Rate,1994,141.1468985139161,346.2528465701606,42.833216745908665
1,All Population,2,DALYs (Disability-Adjusted Life Years),204,Chad,3,Both,27,Age-standardized,543,Alzheimer's disease and other dementias,169,All risk factors,2,Percent,1994,0.5265612384934835,0.7277214908721116,0.280881014957043
1,All Population,2,DALYs (Disability-Adjusted Life Years),204,Chad,3,Both,27,Age-standardized,543,Alzheimer's disease and other dementias,169,All risk factors,3,Rate,1994,184.38194652187087,439.6501767550527,62.26927686988459
1,All Population,2,DALYs (Disability-Adjusted Life Years),205,Côte d'Ivoire,3,Both,27,Age-standardized,543,Alzheimer's disease and other dementias,169,All risk factors,2,Percent,1995,0.47535299131124736,0.6936257361037899,0.20628040789929156
1,All Population,2,DALYs (Disability-Adjusted Life Years),205,Côte d'Ivoire,3,Both,27,Age-standardized,543,Alzheimer's disease and other dementias,169,All risk factors,3,Rate,1995,140.47988717398263,345.6638203512692,43.74742373025261
1,All Population,2,DALYs (Disability-Adjusted Life Years),203,Cabo Verde,3,Both,27,Age-standardized,543,Alzheimer's disease and other dementias,169,All risk factors,2,Percent,1996,0.48280172164641577,0.6969399954039764,0.23244588697428822
1,All Population,2,DALYs (Disability-Adjusted Life Years),203,Cabo Verde,3,Both,27,Age-standardized,543,Alzheimer's disease and other dementias,169,All risk factors,3,Rate,1996,146.3805170460275,350.66993045861983,47.37631573404894
1,All Population,2,DALYs (Disability-Adjusted Life Years),215,Sao Tome and Principe,3,Both,27,Age-standardized,543,Alzheimer's disease and other dementias,169,All risk factors,2,Percent,1996,0.45826945592500945,0.6828718844120684,0.1871325611419889
1,All Population,2,DALYs (Disability-Adjusted Life Years),215,Sao Tome and Principe,3,Both,27,Age-standardized,543,Alzheimer's disease and other dementias,169,All risk factors,3,Rate,1996,142.19957034621572,349.9254297974106,35.71712287483801
1,All Population,2,DALYs (Disability-Adjusted Life Years),213,Niger,3,Both,27,Age-standardized,543,Alzheimer's disease and other dementias,169,All risk factors,2,Percent,1994,0.5077856827785334,0.7206635426640737,0.2409770593723488
1,All Population,2,DALYs (Disability-Adjusted Life Years),213,Niger,3,Both,27,Age-standardized,543,Alzheimer's disease and other dementias,169,All risk factors,3,Rate,1994,177.00272208206306,445.1471176407264,54.94789112814566
1,All Population,2,DALYs (Disability-Adjusted Life Years),200,Benin,3,Both,27,Age-standardized,543,Alzheimer's disease and other dementias,169,All risk factors,2,Percent,1994,0.4750900533934089,0.7055450895580422,0.1994805715276173
1,All Population,2,DALYs (Disability-Adjusted Life Years),200,Benin,3,Both,27,Age-standardized,543,Alzheimer's disease and other dementias,169,All risk factors,3,Rate,1994,144.50294823495506,360.9856081739561,45.91141258037833
1,All Population,2,DALYs (Disability-Adjusted Life Years),208,Guinea,3,Both,27,Age-standardized,543,Alzheimer's disease and other dementias,169,All risk factors,2,Percent,1997,0.494594467138078,0.7108094087386824,0.2301542748024303
1,All Population,2,DALYs (Disability-Adjusted Life Years),208,Guinea,3,Both,27,Age-standardized,543,Alzheimer's disease and other dementias,169,All risk factors,3,Rate,1997,165.21681864207966,409.12738233799695,52.42571795344823
1,All Population,2,DALYs (Disability-Adjusted Life Years),212,Mauritania,3,Both,27,Age-standardized,543,Alzheimer's disease and other dementias,169,All risk factors,2,Percent,1997,0.5609173191265929,0.7330603154196418,0.35274352890751337
1,All Population,2,DALYs (Disability-Adjusted Life Years),212,Mauritania,3,Both,27,Age-standardized,543,Alzheimer's disease and other dementias,169,All risk factors,3,Rate,1997,191.00622065137617,445.5824484122373,66.62910760102719
1,All Population,2,DALYs (Disability-Adjusted Life Years),210,Liberia,3,Both,27,Age-standardized,543,Alzheimer's disease and other dementias,169,All risk factors,2,Percent,1995,0.5023103871831734,0.717303425930981,0.24386122903524843
1,All Population,2,DALYs (Disability-Adjusted Life Years),210,Liberia,3,Both,27,Age-standardized,543,Alzheimer's disease and other dementias,169,All risk factors,3,Rate,1995,169.57438550458792,419.0539555248138,53.42051868973997
1,All Population,2,DALYs (Disability-Adjusted Life Years),209,Guinea-Bissau,3,Both,27,Age-standardized,543,Alzheimer's disease and other dementias,169,All risk factors,2,Percent,1994,0.4914046839057088,0.7084014787197082,0.2300557303212774
1,All Population,2,DALYs (Disability-Adjusted Life Years),209,Guinea-Bissau,3,Both,27,Age-standardized,543,Alzheimer's disease and other dementias,169,All risk factors,3,Rate,1994,156.16625660246592,388.4023485133133,48.27219251545749
1,All Population,2,DALYs (Disability-Adjusted Life Years),215,Sao Tome and Principe,3,Both,27,Age-standardized,543,Alzheimer's disease and other dementias,169,All risk factors,2,Percent,1997,0.4586492795768498,0.6809241789825625,0.18711524373632854
1,All Population,2,DALYs (Disability-Adjusted Life Years),215,Sao Tome and Principe,3,Both,27,Age-standardized,543,Alzheimer's disease and other dementias,169,All risk factors,3,Rate,1997,143.14789098829073,354.83018673368286,36.04271152250684
1,All Population,2,DALYs (Disability-Adjusted Life Years),212,Mauritania,3,Both,27,Age-standardized,543,Alzheimer's disease and other dementias,169,All risk factors,2,Percent,1996,0.5608410917417477,0.7336642463911507,0.3464785262275834
1,All Population,2,DALYs (Disability-Adjusted Life Years),212,Mauritania,3,Both,27,Age-standardized,543,Alzheimer's disease and other dementias,169,All risk factors,3,Rate,1996,190.88098205755207,441.5448837740976,66.53915894787303
1,All Population,2,DALYs (Disability-Adjusted Life Years),217,Sierra Leone,3,Both,27,Age-standardized,543,Alzheimer's disease and other dementias,169,All risk factors,2,Percent,1994,0.5000198199233065,0.714941219020891,0.24344993841805332
1,All Population,2,DALYs (Disability-Adjusted Life Years),217,Sierra Leone,3,Both,27,Age-standardized,543,Alzheimer's disease and other dementias,169,All risk factors,3,Rate,1994,147.16057460556019,357.57118788697716,47.83819340085181
1,All Population,2,DALYs (Disability-Adjusted Life Years),201,Burkina Faso,3,Both,27,Age-standardized,543,Alzheimer's disease and other dementias,169,All risk factors,2,Percent,1993,0.4543688532548472,0.6948290843221067,0.15250092079132596
1,All Population,2,DALYs (Disability-Adjusted Life Years),201,Burkina Faso,3,Both,27,Age-standardized,543,Alzheimer's disease and other dementias,169,All risk factors,3,Rate,1993,177.88480413376334,452.6349624663334,42.05011424499856
1,All Population,2,DALYs (Disability-Adjusted Life Years),206,Gambia,3,Both,27,Age-standardized,543,Alzheimer's disease and other dementias,169,All risk factors,2,Percent,1995,0.527021680515454,0.7247663179330853,0.27312051374933716
1,All Population,2,DALYs (Disability-Adjusted Life Years),206,Gambia,3,Both,27,Age-standardized,543,Alzheimer's disease and other dementias,169,All risk factors,3,Rate,1995,154.38691119789854,357.7032004098132,54.327640154102035
1,All Population,2,DALYs (Disability-Adjusted Life Years),201,Burkina Faso,3,Both,27,Age-standardized,543,Alzheimer's disease and other dementias,169,All risk factors,2,Percent,1995,0.45429426972605025,0.6946341320740558,0.15163537647201758
1,All Population,2,DALYs (Disability-Adjusted Life Years),201,Burkina Faso,3,Both,27,Age-standardized,543,Alzheimer's disease and other dementias,169,All risk factors,3,Rate,1995,176.21690034098458,440.93394234599606,41.860450443174415
1,All Population,2,DALYs (Disability-Adjusted Life Years),201,Burkina Faso,3,Both,27,Age-standardized,543,Alzheimer's disease and other dementias,169,All risk factors,2,Percent,1996,0.45433358849836863,0.6940760133707712,0.15503583932515924
1,All Population,2,DALYs (Disability-Adjusted Life Years),201,Burkina Faso,3,Both,27,Age-standardized,543,Alzheimer's disease and other dementias,169,All risk factors,3,Rate,1996,176.08136000228623,442.5658146106525,41.41211801879643
1,All Population,2,DALYs (Disability-Adjusted Life Years),200,Benin,3,Both,27,Age-standardized,543,Alzheimer's disease and other dementias,169,All risk factors,2,Percent,1997,0.47648893276939963,0.7055223059324813,0.20266637147282107
1,All Population,2,DALYs (Disability-Adjusted Life Years),200,Benin,3,Both,27,Age-standardized,543,Alzheimer's disease and other dementias,169,All risk factors,3,Rate,1997,145.62213300732148,365.71796735562964,46.597269139635905
1,All Population,2,DALYs (Disability-Adjusted Life Years),206,Gambia,3,Both,27,Age-standardized,543,Alzheimer's disease and other dementias,169,All risk factors,2,Percent,1994,0.526619029681725,0.7248722418857341,0.2717652744333445
1,All Population,2,DALYs (Disability-Adjusted Life Years),206,Gambia,3,Both,27,Age-standardized,543,Alzheimer's disease and other dementias,169,All risk factors,3,Rate,1994,148.37872600168336,338.2697694777849,52.84079150248194
1,All Population,2,DALYs (Disability-Adjusted Life Years),217,Sierra Leone,3,Both,27,Age-standardized,543,Alzheimer's disease and other dementias,169,All risk factors,2,Percent,1995,0.5002428995325137,0.7143962820791774,0.24363883366319297
1,All Population,2,DALYs (Disability-Adjusted Life Years),217,Sierra Leone,3,Both,27,Age-standardized,543,Alzheimer's disease and other dementias,169,All risk factors,3,Rate,1995,147.37357091088944,361.02439986444455,47.87650732017137
1,All Population,2,DALYs (Disability-Adjusted Life Years),204,Chad,3,Both,27,Age-standardized,543,Alzheimer's disease and other dementias,169,All risk factors,2,Percent,1997,0.5273086844895336,0.7282735034401485,0.2858682428735489
1,All Population,2,DALYs (Disability-Adjusted Life Years),204,Chad,3,Both,27,Age-standardized,543,Alzheimer's disease and other dementias,169,All risk factors,3,Rate,1997,181.406669835715,448.4153372933296,62.38290340658297
1,All Population,2,DALYs (Disability-Adjusted Life Years),200,Benin,3,Both,27,Age-standardized,543,Alzheimer's disease and other dementias,169,All risk factors,2,Percent,1993,0.47488004787475396,0.7057845732627401,0.19836023196405694
1,All Population,2,DALYs (Disability-Adjusted Life Years),200,Benin,3,Both,27,Age-standardized,543,Alzheimer's disease and other dementias,169,All risk factors,3,Rate,1993,144.34585325207888,362.7528838838715,45.28186371466098
1,All Population,2,DALYs (Disability-Adjusted Life Years),205,Côte d'Ivoire,3,Both,27,Age-standardized,543,Alzheimer's disease and other dementias,169,All risk factors,2,Percent,1993,0.47464364834131395,0.6927878084146004,0.20303906987847314
1,All Population,2,DALYs (Disability-Adjusted Life Years),205,Côte d'Ivoire,3,Both,27,Age-standardized,543,Alzheimer's disease and other dementias,169,All risk factors,3,Rate,1993,141.76968507141962,348.40267149646365,42.22934602651556
1,All Population,2,DALYs (Disability-Adjusted Life Years),213,Niger,3,Both,27,Age-standardized,543,Alzheimer's disease and other dementias,169,All risk factors,2,Percent,1993,0.5074044753420884,0.7207527060833773,0.23636461693943728
1,All Population,2,DALYs (Disability-Adjusted Life Years),213,Niger,3,Both,27,Age-standardized,543,Alzheimer's disease and other dementias,169,All risk factors,3,Rate,1993,176.97492110779024,446.4519214185388,55.035726685327084
1,All Population,2,DALYs (Disability-Adjusted Life Years),213,Niger,3,Both,27,Age-standardized,543,Alzheimer's disease and other dementias,169,All risk factors,2,Percent,1995,0.508252164127405,0.7223522492702611,0.24209674704307776
1,All Population,2,DALYs (Disability-Adjusted Life Years),213,Niger,3,Both,27,Age-standardized,543,Alzheimer's disease and other dementias,169,All risk factors,3,Rate,1995,178.21244465668977,451.3057745399071,55.778620426339984
1,All Population,2,DALYs (Disability-Adjusted Life Years),211,Mali,3,Both,27,Age-standardized,543,Alzheimer's disease and other dementias,169,All risk factors,2,Percent,1994,0.5496194446929805,0.7389534547786663,0.3169185645750619
1,All Population,2,DALYs (Disability-Adjusted Life Years),211,Mali,3,Both,27,Age-standardized,543,Alzheimer's disease and other dementias,169,All risk factors,3,Rate,1994,170.76588559861702,402.9610515015368,61.274133676691335
1,All Population,2,DALYs (Disability-Adjusted Life Years),209,Guinea-Bissau,3,Both,27,Age-standardized,543,Alzheimer's disease and other dementias,169,All risk factors,2,Percent,1997,0.49341120778297826,0.7096237072205498,0.23377357232141427
1,All Population,2,DALYs (Disability-Adjusted Life Years),209,Guinea-Bissau,3,Both,27,Age-standardized,543,Alzheimer's disease and other dementias,169,All risk factors,3,Rate,1997,161.5433082479807,412.8098788942423,49.69763500399305
1,All Population,2,DALYs (Disability-Adjusted Life Years),207,Ghana,3,Both,27,Age-standardized,543,Alzheimer's disease and other dementias,169,All risk factors,2,Percent,1994,0.517941907213231,0.7201019492045627,0.27644482598721287
1,All Population,2,DALYs (Disability-Adjusted Life Years),207,Ghana,3,Both,27,Age-standardized,543,Alzheimer's disease and other dementias,169,All risk factors,3,Rate,1994,153.44841417341487,374.5539726886761,52.58768305627933
1,All Population,2,DALYs (Disability-Adjusted Life Years),207,Ghana,3,Both,27,Age-standardized,543,Alzheimer's disease and other dementias,169,All risk factors,2,Percent,1997,0.5212223776281152,0.718342071474309,0.2862815424639482
1,All Population,2,DALYs (Disability-Adjusted Life Years),207,Ghana,3,Both,27,Age-standardized,543,Alzheimer's disease and other dementias,169,All risk factors,3,Rate,1997,154.19205247871258,368.3688292833822,54.13739085576008
1,All Population,2,DALYs (Disability-Adjusted Life Years),210,Liberia,3,Both,27,Age-standardized,543,Alzheimer's disease and other dementias,169,All risk factors,2,Percent,1993,0.4999169664822417,0.7157580903481386,0.23842083236747863
1,All Population,2,DALYs (Disability-Adjusted Life Years),210,Liberia,3,Both,27,Age-standardized,543,Alzheimer's disease and other dementias,169,All risk factors,3,Rate,1993,167.92363453556158,418.01668779747865,52.57250660951744
1,All Population,2,DALYs (Disability-Adjusted Life Years),210,Liberia,3,Both,27,Age-standardized,543,Alzheimer's disease and other dementias,169,All risk factors,2,Percent,1996,0.5032352072052968,0.7175451672276386,0.2463244238231094
1,All Population,2,DALYs (Disability-Adjusted Life Years),210,Liberia,3,Both,27,Age-standardized,543,Alzheimer's disease and other dementias,169,All risk factors,3,Rate,1996,174.25813530777356,425.94495718380995,53.49534920896019
1,All Population,2,DALYs (Disability-Adjusted Life Years),203,Cabo Verde,3,Both,27,Age-standardized,543,Alzheimer's disease and other dementias,169,All risk factors,2,Percent,1995,0.4829354062418426,0.6983268731916321,0.23100239993328642
1,All Population,2,DALYs (Disability-Adjusted Life Years),203,Cabo Verde,3,Both,27,Age-standardized,543,Alzheimer's disease and other dementias,169,All risk factors,3,Rate,1995,151.3347432143163,362.5891763394792,48.47600980151383
1,All Population,2,DALYs (Disability-Adjusted Life Years),217,Sierra Leone,3,Both,27,Age-standardized,543,Alzheimer's disease and other dementias,169,All risk factors,2,Percent,1993,0.49987416584340344,0.71450066408083,0.24378857018525285
1,All Population,2,DALYs (Disability-Adjusted Life Years),217,Sierra Leone,3,Both,27,Age-standardized,543,Alzheimer's disease and other dementias,169,All risk factors,3,Rate,1993,145.78781082031867,348.5063054049208,47.61922878708466
1,All Population,2,DALYs (Disability-Adjusted Life Years),213,Niger,3,Both,27,Age-standardized,543,Alzheimer's disease and other dementias,169,All risk factors,2,Percent,1996,0.5086891866676905,0.7205400829090087,0.24060530056023227
1,All Population,2,DALYs (Disability-Adjusted Life Years),213,Niger,3,Both,27,Age-standardized,543,Alzheimer's disease and other dementias,169,All risk factors,3,Rate,1996,177.55461871625207,461.7151070028302,56.134357851253235
1,All Population,2,DALYs (Disability-Adjusted Life Years),207,Ghana,3,Both,27,Age-standardized,543,Alzheimer's disease and other dementias,169,All risk factors,2,Percent,1996,0.5199644599560985,0.7192579861779792,0.2826405109741158
1,All Population,2,DALYs (Disability-Adjusted Life Years),207,Ghana,3,Both,27,Age-standardized,543,Alzheimer's disease and other dementias,169,All risk factors,3,Rate,1996,153.99696280968695,370.99887471691835,54.1451730691232
1,All Population,2,DALYs (Disability-Adjusted Life Years),216,Senegal,3,Both,27,Age-standardized,543,Alzheimer's disease and other dementias,169,All risk factors,2,Percent,1997,0.5371351092030557,0.7277068028719035,0.30818433720988836
1,All Population,2,DALYs (Disability-Adjusted Life Years),216,Senegal,3,Both,27,Age-standardized,543,Alzheimer's disease and other dementias,169,All risk factors,3,Rate,1997,155.30380687334167,368.8068131195971,55.90793198374484
1,All Population,2,DALYs (Disability-Adjusted Life Years),205,Côte d'Ivoire,3,Both,27,Age-standardized,543,Alzheimer's disease and other dementias,169,All risk factors,2,Percent,1996,0.47603626286302664,0.6938601452431097,0.20772193421161397
1,All Population,2,DALYs (Disability-Adjusted Life Years),205,Côte d'Ivoire,3,Both,27,Age-standardized,543,Alzheimer's disease and other dementias,169,All risk factors,3,Rate,1996,139.65352810415354,341.18022366229945,44.033728988825324
1,All Population,2,DALYs (Disability-Adjusted Life Years),217,Sierra Leone,3,Both,27,Age-standardized,543,Alzheimer's disease and other dementias,169,All risk factors,2,Percent,1996,0.5007026803501177,0.7149446724731467,0.24491772831390327
1,All Population,2,DALYs (Disability-Adjusted Life Years),217,Sierra Leone,3,Both,27,Age-standardized,543,Alzheimer's disease and other dementias,169,All risk factors,3,Rate,1996,146.61115811580382,359.6032388094895,47.99387391141196
1,All Population,2,DALYs (Disability-Adjusted Life Years),215,Sao Tome and Principe,3,Both,27,Age-standardized,543,Alzheimer's disease and other dementias,169,All risk factors,2,Percent,1998,0.4593035788865235,0.6798775545185552,0.18877975024634164
1,All Population,2,DALYs (Disability-Adjusted Life Years),215,Sao Tome and Principe,3,Both,27,Age-standardized,543,Alzheimer's disease and other dementias,169,All risk factors,3,Rate,1998,144.8555992362781,356.6790874875665,36.5537647005322
1,All Population,2,DALYs (Disability-Adjusted Life Years),203,Cabo Verde,3,Both,27,Age-standardized,543,Alzheimer's disease and other dementias,169,All risk factors,2,Percent,1998,0.48296548069261724,0.6933724778257572,0.23668580897013247
1,All Population,2,DALYs (Disability-Adjusted Life Years),203,Cabo Verde,3,Both,27,Age-standardized,543,Alzheimer's disease and other dementias,169,All risk factors,3,Rate,1998,144.1394744062719,353.945935850957,48.47208788483164
1,All Population,2,DALYs (Disability-Adjusted Life Years),202,Cameroon,3,Both,27,Age-standardized,543,Alzheimer's disease and other dementias,169,All risk factors,2,Percent,1996,0.49478979994320105,0.704225624072536,0.2239940334794583
1,All Population,2,DALYs (Disability-Adjusted Life Years),202,Cameroon,3,Both,27,Age-standardized,543,Alzheimer's disease and other dementias,169,All risk factors,3,Rate,1996,173.4744232592434,435.5452193733859,50.92237959553233
1,All Population,2,DALYs (Disability-Adjusted Life Years),202,Cameroon,3,Both,27,Age-standardized,543,Alzheimer's disease and other dementias,169,All risk factors,2,Percent,1997,0.496362502030406,0.7050544636550344,0.22754051611057066
1,All Population,2,DALYs (Disability-Adjusted Life Years),202,Cameroon,3,Both,27,Age-standardized,543,Alzheimer's disease and other dementias,169,All risk factors,3,Rate,1997,173.9734979011488,437.3752376287042,51.533990360780585
1,All Population,2,DALYs (Disability-Adjusted Life Years),212,Mauritania,3,Both,27,Age-standardized,543,Alzheimer's disease and other dementias,169,All risk factors,2,Percent,1998,0.560968298172565,0.7348444262592239,0.34477611262742613
1,All Population,2,DALYs (Disability-Adjusted Life Years),212,Mauritania,3,Both,27,Age-standardized,543,Alzheimer's disease and other dementias,169,All risk factors,3,Rate,1998,192.98721857408577,456.7496024964977,67.34444242589248
1,All Population,2,DALYs (Disability-Adjusted Life Years),216,Senegal,3,Both,27,Age-standardized,543,Alzheimer's disease and other dementias,169,All risk factors,2,Percent,1998,0.5373980023177097,0.7275849932737287,0.3070626393603683
1,All Population,2,DALYs (Disability-Adjusted Life Years),216,Senegal,3,Both,27,Age-standardized,543,Alzheimer's disease and other dementias,169,All risk factors,3,Rate,1998,156.22578875009006,373.0428260074883,56.1399863452834
1,All Population,2,DALYs (Disability-Adjusted Life Years),207,Ghana,3,Both,27,Age-standardized,543,Alzheimer's disease and other dementias,169,All risk factors,2,Percent,1995,0.5189020894142385,0.7196524581851356,0.28123376011920026
1,All Population,2,DALYs (Disability-Adjusted Life Years),207,Ghana,3,Both,27,Age-standardized,543,Alzheimer's disease and other dementias,169,All risk factors,3,Rate,1995,153.72595729278316,377.034231284728,53.983410295555856
1,All Population,2,DALYs (Disability-Adjusted Life Years),211,Mali,3,Both,27,Age-standardized,543,Alzheimer's disease and other dementias,169,All risk factors,2,Percent,1997,0.5504822555183214,0.7375914149517936,0.3173936041963552
1,All Population,2,DALYs (Disability-Adjusted Life Years),211,Mali,3,Both,27,Age-standardized,543,Alzheimer's disease and other dementias,169,All risk factors,3,Rate,1997,171.30305421206282,405.2208078534531,61.191379888992955
1,All Population,2,DALYs (Disability-Adjusted Life Years),214,Nigeria,3,Both,27,Age-standardized,543,Alzheimer's disease and other dementias,169,All risk factors,2,Percent,1994,0.4953679005784035,0.7095493905279803,0.23647815068619066
1,All Population,2,DALYs (Disability-Adjusted Life Years),214,Nigeria,3,Both,27,Age-standardized,543,Alzheimer's disease and other dementias,169,All risk factors,3,Rate,1994,134.88447400127242,341.94443813822363,44.43896830223445
1,All Population,2,DALYs (Disability-Adjusted Life Years),218,Togo,3,Both,27,Age-standardized,543,Alzheimer's disease and other dementias,169,All risk factors,2,Percent,1995,0.5039291832235053,0.7145487589481252,0.24752369078654687
1,All Population,2,DALYs (Disability-Adjusted Life Years),218,Togo,3,Both,27,Age-standardized,543,Alzheimer's disease and other dementias,169,All risk factors,3,Rate,1995,160.6999171735999,393.7369313928378,51.2506659177958
1,All Population,2,DALYs (Disability-Adjusted Life Years),211,Mali,3,Both,27,Age-standardized,543,Alzheimer's disease and other dementias,169,All risk factors,2,Percent,1995,0.5499487809861773,0.7382070883702835,0.32469736960508777
1,All Population,2,DALYs (Disability-Adjusted Life Years),211,Mali,3,Both,27,Age-standardized,543,Alzheimer's disease and other dementias,169,All risk factors,3,Rate,1995,171.6143975438566,402.66451266647607,63.35998273020594
1,All Population,2,DALYs (Disability-Adjusted Life Years),214,Nigeria,3,Both,27,Age-standardized,543,Alzheimer's disease and other dementias,169,All risk factors,2,Percent,1995,0.49564430248351327,0.7103489990791239,0.2389526806872832
1,All Population,2,DALYs (Disability-Adjusted Life Years),214,Nigeria,3,Both,27,Age-standardized,543,Alzheimer's disease and other dementias,169,All risk factors,3,Rate,1995,135.23482004185686,340.9893518966122,43.95222736770286
1,All Population,2,DALYs (Disability-Adjusted Life Years),215,Sao Tome and Principe,3,Both,27,Age-standardized,543,Alzheimer's disease and other dementias,169,All risk factors,2,Percent,1999,0.4597114386380922,0.6796838102567762,0.1879833922552946
1,All Population,2,DALYs (Disability-Adjusted Life Years),215,Sao Tome and Principe,3,Both,27,Age-standardized,543,Alzheimer's disease and other dementias,169,All risk factors,3,Rate,1999,146.50552655299273,358.8719207026262,36.71898066438488
1,All Population,2,DALYs (Disability-Adjusted Life Years),206,Gambia,3,Both,27,Age-standardized,543,Alzheimer's disease and other dementias,169,All risk factors,2,Percent,1996,0.5273701839315441,0.7240082452508227,0.2749016224616487
1,All Population,2,DALYs (Disability-Adjusted Life Years),206,Gambia,3,Both,27,Age-standardized,543,Alzheimer's disease and other dementias,169,All risk factors,3,Rate,1996,149.99231178675652,343.49580128133016,53.1490270245189
1,All Population,2,DALYs (Disability-Adjusted Life Years),218,Togo,3,Both,27,Age-standardized,543,Alzheimer's disease and other dementias,169,All risk factors,2,Percent,1997,0.5055408528244093,0.715929902566627,0.2553030894866866
1,All Population,2,DALYs (Disability-Adjusted Life Years),218,Togo,3,Both,27,Age-standardized,543,Alzheimer's disease and other dementias,169,All risk factors,3,Rate,1997,159.1909287306628,393.5747180774247,51.436767225970854
1,All Population,2,DALYs (Disability-Adjusted Life Years),213,Niger,3,Both,27,Age-standardized,543,Alzheimer's disease and other dementias,169,All risk factors,2,Percent,1997,0.5091419107802836,0.7214619412509999,0.24398901635986367
1,All Population,2,DALYs (Disability-Adjusted Life Years),213,Niger,3,Both,27,Age-standardized,543,Alzheimer's disease and other dementias,169,All risk factors,3,Rate,1997,177.63372829377843,461.13028537899584,56.3516197427065
1,All Population,2,DALYs (Disability-Adjusted Life Years),206,Gambia,3,Both,27,Age-standardized,543,Alzheimer's disease and other dementias,169,All risk factors,2,Percent,1997,0.5280525436346746,0.7238488658323634,0.27610509846852077
1,All Population,2,DALYs (Disability-Adjusted Life Years),206,Gambia,3,Both,27,Age-standardized,543,Alzheimer's disease and other dementias,169,All risk factors,3,Rate,1997,148.9098900509846,348.48503568847434,52.76778195843888
1,All Population,2,DALYs (Disability-Adjusted Life Years),201,Burkina Faso,3,Both,27,Age-standardized,543,Alzheimer's disease and other dementias,169,All risk factors,2,Percent,1997,0.4543632461336806,0.6935073182117968,0.15571683674902947
1,All Population,2,DALYs (Disability-Adjusted Life Years),201,Burkina Faso,3,Both,27,Age-standardized,543,Alzheimer's disease and other dementias,169,All risk factors,3,Rate,1997,175.29854626568581,441.6547603141121,41.374373766259446
1,All Population,2,DALYs (Disability-Adjusted Life Years),203,Cabo Verde,3,Both,27,Age-standardized,543,Alzheimer's disease and other dementias,169,All risk factors,2,Percent,1999,0.4827388381086144,0.6912491497775157,0.23665954877258882
1,All Population,2,DALYs (Disability-Adjusted Life Years),203,Cabo Verde,3,Both,27,Age-standardized,543,Alzheimer's disease and other dementias,169,All risk factors,3,Rate,1999,143.5314234596967,353.1322735352305,47.83907789784765
1,All Population,2,DALYs (Disability-Adjusted Life Years),212,Mauritania,3,Both,27,Age-standardized,543,Alzheimer's disease and other dementias,169,All risk factors,2,Percent,1999,0.561844467670495,0.7325235547162006,0.35133497527764057
1,All Population,2,DALYs (Disability-Adjusted Life Years),212,Mauritania,3,Both,27,Age-standardized,543,Alzheimer's disease and other dementias,169,All risk factors,3,Rate,1999,191.25880332056406,450.26791159473225,65.3389467453127
1,All Population,2,DALYs (Disability-Adjusted Life Years),204,Chad,3,Both,27,Age-standardized,543,Alzheimer's disease and other dementias,169,All risk factors,2,Percent,1996,0.5271220184436568,0.7286653010480242,0.2831880585519965
1,All Population,2,DALYs (Disability-Adjusted Life Years),204,Chad,3,Both,27,Age-standardized,543,Alzheimer's disease and other dementias,169,All risk factors,3,Rate,1996,182.27896479536798,443.54541780692773,62.33798136403416
1,All Population,2,DALYs (Disability-Adjusted Life Years),209,Guinea-Bissau,3,Both,27,Age-standardized,543,Alzheimer's disease and other dementias,169,All risk factors,2,Percent,1998,0.49411725998085243,0.7094048968706825,0.2346129049805703
1,All Population,2,DALYs (Disability-Adjusted Life Years),209,Guinea-Bissau,3,Both,27,Age-standardized,543,Alzheimer's disease and other dementias,169,All risk factors,3,Rate,1998,157.3415034814988,399.98312287895897,49.596773069748835
1,All Population,2,DALYs (Disability-Adjusted Life Years),208,Guinea,3,Both,27,Age-standardized,543,Alzheimer's disease and other dementias,169,All risk factors,2,Percent,1996,0.4943623996861906,0.7094111473728243,0.22942259612238475
1,All Population,2,DALYs (Disability-Adjusted Life Years),208,Guinea,3,Both,27,Age-standardized,543,Alzheimer's disease and other dementias,169,All risk factors,3,Rate,1996,165.3216717917426,404.2054634038804,51.41260059877919
1,All Population,2,DALYs (Disability-Adjusted Life Years),209,Guinea-Bissau,3,Both,27,Age-standardized,543,Alzheimer's disease and other dementias,169,All risk factors,2,Percent,1996,0.4926626166358289,0.7092936064685593,0.2324967776345831
1,All Population,2,DALYs (Disability-Adjusted Life Years),209,Guinea-Bissau,3,Both,27,Age-standardized,543,Alzheimer's disease and other dementias,169,All risk factors,3,Rate,1996,162.4011071558092,408.95478478302596,50.13759442354486
1,All Population,2,DALYs (Disability-Adjusted Life Years),200,Benin,3,Both,27,Age-standardized,543,Alzheimer's disease and other dementias,169,All risk factors,2,Percent,1996,0.4760238379920105,0.705129425056569,0.20299346866319745
1,All Population,2,DALYs (Disability-Adjusted Life Years),200,Benin,3,Both,27,Age-standardized,543,Alzheimer's disease and other dementias,169,All risk factors,3,Rate,1996,145.92792809281252,362.6914445514376,46.243923225280945
1,All Population,2,DALYs (Disability-Adjusted Life Years),208,Guinea,3,Both,27,Age-standardized,543,Alzheimer's disease and other dementias,169,All risk factors,2,Percent,1998,0.49503340326843576,0.7108337205891494,0.23235046754915367
1,All Population,2,DALYs (Disability-Adjusted Life Years),208,Guinea,3,Both,27,Age-standardized,543,Alzheimer's disease and other dementias,169,All risk factors,3,Rate,1998,165.2134094147295,406.99820552097395,52.340462655082085
1,All Population,2,DALYs (Disability-Adjusted Life Years),210,Liberia,3,Both,27,Age-standardized,543,Alzheimer's disease and other dementias,169,All risk factors,2,Percent,1997,0.5042641886659966,0.7171837654060071,0.247228721496684
1,All Population,2,DALYs (Disability-Adjusted Life Years),210,Liberia,3,Both,27,Age-standardized,543,Alzheimer's disease and other dementias,169,All risk factors,3,Rate,1997,170.67387150760104,415.19936628186747,52.94807840660107
1,All Population,2,DALYs (Disability-Adjusted Life Years),204,Chad,3,Both,27,Age-standardized,543,Alzheimer's disease and other dementias,169,All risk factors,2,Percent,1998,0.5278026909644704,0.7298016659492441,0.2860227211221666
1,All Population,2,DALYs (Disability-Adjusted Life Years),204,Chad,3,Both,27,Age-standardized,543,Alzheimer's disease and other dementias,169,All risk factors,3,Rate,1998,180.40697890304787,451.662124517672,61.75636606280475
1,All Population,2,DALYs (Disability-Adjusted Life Years),202,Cameroon,3,Both,27,Age-standardized,543,Alzheimer's disease and other dementias,169,All risk factors,2,Percent,1998,0.4981855921093036,0.7061724024938575,0.22744047008226012
1,All Population,2,DALYs (Disability-Adjusted Life Years),202,Cameroon,3,Both,27,Age-standardized,543,Alzheimer's disease and other dementias,169,All risk factors,3,Rate,1998,174.5185352968921,445.50304016495454,52.50986891332822
1,All Population,2,DALYs (Disability-Adjusted Life Years),214,Nigeria,3,Both,27,Age-standardized,543,Alzheimer's disease and other dementias,169,All risk factors,2,Percent,1996,0.4962527077633553,0.7110639847299498,0.24033212095258455
1,All Population,2,DALYs (Disability-Adjusted Life Years),214,Nigeria,3,Both,27,Age-standardized,543,Alzheimer's disease and other dementias,169,All risk factors,3,Rate,1996,135.5610131778565,341.1869581643652,44.447643013144315
1,All Population,2,DALYs (Disability-Adjusted Life Years),214,Nigeria,3,Both,27,Age-standardized,543,Alzheimer's disease and other dementias,169,All risk factors,2,Percent,1998,0.4975674445571094,0.7111987290410122,0.24099937769318505
1,All Population,2,DALYs (Disability-Adjusted Life Years),214,Nigeria,3,Both,27,Age-standardized,543,Alzheimer's disease and other dementias,169,All risk factors,3,Rate,1998,135.90577136965325,345.92442188457176,43.88903433731144
1,All Population,2,DALYs (Disability-Adjusted Life Years),212,Mauritania,3,Both,27,Age-standardized,543,Alzheimer's disease and other dementias,169,All risk factors,2,Percent,2000,0.5619965069167333,0.7321044810603123,0.34843024422480484
1,All Population,2,DALYs (Disability-Adjusted Life Years),212,Mauritania,3,Both,27,Age-standardized,543,Alzheimer's disease and other dementias,169,All risk factors,3,Rate,2000,193.0093025731014,452.7150104125639,65.01225056207555
1,All Population,2,DALYs (Disability-Adjusted Life Years),215,Sao Tome and Principe,3,Both,27,Age-standardized,543,Alzheimer's disease and other dementias,169,All risk factors,2,Percent,2000,0.45981786102897376,0.6790943699565363,0.18769321362149877
1,All Population,2,DALYs (Disability-Adjusted Life Years),215,Sao Tome and Principe,3,Both,27,Age-standardized,543,Alzheimer's disease and other dementias,169,All risk factors,3,Rate,2000,145.27857631546956,358.01807717504846,36.70153528852004
1,All Population,2,DALYs (Disability-Adjusted Life Years),209,Guinea-Bissau,3,Both,27,Age-standardized,543,Alzheimer's disease and other dementias,169,All risk factors,2,Percent,1995,0.4918736753952515,0.7088930753155147,0.23055444616188386
1,All Population,2,DALYs (Disability-Adjusted Life Years),209,Guinea-Bissau,3,Both,27,Age-standardized,543,Alzheimer's disease and other dementias,169,All risk factors,3,Rate,1995,155.57427651850892,388.81360737671906,48.85287095394377
1,All Population,2,DALYs (Disability-Adjusted Life Years),210,Liberia,3,Both,27,Age-standardized,543,Alzheimer's disease and other dementias,169,All risk factors,2,Percent,1994,0.5011985138746357,0.7169274501386415,0.24219759778659997
1,All Population,2,DALYs (Disability-Adjusted Life Years),210,Liberia,3,Both,27,Age-standardized,543,Alzheimer's disease and other dementias,169,All risk factors,3,Rate,1994,169.58642892993012,426.06716170412415,52.531193947895254
1,All Population,2,DALYs (Disability-Adjusted Life Years),203,Cabo Verde,3,Both,27,Age-standardized,543,Alzheimer's disease and other dementias,169,All risk factors,2,Percent,1997,0.48279373185269703,0.6948889537658975,0.23560087920946235
1,All Population,2,DALYs (Disability-Adjusted Life Years),203,Cabo Verde,3,Both,27,Age-standardized,543,Alzheimer's disease and other dementias,169,All risk factors,3,Rate,1997,145.4710899108937,354.14434580411444,47.08703042330731
1,All Population,2,DALYs (Disability-Adjusted Life Years),211,Mali,3,Both,27,Age-standardized,543,Alzheimer's disease and other dementias,169,All risk factors,2,Percent,1998,0.5509546833728463,0.7374641852023247,0.32158388242179303
1,All Population,2,DALYs (Disability-Adjusted Life Years),211,Mali,3,Both,27,Age-standardized,543,Alzheimer's disease and other dementias,169,All risk factors,3,Rate,1998,171.20714706983995,404.50521805635435,61.37774084342767
1,All Population,2,DALYs (Disability-Adjusted Life Years),207,Ghana,3,Both,27,Age-standardized,543,Alzheimer's disease and other dementias,169,All risk factors,2,Percent,1998,0.5224967271984028,0.717788615901239,0.28754105543364383
1,All Population,2,DALYs (Disability-Adjusted Life Years),207,Ghana,3,Both,27,Age-standardized,543,Alzheimer's disease and other dementias,169,All risk factors,3,Rate,1998,154.13748515560462,369.76541670397745,54.34545467333927
1,All Population,2,DALYs (Disability-Adjusted Life Years),210,Liberia,3,Both,27,Age-standardized,543,Alzheimer's disease and other dementias,169,All risk factors,2,Percent,1998,0.5053734560895996,0.717289372832474,0.24911410696239755
1,All Population,2,DALYs (Disability-Adjusted Life Years),210,Liberia,3,Both,27,Age-standardized,543,Alzheimer's disease and other dementias,169,All risk factors,3,Rate,1998,171.99020477566842,426.22035252723,53.237933792879666
1,All Population,2,DALYs (Disability-Adjusted Life Years),205,Côte d'Ivoire,3,Both,27,Age-standardized,543,Alzheimer's disease and other dementias,169,All risk factors,2,Percent,1999,0.4786051932327797,0.6954719001864413,0.21271205360798012
1,All Population,2,DALYs (Disability-Adjusted Life Years),205,Côte d'Ivoire,3,Both,27,Age-standardized,543,Alzheimer's disease and other dementias,169,All risk factors,3,Rate,1999,139.42804150921594,354.5506088044007,43.495399578194785
1,All Population,2,DALYs (Disability-Adjusted Life Years),203,Cabo Verde,3,Both,27,Age-standardized,543,Alzheimer's disease and other dementias,169,All risk factors,2,Percent,2000,0.48224032294444696,0.6894166222201161,0.24050682067796078
1,All Population,2,DALYs (Disability-Adjusted Life Years),203,Cabo Verde,3,Both,27,Age-standardized,543,Alzheimer's disease and other dementias,169,All risk factors,3,Rate,2000,143.09407153930582,354.8195946951183,47.2606719293047
1,All Population,2,DALYs (Disability-Adjusted Life Years),204,Chad,3,Both,27,Age-standardized,543,Alzheimer's disease and other dementias,169,All risk factors,2,Percent,1999,0.5282430933733906,0.7291381689312982,0.28643844204698155
1,All Population,2,DALYs (Disability-Adjusted Life Years),204,Chad,3,Both,27,Age-standardized,543,Alzheimer's disease and other dementias,169,All risk factors,3,Rate,1999,178.92386511521718,449.62041194631166,60.76262903195056
1,All Population,2,DALYs (Disability-Adjusted Life Years),211,Mali,3,Both,27,Age-standardized,543,Alzheimer's disease and other dementias,169,All risk factors,2,Percent,1996,0.550004682983397,0.7380707412305487,0.32039975571026874
1,All Population,2,DALYs (Disability-Adjusted Life Years),211,Mali,3,Both,27,Age-standardized,543,Alzheimer's disease and other dementias,169,All risk factors,3,Rate,1996,172.0761685802308,399.76890316114407,61.901445386017684
1,All Population,2,DALYs (Disability-Adjusted Life Years),218,Togo,3,Both,27,Age-standardized,543,Alzheimer's disease and other dementias,169,All risk factors,2,Percent,1998,0.5062834290770818,0.7159475811473228,0.2552839003982939
1,All Population,2,DALYs (Disability-Adjusted Life Years),218,Togo,3,Both,27,Age-standardized,543,Alzheimer's disease and other dementias,169,All risk factors,3,Rate,1998,158.60162048036685,404.2027072351636,51.02277139210481
1,All Population,2,DALYs (Disability-Adjusted Life Years),209,Guinea-Bissau,3,Both,27,Age-standardized,543,Alzheimer's disease and other dementias,169,All risk factors,2,Percent,1999,0.4949098791235117,0.7099278198351893,0.23764347003019523
1,All Population,2,DALYs (Disability-Adjusted Life Years),209,Guinea-Bissau,3,Both,27,Age-standardized,543,Alzheimer's disease and other dementias,169,All risk factors,3,Rate,1999,156.99364903011426,393.905943034016,49.725743258077934
1,All Population,2,DALYs (Disability-Adjusted Life Years),216,Senegal,3,Both,27,Age-standardized,543,Alzheimer's disease and other dementias,169,All risk factors,2,Percent,1999,0.5378125618598679,0.7278870059842146,0.3072905007089051
1,All Population,2,DALYs (Disability-Adjusted Life Years),216,Senegal,3,Both,27,Age-standardized,543,Alzheimer's disease and other dementias,169,All risk factors,3,Rate,1999,156.59752808609306,371.61081442476905,56.15755226752316
1,All Population,2,DALYs (Disability-Adjusted Life Years),204,Chad,3,Both,27,Age-standardized,543,Alzheimer's disease and other dementias,169,All risk factors,2,Percent,1995,0.5267390365291994,0.7282305073421387,0.28342827829644357
1,All Population,2,DALYs (Disability-Adjusted Life Years),204,Chad,3,Both,27,Age-standardized,543,Alzheimer's disease and other dementias,169,All risk factors,3,Rate,1995,182.51912816277994,440.2146602553338,61.591804849370995
1,All Population,2,DALYs (Disability-Adjusted Life Years),205,Côte d'Ivoire,3,Both,27,Age-standardized,543,Alzheimer's disease and other dementias,169,All risk factors,2,Percent,1997,0.47702204665486453,0.6943456977960719,0.20921525850973755
1,All Population,2,DALYs (Disability-Adjusted Life Years),205,Côte d'Ivoire,3,Both,27,Age-standardized,543,Alzheimer's disease and other dementias,169,All risk factors,3,Rate,1997,139.38212610201586,343.43051036420945,43.17237730956319
1,All Population,2,DALYs (Disability-Adjusted Life Years),216,Senegal,3,Both,27,Age-standardized,543,Alzheimer's disease and other dementias,169,All risk factors,2,Percent,1994,0.5366705934204532,0.7294628309878255,0.30294001998146003
1,All Population,2,DALYs (Disability-Adjusted Life Years),216,Senegal,3,Both,27,Age-standardized,543,Alzheimer's disease and other dementias,169,All risk factors,3,Rate,1994,156.04951618628974,368.1953773255661,56.955587698589376
1,All Population,2,DALYs (Disability-Adjusted Life Years),201,Burkina Faso,3,Both,27,Age-standardized,543,Alzheimer's disease and other dementias,169,All risk factors,2,Percent,1998,0.4544650233529014,0.6931966620252634,0.15511764516430032
1,All Population,2,DALYs (Disability-Adjusted Life Years),201,Burkina Faso,3,Both,27,Age-standardized,543,Alzheimer's disease and other dementias,169,All risk factors,3,Rate,1998,175.09523716496116,441.6376469870182,42.24802745367619
1,All Population,2,DALYs (Disability-Adjusted Life Years),200,Benin,3,Both,27,Age-standardized,543,Alzheimer's disease and other dementias,169,All risk factors,2,Percent,1999,0.4776071251788342,0.7044864023724742,0.20399141142319666
1,All Population,2,DALYs (Disability-Adjusted Life Years),200,Benin,3,Both,27,Age-standardized,543,Alzheimer's disease and other dementias,169,All risk factors,3,Rate,1999,145.16430111385995,360.2219140237904,46.773852893512704
1,All Population,2,DALYs (Disability-Adjusted Life Years),213,Niger,3,Both,27,Age-standardized,543,Alzheimer's disease and other dementias,169,All risk factors,2,Percent,1998,0.5096536570023487,0.7213741365838373,0.24564895547412127
1,All Population,2,DALYs (Disability-Adjusted Life Years),213,Niger,3,Both,27,Age-standardized,543,Alzheimer's disease and other dementias,169,All risk factors,3,Rate,1998,177.3116587707274,450.4970746024104,56.731798856418536
1,All Population,2,DALYs (Disability-Adjusted Life Years),215,Sao Tome and Principe,3,Both,27,Age-standardized,543,Alzheimer's disease and other dementias,169,All risk factors,2,Percent,2001,0.4595366988058837,0.6784947845846763,0.18597596879922576
1,All Population,2,DALYs (Disability-Adjusted Life Years),215,Sao Tome and Principe,3,Both,27,Age-standardized,543,Alzheimer's disease and other dementias,169,All risk factors,3,Rate,2001,147.08689492699747,364.7843010727187,36.137062711169776
1,All Population,2,DALYs (Disability-Adjusted Life Years),211,Mali,3,Both,27,Age-standardized,543,Alzheimer's disease and other dementias,169,All risk factors,2,Percent,1999,0.5509736857012765,0.7357114944627919,0.32147477666575136
1,All Population,2,DALYs (Disability-Adjusted Life Years),211,Mali,3,Both,27,Age-standardized,543,Alzheimer's disease and other dementias,169,All risk factors,3,Rate,1999,170.2390332752945,400.5121305802594,61.37232562311679
1,All Population,2,DALYs (Disability-Adjusted Life Years),202,Cameroon,3,Both,27,Age-standardized,543,Alzheimer's disease and other dementias,169,All risk factors,2,Percent,1999,0.4998536549206674,0.7077335255846465,0.23173012272493
1,All Population,2,DALYs (Disability-Adjusted Life Years),202,Cameroon,3,Both,27,Age-standardized,543,Alzheimer's disease and other dementias,169,All risk factors,3,Rate,1999,174.1400268893187,438.36764418811754,51.50384130300282
1,All Population,2,DALYs (Disability-Adjusted Life Years),213,Niger,3,Both,27,Age-standardized,543,Alzheimer's disease and other dementias,169,All risk factors,2,Percent,1999,0.5100180457385332,0.7205911578611853,0.24672123596712003
1,All Population,2,DALYs (Disability-Adjusted Life Years),213,Niger,3,Both,27,Age-standardized,543,Alzheimer's disease and other dementias,169,All risk factors,3,Rate,1999,175.9283636685754,433.6067908249203,56.69587294973009
1,All Population,2,DALYs (Disability-Adjusted Life Years),214,Nigeria,3,Both,27,Age-standardized,543,Alzheimer's disease and other dementias,169,All risk factors,2,Percent,1997,0.4969348377919077,0.7113565073676388,0.24148817269120532
1,All Population,2,DALYs (Disability-Adjusted Life Years),214,Nigeria,3,Both,27,Age-standardized,543,Alzheimer's disease and other dementias,169,All risk factors,3,Rate,1997,135.65642996068405,344.7167827370464,44.1669390154178
1,All Population,2,DALYs (Disability-Adjusted Life Years),218,Togo,3,Both,27,Age-standardized,543,Alzheimer's disease and other dementias,169,All risk factors,2,Percent,1999,0.5071376094344261,0.7161424653337329,0.25764480247837307
1,All Population,2,DALYs (Disability-Adjusted Life Years),218,Togo,3,Both,27,Age-standardized,543,Alzheimer's disease and other dementias,169,All risk factors,3,Rate,1999,157.24826574782213,397.78679401771586,50.23716347686549
1,All Population,2,DALYs (Disability-Adjusted Life Years),214,Nigeria,3,Both,27,Age-standardized,543,Alzheimer's disease and other dementias,169,All risk factors,2,Percent,1999,0.4982112824811313,0.7111405371816066,0.24266799315106682
1,All Population,2,DALYs (Disability-Adjusted Life Years),214,Nigeria,3,Both,27,Age-standardized,543,Alzheimer's disease and other dementias,169,All risk factors,3,Rate,1999,135.87520960098388,344.13414082040805,44.16625553435133
1,All Population,2,DALYs (Disability-Adjusted Life Years),208,Guinea,3,Both,27,Age-standardized,543,Alzheimer's disease and other dementias,169,All risk factors,2,Percent,2000,0.4954037032683117,0.7100330677654724,0.23419983701773325
1,All Population,2,DALYs (Disability-Adjusted Life Years),208,Guinea,3,Both,27,Age-standardized,543,Alzheimer's disease and other dementias,169,All risk factors,3,Rate,2000,164.47430793663835,400.9525589820401,51.98396686194645
1,All Population,2,DALYs (Disability-Adjusted Life Years),208,Guinea,3,Both,27,Age-standardized,543,Alzheimer's disease and other dementias,169,All risk factors,2,Percent,2001,0.4957343382842377,0.7103705441140381,0.232590602270982
1,All Population,2,DALYs (Disability-Adjusted Life Years),208,Guinea,3,Both,27,Age-standardized,543,Alzheimer's disease and other dementias,169,All risk factors,3,Rate,2001,163.15724738355067,403.080078349457,52.057352692429966
1,All Population,2,DALYs (Disability-Adjusted Life Years),204,Chad,3,Both,27,Age-standardized,543,Alzheimer's disease and other dementias,169,All risk factors,2,Percent,2000,0.5284557219768202,0.7292899116077813,0.2883243046012611
1,All Population,2,DALYs (Disability-Adjusted Life Years),204,Chad,3,Both,27,Age-standardized,543,Alzheimer's disease and other dementias,169,All risk factors,3,Rate,2000,179.0835042844011,456.17998252049625,61.20401283139061
1,All Population,2,DALYs (Disability-Adjusted Life Years),212,Mauritania,3,Both,27,Age-standardized,543,Alzheimer's disease and other dementias,169,All risk factors,2,Percent,2001,0.56216701121233,0.73368771137963,0.35071987103286995
1,All Population,2,DALYs (Disability-Adjusted Life Years),212,Mauritania,3,Both,27,Age-standardized,543,Alzheimer's disease and other dementias,169,All risk factors,3,Rate,2001,192.79192377479143,451.5994638505278,66.51357946715173
1,All Population,2,DALYs (Disability-Adjusted Life Years),207,Ghana,3,Both,27,Age-standardized,543,Alzheimer's disease and other dementias,169,All risk factors,2,Percent,1999,0.5238444481630978,0.7175591326287912,0.2918622397146746
1,All Population,2,DALYs (Disability-Adjusted Life Years),207,Ghana,3,Both,27,Age-standardized,543,Alzheimer's disease and other dementias,169,All risk factors,3,Rate,1999,153.8873765149249,376.79188978595283,54.138345163308735
1,All Population,2,DALYs (Disability-Adjusted Life Years),205,Côte d'Ivoire,3,Both,27,Age-standardized,543,Alzheimer's disease and other dementias,169,All risk factors,2,Percent,2000,0.47913687905450825,0.6951597935153604,0.21573826765426557
1,All Population,2,DALYs (Disability-Adjusted Life Years),205,Côte d'Ivoire,3,Both,27,Age-standardized,543,Alzheimer's disease and other dementias,169,All risk factors,3,Rate,2000,140.91300278182808,360.990231747575,43.66117495325956
1,All Population,2,DALYs (Disability-Adjusted Life Years),200,Benin,3,Both,27,Age-standardized,543,Alzheimer's disease and other dementias,169,All risk factors,2,Percent,2000,0.4778957151394365,0.7039366427263906,0.20516374324984268
1,All Population,2,DALYs (Disability-Adjusted Life Years),200,Benin,3,Both,27,Age-standardized,543,Alzheimer's disease and other dementias,169,All risk factors,3,Rate,2000,146.5211025482691,360.0081482857353,47.09406103479867
1,All Population,2,DALYs (Disability-Adjusted Life Years),209,Guinea-Bissau,3,Both,27,Age-standardized,543,Alzheimer's disease and other dementias,169,All risk factors,2,Percent,2000,0.49541975645934355,0.7086718384621733,0.23902659403442944
1,All Population,2,DALYs (Disability-Adjusted Life Years),209,Guinea-Bissau,3,Both,27,Age-standardized,543,Alzheimer's disease and other dementias,169,All risk factors,3,Rate,2000,156.92528464461526,398.29363760086915,50.34345864391668
1,All Population,2,DALYs (Disability-Adjusted Life Years),205,Côte d'Ivoire,3,Both,27,Age-standardized,543,Alzheimer's disease and other dementias,169,All risk factors,2,Percent,1998,0.4778429718633168,0.6949749740856546,0.20882766002507
1,All Population,2,DALYs (Disability-Adjusted Life Years),205,Côte d'Ivoire,3,Both,27,Age-standardized,543,Alzheimer's disease and other dementias,169,All risk factors,3,Rate,1998,139.61503184796865,351.8313692897975,42.63644463886091
1,All Population,2,DALYs (Disability-Adjusted Life Years),206,Gambia,3,Both,27,Age-standardized,543,Alzheimer's disease and other dementias,169,All risk factors,2,Percent,1998,0.5285167330104921,0.7252537952644935,0.2773549862305267
1,All Population,2,DALYs (Disability-Adjusted Life Years),206,Gambia,3,Both,27,Age-standardized,543,Alzheimer's disease and other dementias,169,All risk factors,3,Rate,1998,151.9585217744582,364.3050147871637,53.51672210868282
1,All Population,2,DALYs (Disability-Adjusted Life Years),217,Sierra Leone,3,Both,27,Age-standardized,543,Alzheimer's disease and other dementias,169,All risk factors,2,Percent,1998,0.5023345408981733,0.7143572303831789,0.2461960663672868
1,All Population,2,DALYs (Disability-Adjusted Life Years),217,Sierra Leone,3,Both,27,Age-standardized,543,Alzheimer's disease and other dementias,169,All risk factors,3,Rate,1998,146.37938021856002,361.5871819576684,48.65791469787406
1,All Population,2,DALYs (Disability-Adjusted Life Years),206,Gambia,3,Both,27,Age-standardized,543,Alzheimer's disease and other dementias,169,All risk factors,2,Percent,1999,0.5287855093343524,0.7252329665492716,0.27959784209833205
1,All Population,2,DALYs (Disability-Adjusted Life Years),206,Gambia,3,Both,27,Age-standardized,543,Alzheimer's disease and other dementias,169,All risk factors,3,Rate,1999,156.1593510057245,378.5625379807582,54.35548036924554
1,All Population,2,DALYs (Disability-Adjusted Life Years),212,Mauritania,3,Both,27,Age-standardized,543,Alzheimer's disease and other dementias,169,All risk factors,2,Percent,2002,0.5619928174713831,0.7359609442063648,0.34202652214573886
1,All Population,2,DALYs (Disability-Adjusted Life Years),212,Mauritania,3,Both,27,Age-standardized,543,Alzheimer's disease and other dementias,169,All risk factors,3,Rate,2002,193.4410920582271,452.029955103268,65.91461717100513
1,All Population,2,DALYs (Disability-Adjusted Life Years),203,Cabo Verde,3,Both,27,Age-standardized,543,Alzheimer's disease and other dementias,169,All risk factors,2,Percent,2002,0.4778807884408558,0.6819752312670884,0.23622149933265577
1,All Population,2,DALYs (Disability-Adjusted Life Years),203,Cabo Verde,3,Both,27,Age-standardized,543,Alzheimer's disease and other dementias,169,All risk factors,3,Rate,2002,142.2718937408724,355.0879648011858,46.34123839835762
1,All Population,2,DALYs (Disability-Adjusted Life Years),201,Burkina Faso,3,Both,27,Age-standardized,543,Alzheimer's disease and other dementias,169,All risk factors,2,Percent,1994,0.4543795899087715,0.6944334078041849,0.15322018482060948
1,All Population,2,DALYs (Disability-Adjusted Life Years),201,Burkina Faso,3,Both,27,Age-standardized,543,Alzheimer's disease and other dementias,169,All risk factors,3,Rate,1994,176.7611184065007,442.995019872378,42.03226786567528
1,All Population,2,DALYs (Disability-Adjusted Life Years),217,Sierra Leone,3,Both,27,Age-standardized,543,Alzheimer's disease and other dementias,169,All risk factors,2,Percent,1999,0.5030747362842947,0.7138944817398933,0.24866814515592717
1,All Population,2,DALYs (Disability-Adjusted Life Years),217,Sierra Leone,3,Both,27,Age-standardized,543,Alzheimer's disease and other dementias,169,All risk factors,3,Rate,1999,146.63458648111197,366.3050058030903,49.09733821315735
1,All Population,2,DALYs (Disability-Adjusted Life Years),201,Burkina Faso,3,Both,27,Age-standardized,543,Alzheimer's disease and other dementias,169,All risk factors,2,Percent,1999,0.4545023268270667,0.6929484794591287,0.15833702926209792
1,All Population,2,DALYs (Disability-Adjusted Life Years),201,Burkina Faso,3,Both,27,Age-standardized,543,Alzheimer's disease and other dementias,169,All risk factors,3,Rate,1999,173.86452553080917,437.29598465538834,42.030026604431015
1,All Population,2,DALYs (Disability-Adjusted Life Years),200,Benin,3,Both,27,Age-standardized,543,Alzheimer's disease and other dementias,169,All risk factors,2,Percent,2001,0.4779165152620682,0.7038469818218995,0.20653962943264476
1,All Population,2,DALYs (Disability-Adjusted Life Years),200,Benin,3,Both,27,Age-standardized,543,Alzheimer's disease and other dementias,169,All risk factors,3,Rate,2001,144.41467400945447,355.23212884062906,46.088540993604695
1,All Population,2,DALYs (Disability-Adjusted Life Years),216,Senegal,3,Both,27,Age-standardized,543,Alzheimer's disease and other dementias,169,All risk factors,2,Percent,2001,0.5384054169617215,0.7274579791774682,0.31209425975899174
1,All Population,2,DALYs (Disability-Adjusted Life Years),216,Senegal,3,Both,27,Age-standardized,543,Alzheimer's disease and other dementias,169,All risk factors,3,Rate,2001,168.29108119333446,399.6939801497194,59.59023542434308
1,All Population,2,DALYs (Disability-Adjusted Life Years),203,Cabo Verde,3,Both,27,Age-standardized,543,Alzheimer's disease and other dementias,169,All risk factors,2,Percent,2001,0.48053691059513437,0.6862452292143841,0.23753907236432698
1,All Population,2,DALYs (Disability-Adjusted Life Years),203,Cabo Verde,3,Both,27,Age-standardized,543,Alzheimer's disease and other dementias,169,All risk factors,3,Rate,2001,142.55798486148146,354.11376580071123,46.82007310628528
1,All Population,2,DALYs (Disability-Adjusted Life Years),209,Guinea-Bissau,3,Both,27,Age-standardized,543,Alzheimer's disease and other dementias,169,All risk factors,2,Percent,2001,0.49579325801811863,0.7089387771146495,0.24036311528237336
1,All Population,2,DALYs (Disability-Adjusted Life Years),209,Guinea-Bissau,3,Both,27,Age-standardized,543,Alzheimer's disease and other dementias,169,All risk factors,3,Rate,2001,157.02171418837145,398.14926896011787,50.471733914113464
1,All Population,2,DALYs (Disability-Adjusted Life Years),216,Senegal,3,Both,27,Age-standardized,543,Alzheimer's disease and other dementias,169,All risk factors,2,Percent,2000,0.5379533987692312,0.7262047499900987,0.3107615566668628
1,All Population,2,DALYs (Disability-Adjusted Life Years),216,Senegal,3,Both,27,Age-standardized,543,Alzheimer's disease and other dementias,169,All risk factors,3,Rate,2000,155.29359022930993,362.3330845927792,56.47413344075944
1,All Population,2,DALYs (Disability-Adjusted Life Years),208,Guinea,3,Both,27,Age-standardized,543,Alzheimer's disease and other dementias,169,All risk factors,2,Percent,2002,0.4958382079064312,0.7101996950153127,0.23138930363341204
1,All Population,2,DALYs (Disability-Adjusted Life Years),208,Guinea,3,Both,27,Age-standardized,543,Alzheimer's disease and other dementias,169,All risk factors,3,Rate,2002,163.26356374271256,399.9421413860949,51.24870620340048
1,All Population,2,DALYs (Disability-Adjusted Life Years),202,Cameroon,3,Both,27,Age-standardized,543,Alzheimer's disease and other dementias,169,All risk factors,2,Percent,1995,0.49322441105806303,0.7030651665323341,0.22210388860448907
1,All Population,2,DALYs (Disability-Adjusted Life Years),202,Cameroon,3,Both,27,Age-standardized,543,Alzheimer's disease and other dementias,169,All risk factors,3,Rate,1995,173.78563611535273,434.6762966378469,51.22832370057508
1,All Population,2,DALYs (Disability-Adjusted Life Years),208,Guinea,3,Both,27,Age-standardized,543,Alzheimer's disease and other dementias,169,All risk factors,2,Percent,2003,0.49631040536225235,0.7104519112254104,0.22985512806517458
1,All Population,2,DALYs (Disability-Adjusted Life Years),208,Guinea,3,Both,27,Age-standardized,543,Alzheimer's disease and other dementias,169,All risk factors,3,Rate,2003,161.47621245219105,386.8317547190012,50.73897279235188
1,All Population,2,DALYs (Disability-Adjusted Life Years),213,Niger,3,Both,27,Age-standardized,543,Alzheimer's disease and other dementias,169,All risk factors,2,Percent,2000,0.5103567817517655,0.7204533735255899,0.24999203353125737
1,All Population,2,DALYs (Disability-Adjusted Life Years),213,Niger,3,Both,27,Age-standardized,543,Alzheimer's disease and other dementias,169,All risk factors,3,Rate,2000,177.251891721144,441.7107446450729,58.21573953565125
1,All Population,2,DALYs (Disability-Adjusted Life Years),214,Nigeria,3,Both,27,Age-standardized,543,Alzheimer's disease and other dementias,169,All risk factors,2,Percent,2000,0.4985810970005965,0.7104029449598344,0.2439875912116944
1,All Population,2,DALYs (Disability-Adjusted Life Years),214,Nigeria,3,Both,27,Age-standardized,543,Alzheimer's disease and other dementias,169,All risk factors,3,Rate,2000,137.01784899552044,344.8247556696699,44.88703635383271
1,All Population,2,DALYs (Disability-Adjusted Life Years),212,Mauritania,3,Both,27,Age-standardized,543,Alzheimer's disease and other dementias,169,All risk factors,2,Percent,2003,0.5618195498472458,0.7368217594467927,0.3486587745788283
1,All Population,2,DALYs (Disability-Adjusted Life Years),212,Mauritania,3,Both,27,Age-standardized,543,Alzheimer's disease and other dementias,169,All risk factors,3,Rate,2003,190.95470676450392,446.66570187471166,64.59097342061258
1,All Population,2,DALYs (Disability-Adjusted Life Years),203,Cabo Verde,3,Both,27,Age-standardized,543,Alzheimer's disease and other dementias,169,All risk factors,2,Percent,2003,0.4745375195315654,0.6784400909612702,0.23595536858280663
1,All Population,2,DALYs (Disability-Adjusted Life Years),203,Cabo Verde,3,Both,27,Age-standardized,543,Alzheimer's disease and other dementias,169,All risk factors,3,Rate,2003,141.77800207596422,352.32075809427465,45.688889444748625
1,All Population,2,DALYs (Disability-Adjusted Life Years),207,Ghana,3,Both,27,Age-standardized,543,Alzheimer's disease and other dementias,169,All risk factors,2,Percent,2001,0.5266332769556886,0.7182390600107632,0.29679134058844486
1,All Population,2,DALYs (Disability-Adjusted Life Years),207,Ghana,3,Both,27,Age-standardized,543,Alzheimer's disease and other dementias,169,All risk factors,3,Rate,2001,156.02446748018716,387.0591775375915,54.20398800642997
1,All Population,2,DALYs (Disability-Adjusted Life Years),214,Nigeria,3,Both,27,Age-standardized,543,Alzheimer's disease and other dementias,169,All risk factors,2,Percent,2001,0.4983660903732434,0.7101042447836954,0.24489517052783819
1,All Population,2,DALYs (Disability-Adjusted Life Years),214,Nigeria,3,Both,27,Age-standardized,543,Alzheimer's disease and other dementias,169,All risk factors,3,Rate,2001,136.58778570631864,344.85425638121893,44.962127942470346
1,All Population,2,DALYs (Disability-Adjusted Life Years),215,Sao Tome and Principe,3,Both,27,Age-standardized,543,Alzheimer's disease and other dementias,169,All risk factors,2,Percent,2002,0.4587856495753208,0.6774379575735655,0.18569654785388556
1,All Population,2,DALYs (Disability-Adjusted Life Years),215,Sao Tome and Principe,3,Both,27,Age-standardized,543,Alzheimer's disease and other dementias,169,All risk factors,3,Rate,2002,148.62364931145336,365.0268226296458,36.2917490865063
1,All Population,2,DALYs (Disability-Adjusted Life Years),215,Sao Tome and Principe,3,Both,27,Age-standardized,543,Alzheimer's disease and other dementias,169,All risk factors,2,Percent,2003,0.4577469791969978,0.6765919771659611,0.18656357996345263
1,All Population,2,DALYs (Disability-Adjusted Life Years),215,Sao Tome and Principe,3,Both,27,Age-standardized,543,Alzheimer's disease and other dementias,169,All risk factors,3,Rate,2003,148.7582917183352,363.83409763188865,37.695016722215975
1,All Population,2,DALYs (Disability-Adjusted Life Years),217,Sierra Leone,3,Both,27,Age-standardized,543,Alzheimer's disease and other dementias,169,All risk factors,2,Percent,1997,0.501393544271134,0.7145939380221474,0.24596754260797826
1,All Population,2,DALYs (Disability-Adjusted Life Years),217,Sierra Leone,3,Both,27,Age-standardized,543,Alzheimer's disease and other dementias,169,All risk factors,3,Rate,1997,146.0184768467088,364.30564254874247,48.31889874131748
1,All Population,2,DALYs (Disability-Adjusted Life Years),209,Guinea-Bissau,3,Both,27,Age-standardized,543,Alzheimer's disease and other dementias,169,All risk factors,2,Percent,2002,0.49599761826043487,0.7088545296609307,0.2405867530575322
1,All Population,2,DALYs (Disability-Adjusted Life Years),209,Guinea-Bissau,3,Both,27,Age-standardized,543,Alzheimer's disease and other dementias,169,All risk factors,3,Rate,2002,157.8622113868655,404.1333616942075,49.835247970140664
1,All Population,2,DALYs (Disability-Adjusted Life Years),217,Sierra Leone,3,Both,27,Age-standardized,543,Alzheimer's disease and other dementias,169,All risk factors,2,Percent,2000,0.503448350475797,0.7137643188776027,0.24969351007545693
1,All Population,2,DALYs (Disability-Adjusted Life Years),217,Sierra Leone,3,Both,27,Age-standardized,543,Alzheimer's disease and other dementias,169,All risk factors,3,Rate,2000,148.29936726331198,376.58231495602865,49.14587651075507
1,All Population,2,DALYs (Disability-Adjusted Life Years),200,Benin,3,Both,27,Age-standardized,543,Alzheimer's disease and other dementias,169,All risk factors,2,Percent,2002,0.47768708432340734,0.7034409195179481,0.20722737178268597
1,All Population,2,DALYs (Disability-Adjusted Life Years),200,Benin,3,Both,27,Age-standardized,543,Alzheimer's disease and other dementias,169,All risk factors,3,Rate,2002,144.78530734226578,356.04455139747114,46.2404484293864
1,All Population,2,DALYs (Disability-Adjusted Life Years),204,Chad,3,Both,27,Age-standardized,543,Alzheimer's disease and other dementias,169,All risk factors,2,Percent,2002,0.5288741673140204,0.7299580682349713,0.28842105353411807
1,All Population,2,DALYs (Disability-Adjusted Life Years),204,Chad,3,Both,27,Age-standardized,543,Alzheimer's disease and other dementias,169,All risk factors,3,Rate,2002,178.99213455800287,453.8073795646557,59.49118355167056
1,All Population,2,DALYs (Disability-Adjusted Life Years),202,Cameroon,3,Both,27,Age-standardized,543,Alzheimer's disease and other dementias,169,All risk factors,2,Percent,2000,0.5009436174782075,0.7088418442273943,0.23050694298726132
1,All Population,2,DALYs (Disability-Adjusted Life Years),202,Cameroon,3,Both,27,Age-standardized,543,Alzheimer's disease and other dementias,169,All risk factors,3,Rate,2000,175.9019750884354,442.09003741181397,50.98112566474566
1,All Population,2,DALYs (Disability-Adjusted Life Years),218,Togo,3,Both,27,Age-standardized,543,Alzheimer's disease and other dementias,169,All risk factors,2,Percent,1996,0.5046252793901345,0.7143635224804337,0.25354243689574313
1,All Population,2,DALYs (Disability-Adjusted Life Years),218,Togo,3,Both,27,Age-standardized,543,Alzheimer's disease and other dementias,169,All risk factors,3,Rate,1996,159.7883615789922,393.56508118206494,51.85668314439878
1,All Population,2,DALYs (Disability-Adjusted Life Years),206,Gambia,3,Both,27,Age-standardized,543,Alzheimer's disease and other dementias,169,All risk factors,2,Percent,2000,0.5290374073335445,0.7263097295020327,0.2801146395931756
1,All Population,2,DALYs (Disability-Adjusted Life Years),206,Gambia,3,Both,27,Age-standardized,543,Alzheimer's disease and other dementias,169,All risk factors,3,Rate,2000,152.68955326031613,375.98823815501987,53.77921107659787
1,All Population,2,DALYs (Disability-Adjusted Life Years),202,Cameroon,3,Both,27,Age-standardized,543,Alzheimer's disease and other dementias,169,All risk factors,2,Percent,2001,0.5024747939215723,0.7093474355526777,0.23130691328885747
1,All Population,2,DALYs (Disability-Adjusted Life Years),202,Cameroon,3,Both,27,Age-standardized,543,Alzheimer's disease and other dementias,169,All risk factors,3,Rate,2001,174.04050702028792,441.38326814644563,51.24514631444675
1,All Population,2,DALYs (Disability-Adjusted Life Years),201,Burkina Faso,3,Both,27,Age-standardized,543,Alzheimer's disease and other dementias,169,All risk factors,2,Percent,2000,0.45446431818945543,0.6929893914582504,0.15941994137644966
1,All Population,2,DALYs (Disability-Adjusted Life Years),201,Burkina Faso,3,Both,27,Age-standardized,543,Alzheimer's disease and other dementias,169,All risk factors,3,Rate,2000,175.86000228521362,441.33641058518873,42.935603792709394
1,All Population,2,DALYs (Disability-Adjusted Life Years),207,Ghana,3,Both,27,Age-standardized,543,Alzheimer's disease and other dementias,169,All risk factors,2,Percent,2002,0.527523421104685,0.7192850354681175,0.29647593791549864
1,All Population,2,DALYs (Disability-Adjusted Life Years),207,Ghana,3,Both,27,Age-standardized,543,Alzheimer's disease and other dementias,169,All risk factors,3,Rate,2002,158.74505881874995,392.9933644989543,54.74031784967753
1,All Population,2,DALYs (Disability-Adjusted Life Years),214,Nigeria,3,Both,27,Age-standardized,543,Alzheimer's disease and other dementias,169,All risk factors,2,Percent,2002,0.49749480043390015,0.7088667674401534,0.2448117780321727
1,All Population,2,DALYs (Disability-Adjusted Life Years),214,Nigeria,3,Both,27,Age-standardized,543,Alzheimer's disease and other dementias,169,All risk factors,3,Rate,2002,137.89013101238905,350.3481671388614,44.55978694815586
1,All Population,2,DALYs (Disability-Adjusted Life Years),210,Liberia,3,Both,27,Age-standardized,543,Alzheimer's disease and other dementias,169,All risk factors,2,Percent,1999,0.506112905679094,0.7166215989665458,0.25111501432538647
1,All Population,2,DALYs (Disability-Adjusted Life Years),210,Liberia,3,Both,27,Age-standardized,543,Alzheimer's disease and other dementias,169,All risk factors,3,Rate,1999,171.75695004579384,434.3576863330301,53.169425344672526
1,All Population,2,DALYs (Disability-Adjusted Life Years),207,Ghana,3,Both,27,Age-standardized,543,Alzheimer's disease and other dementias,169,All risk factors,2,Percent,2000,0.5253156847094461,0.7184016982857565,0.2944439249235366
1,All Population,2,DALYs (Disability-Adjusted Life Years),207,Ghana,3,Both,27,Age-standardized,543,Alzheimer's disease and other dementias,169,All risk factors,3,Rate,2000,155.24929324452648,381.0271526890559,54.10528228436879
1,All Population,2,DALYs (Disability-Adjusted Life Years),216,Senegal,3,Both,27,Age-standardized,543,Alzheimer's disease and other dementias,169,All risk factors,2,Percent,2002,0.5384799760462327,0.7280318925221588,0.3141536840369372
1,All Population,2,DALYs (Disability-Adjusted Life Years),216,Senegal,3,Both,27,Age-standardized,543,Alzheimer's disease and other dementias,169,All risk factors,3,Rate,2002,169.9157726291168,403.5529799095061,60.81950485057751
1,All Population,2,DALYs (Disability-Adjusted Life Years),212,Mauritania,3,Both,27,Age-standardized,543,Alzheimer's disease and other dementias,169,All risk factors,2,Percent,2004,0.5624411806279477,0.7384670407629444,0.34914041757718084
1,All Population,2,DALYs (Disability-Adjusted Life Years),212,Mauritania,3,Both,27,Age-standardized,543,Alzheimer's disease and other dementias,169,All risk factors,3,Rate,2004,193.66570737940137,451.87183776601313,65.283138309629
1,All Population,2,DALYs (Disability-Adjusted Life Years),202,Cameroon,3,Both,27,Age-standardized,543,Alzheimer's disease and other dementias,169,All risk factors,2,Percent,2002,0.5034281907018097,0.7102663376431202,0.23228038979808763
1,All Population,2,DALYs (Disability-Adjusted Life Years),202,Cameroon,3,Both,27,Age-standardized,543,Alzheimer's disease and other dementias,169,All risk factors,3,Rate,2002,176.79382463457006,451.89192823658396,51.56850081365446
1,All Population,2,DALYs (Disability-Adjusted Life Years),218,Togo,3,Both,27,Age-standardized,543,Alzheimer's disease and other dementias,169,All risk factors,2,Percent,2001,0.508222837320493,0.7153704088250884,0.256535119440839
1,All Population,2,DALYs (Disability-Adjusted Life Years),218,Togo,3,Both,27,Age-standardized,543,Alzheimer's disease and other dementias,169,All risk factors,3,Rate,2001,158.14025630873277,391.65932786216683,50.73911955763562
1,All Population,2,DALYs (Disability-Adjusted Life Years),203,Cabo Verde,3,Both,27,Age-standardized,543,Alzheimer's disease and other dementias,169,All risk factors,2,Percent,2004,0.4710966212662584,0.6747229393795123,0.23300263532851573
1,All Population,2,DALYs (Disability-Adjusted Life Years),203,Cabo Verde,3,Both,27,Age-standardized,543,Alzheimer's disease and other dementias,169,All risk factors,3,Rate,2004,141.232249328979,349.8979805198829,45.23157251578883
1,All Population,2,DALYs (Disability-Adjusted Life Years),210,Liberia,3,Both,27,Age-standardized,543,Alzheimer's disease and other dementias,169,All risk factors,2,Percent,2001,0.5073374784785354,0.7162996006305964,0.2513407793176228
1,All Population,2,DALYs (Disability-Adjusted Life Years),210,Liberia,3,Both,27,Age-standardized,543,Alzheimer's disease and other dementias,169,All risk factors,3,Rate,2001,172.01722474827343,428.18015614788044,51.56639148796334
1,All Population,2,DALYs (Disability-Adjusted Life Years),201,Burkina Faso,3,Both,27,Age-standardized,543,Alzheimer's disease and other dementias,169,All risk factors,2,Percent,2001,0.4541928092669057,0.6928380461417039,0.15978032325227737
1,All Population,2,DALYs (Disability-Adjusted Life Years),201,Burkina Faso,3,Both,27,Age-standardized,543,Alzheimer's disease and other dementias,169,All risk factors,3,Rate,2001,173.0049259864196,429.42888838354287,42.085336533122344
1,All Population,2,DALYs (Disability-Adjusted Life Years),213,Niger,3,Both,27,Age-standardized,543,Alzheimer's disease and other dementias,169,All risk factors,2,Percent,2001,0.5103433889404603,0.7208995264430909,0.24745258459324368
1,All Population,2,DALYs (Disability-Adjusted Life Years),213,Niger,3,Both,27,Age-standardized,543,Alzheimer's disease and other dementias,169,All risk factors,3,Rate,2001,175.6390762240583,438.6174215849686,57.1551097122114
1,All Population,2,DALYs (Disability-Adjusted Life Years),210,Liberia,3,Both,27,Age-standardized,543,Alzheimer's disease and other dementias,169,All risk factors,2,Percent,2000,0.506877765093502,0.7163806565931147,0.25217658225975736
1,All Population,2,DALYs (Disability-Adjusted Life Years),210,Liberia,3,Both,27,Age-standardized,543,Alzheimer's disease and other dementias,169,All risk factors,3,Rate,2000,174.55416544778353,441.51091606185264,51.977948483246124
1,All Population,2,DALYs (Disability-Adjusted Life Years),204,Chad,3,Both,27,Age-standardized,543,Alzheimer's disease and other dementias,169,All risk factors,2,Percent,2001,0.5288178867813809,0.7298920004981942,0.28884581742997184
1,All Population,2,DALYs (Disability-Adjusted Life Years),204,Chad,3,Both,27,Age-standardized,543,Alzheimer's disease and other dementias,169,All risk factors,3,Rate,2001,178.67127900471502,455.67381194478764,60.41638765725945
1,All Population,2,DALYs (Disability-Adjusted Life Years),200,Benin,3,Both,27,Age-standardized,543,Alzheimer's disease and other dementias,169,All risk factors,2,Percent,2003,0.4774153839314742,0.7027743038406501,0.20891238596835798
1,All Population,2,DALYs (Disability-Adjusted Life Years),200,Benin,3,Both,27,Age-standardized,543,Alzheimer's disease and other dementias,169,All risk factors,3,Rate,2003,142.8024443896867,352.8132966985767,44.08436521877157
1,All Population,2,DALYs (Disability-Adjusted Life Years),218,Togo,3,Both,27,Age-standardized,543,Alzheimer's disease and other dementias,169,All risk factors,2,Percent,2000,0.5078468543871573,0.716263853552756,0.258266580133248
1,All Population,2,DALYs (Disability-Adjusted Life Years),218,Togo,3,Both,27,Age-standardized,543,Alzheimer's disease and other dementias,169,All risk factors,3,Rate,2000,158.718375690816,394.409318509578,50.37790957824839
1,All Population,2,DALYs (Disability-Adjusted Life Years),215,Sao Tome and Principe,3,Both,27,Age-standardized,543,Alzheimer's disease and other dementias,169,All risk factors,2,Percent,2004,0.4565706244716327,0.6761033460693134,0.18655337307573344
1,All Population,2,DALYs (Disability-Adjusted Life Years),215,Sao Tome and Principe,3,Both,27,Age-standardized,543,Alzheimer's disease and other dementias,169,All risk factors,3,Rate,2004,149.45631908277926,369.2303728446152,36.58498779323081
1,All Population,2,DALYs (Disability-Adjusted Life Years),218,Togo,3,Both,27,Age-standardized,543,Alzheimer's disease and other dementias,169,All risk factors,2,Percent,2002,0.5084862182681763,0.7130544253054212,0.2573606536564159
1,All Population,2,DALYs (Disability-Adjusted Life Years),218,Togo,3,Both,27,Age-standardized,543,Alzheimer's disease and other dementias,169,All risk factors,3,Rate,2002,159.4320133060365,392.9396740454413,51.455934107767675
1,All Population,2,DALYs (Disability-Adjusted Life Years),211,Mali,3,Both,27,Age-standardized,543,Alzheimer's disease and other dementias,169,All risk factors,2,Percent,2001,0.5513998653361922,0.7354061294721334,0.3264880767204559
1,All Population,2,DALYs (Disability-Adjusted Life Years),211,Mali,3,Both,27,Age-standardized,543,Alzheimer's disease and other dementias,169,All risk factors,3,Rate,2001,168.9994448217739,389.5452466823562,60.21026857161056
1,All Population,2,DALYs (Disability-Adjusted Life Years),216,Senegal,3,Both,27,Age-standardized,543,Alzheimer's disease and other dementias,169,All risk factors,2,Percent,1996,0.5366830241021217,0.7292265305156783,0.3071679883401569
1,All Population,2,DALYs (Disability-Adjusted Life Years),216,Senegal,3,Both,27,Age-standardized,543,Alzheimer's disease and other dementias,169,All risk factors,3,Rate,1996,156.33177109298262,364.9571075056446,57.095551895388965
1,All Population,2,DALYs (Disability-Adjusted Life Years),204,Chad,3,Both,27,Age-standardized,543,Alzheimer's disease and other dementias,169,All risk factors,2,Percent,2003,0.5288803623653229,0.7289758200436792,0.2875499302219692
1,All Population,2,DALYs (Disability-Adjusted Life Years),204,Chad,3,Both,27,Age-standardized,543,Alzheimer's disease and other dementias,169,All risk factors,3,Rate,2003,178.05772484734862,441.78159597538183,59.12874474859326
1,All Population,2,DALYs (Disability-Adjusted Life Years),209,Guinea-Bissau,3,Both,27,Age-standardized,543,Alzheimer's disease and other dementias,169,All risk factors,2,Percent,2003,0.4964574002276679,0.7089679535398917,0.24199255624220128
1,All Population,2,DALYs (Disability-Adjusted Life Years),209,Guinea-Bissau,3,Both,27,Age-standardized,543,Alzheimer's disease and other dementias,169,All risk factors,3,Rate,2003,157.96733277395464,408.64759753221813,48.96121089847373
1,All Population,2,DALYs (Disability-Adjusted Life Years),208,Guinea,3,Both,27,Age-standardized,543,Alzheimer's disease and other dementias,169,All risk factors,2,Percent,2004,0.4962468761547155,0.7106428948813865,0.2278015812885537
1,All Population,2,DALYs (Disability-Adjusted Life Years),208,Guinea,3,Both,27,Age-standardized,543,Alzheimer's disease and other dementias,169,All risk factors,3,Rate,2004,159.73753882294872,387.48043618838335,48.996799430193064
1,All Population,2,DALYs (Disability-Adjusted Life Years),217,Sierra Leone,3,Both,27,Age-standardized,543,Alzheimer's disease and other dementias,169,All risk factors,2,Percent,2001,0.5035771282043771,0.7142958148125186,0.25082581528381953
1,All Population,2,DALYs (Disability-Adjusted Life Years),217,Sierra Leone,3,Both,27,Age-standardized,543,Alzheimer's disease and other dementias,169,All risk factors,3,Rate,2001,148.0660908607009,373.91241485634464,48.62649016457375
1,All Population,2,DALYs (Disability-Adjusted Life Years),206,Gambia,3,Both,27,Age-standardized,543,Alzheimer's disease and other dementias,169,All risk factors,2,Percent,2001,0.5293482642568005,0.7255647051783274,0.27931920056211834
1,All Population,2,DALYs (Disability-Adjusted Life Years),206,Gambia,3,Both,27,Age-standardized,543,Alzheimer's disease and other dementias,169,All risk factors,3,Rate,2001,149.53651711080948,363.879730361473,52.06935546676447
1,All Population,2,DALYs (Disability-Adjusted Life Years),211,Mali,3,Both,27,Age-standardized,543,Alzheimer's disease and other dementias,169,All risk factors,2,Percent,2003,0.5519777638819948,0.736446917016303,0.3202952279873231
1,All Population,2,DALYs (Disability-Adjusted Life Years),211,Mali,3,Both,27,Age-standardized,543,Alzheimer's disease and other dementias,169,All risk factors,3,Rate,2003,167.48840288046904,390.0132149478463,59.12329905553362
1,All Population,2,DALYs (Disability-Adjusted Life Years),208,Guinea,3,Both,27,Age-standardized,543,Alzheimer's disease and other dementias,169,All risk factors,2,Percent,1999,0.49520632873371745,0.7103427666871257,0.23250791503239832
1,All Population,2,DALYs (Disability-Adjusted Life Years),208,Guinea,3,Both,27,Age-standardized,543,Alzheimer's disease and other dementias,169,All risk factors,3,Rate,1999,164.81486413073802,400.45978599153773,52.0026567715658
1,All Population,2,DALYs (Disability-Adjusted Life Years),201,Burkina Faso,3,Both,27,Age-standardized,543,Alzheimer's disease and other dementias,169,All risk factors,2,Percent,2002,0.4539683651772633,0.6930096648199242,0.1602796529610314
1,All Population,2,DALYs (Disability-Adjusted Life Years),201,Burkina Faso,3,Both,27,Age-standardized,543,Alzheimer's disease and other dementias,169,All risk factors,3,Rate,2002,176.78105432179166,446.35317615576656,42.168622004015035
1,All Population,2,DALYs (Disability-Adjusted Life Years),210,Liberia,3,Both,27,Age-standardized,543,Alzheimer's disease and other dementias,169,All risk factors,2,Percent,2002,0.5079063782825958,0.7162805330608364,0.25344598748919767
1,All Population,2,DALYs (Disability-Adjusted Life Years),210,Liberia,3,Both,27,Age-standardized,543,Alzheimer's disease and other dementias,169,All risk factors,3,Rate,2002,174.75949017454244,438.1609253291791,52.329251888702714
1,All Population,2,DALYs (Disability-Adjusted Life Years),205,Côte d'Ivoire,3,Both,27,Age-standardized,543,Alzheimer's disease and other dementias,169,All risk factors,2,Percent,2003,0.48043250508474505,0.6965933307325582,0.2190498939748205
1,All Population,2,DALYs (Disability-Adjusted Life Years),205,Côte d'Ivoire,3,Both,27,Age-standardized,543,Alzheimer's disease and other dementias,169,All risk factors,3,Rate,2003,138.13705979015415,344.71730022912516,44.036163832018545
1,All Population,2,DALYs (Disability-Adjusted Life Years),200,Benin,3,Both,27,Age-standardized,543,Alzheimer's disease and other dementias,169,All risk factors,2,Percent,2004,0.4771550198188451,0.7026108038848224,0.2079369287836986
1,All Population,2,DALYs (Disability-Adjusted Life Years),200,Benin,3,Both,27,Age-standardized,543,Alzheimer's disease and other dementias,169,All risk factors,3,Rate,2004,141.60670861069391,349.70706369393963,41.76022908422623
1,All Population,2,DALYs (Disability-Adjusted Life Years),217,Sierra Leone,3,Both,27,Age-standardized,543,Alzheimer's disease and other dementias,169,All risk factors,2,Percent,2002,0.5038571400350504,0.7143291267975408,0.2516155173239264
1,All Population,2,DALYs (Disability-Adjusted Life Years),217,Sierra Leone,3,Both,27,Age-standardized,543,Alzheimer's disease and other dementias,169,All risk factors,3,Rate,2002,150.85444414825133,378.5113694857976,48.90072103751869
1,All Population,2,DALYs (Disability-Adjusted Life Years),213,Niger,3,Both,27,Age-standardized,543,Alzheimer's disease and other dementias,169,All risk factors,2,Percent,2002,0.5103647049229239,0.7210897275769587,0.24763154882614888
1,All Population,2,DALYs (Disability-Adjusted Life Years),213,Niger,3,Both,27,Age-standardized,543,Alzheimer's disease and other dementias,169,All risk factors,3,Rate,2002,176.8278951214106,447.61323567844363,55.878209665715815
1,All Population,2,DALYs (Disability-Adjusted Life Years),214,Nigeria,3,Both,27,Age-standardized,543,Alzheimer's disease and other dementias,169,All risk factors,2,Percent,2003,0.49625529271940144,0.7056704019630422,0.24544818617979197
1,All Population,2,DALYs (Disability-Adjusted Life Years),214,Nigeria,3,Both,27,Age-standardized,543,Alzheimer's disease and other dementias,169,All risk factors,3,Rate,2003,136.6427274276355,349.36802418097795,43.307188035207425
1,All Population,2,DALYs (Disability-Adjusted Life Years),206,Gambia,3,Both,27,Age-standardized,543,Alzheimer's disease and other dementias,169,All risk factors,2,Percent,2002,0.5291491869933965,0.7248728880544613,0.28074101820605596
1,All Population,2,DALYs (Disability-Adjusted Life Years),206,Gambia,3,Both,27,Age-standardized,543,Alzheimer's disease and other dementias,169,All risk factors,3,Rate,2002,151.11727226196692,366.72004455521113,52.217610931929435
1,All Population,2,DALYs (Disability-Adjusted Life Years),203,Cabo Verde,3,Both,27,Age-standardized,543,Alzheimer's disease and other dementias,169,All risk factors,2,Percent,2005,0.46729359196319453,0.6708422001215969,0.23135186605262015
1,All Population,2,DALYs (Disability-Adjusted Life Years),203,Cabo Verde,3,Both,27,Age-standardized,543,Alzheimer's disease and other dementias,169,All risk factors,3,Rate,2005,140.9338021427843,353.9385008520216,44.50103326732045
1,All Population,2,DALYs (Disability-Adjusted Life Years),215,Sao Tome and Principe,3,Both,27,Age-standardized,543,Alzheimer's disease and other dementias,169,All risk factors,2,Percent,2005,0.4547072155747539,0.6725204882732964,0.18478327428931418
1,All Population,2,DALYs (Disability-Adjusted Life Years),215,Sao Tome and Principe,3,Both,27,Age-standardized,543,Alzheimer's disease and other dementias,169,All risk factors,3,Rate,2005,151.17388486124855,382.121564251882,37.00406713932715
1,All Population,2,DALYs (Disability-Adjusted Life Years),208,Guinea,3,Both,27,Age-standardized,543,Alzheimer's disease and other dementias,169,All risk factors,2,Percent,2005,0.4962656581265227,0.7105020964502092,0.22687055438904014
1,All Population,2,DALYs (Disability-Adjusted Life Years),208,Guinea,3,Both,27,Age-standardized,543,Alzheimer's disease and other dementias,169,All risk factors,3,Rate,2005,158.97158528404873,389.56419048960703,49.40057665092664
1,All Population,2,DALYs (Disability-Adjusted Life Years),205,Côte d'Ivoire,3,Both,27,Age-standardized,543,Alzheimer's disease and other dementias,169,All risk factors,2,Percent,2004,0.4810353212218461,0.6960625541616448,0.21989036057885908
1,All Population,2,DALYs (Disability-Adjusted Life Years),205,Côte d'Ivoire,3,Both,27,Age-standardized,543,Alzheimer's disease and other dementias,169,All risk factors,3,Rate,2004,138.10977333663297,349.72821994227695,43.2236898818601
1,All Population,2,DALYs (Disability-Adjusted Life Years),216,Senegal,3,Both,27,Age-standardized,543,Alzheimer's disease and other dementias,169,All risk factors,2,Percent,2003,0.5382554299870672,0.7270617372115994,0.31035852425010735
1,All Population,2,DALYs (Disability-Adjusted Life Years),216,Senegal,3,Both,27,Age-standardized,543,Alzheimer's disease and other dementias,169,All risk factors,3,Rate,2003,164.9217106723421,386.60000843936024,59.27791330166897
1,All Population,2,DALYs (Disability-Adjusted Life Years),212,Mauritania,3,Both,27,Age-standardized,543,Alzheimer's disease and other dementias,169,All risk factors,2,Percent,2005,0.5631825946699376,0.7374116352495247,0.35180157402385537
1,All Population,2,DALYs (Disability-Adjusted Life Years),212,Mauritania,3,Both,27,Age-standardized,543,Alzheimer's disease and other dementias,169,All risk factors,3,Rate,2005,193.91820972229667,446.7418077111991,66.64095585248859
1,All Population,2,DALYs (Disability-Adjusted Life Years),209,Guinea-Bissau,3,Both,27,Age-standardized,543,Alzheimer's disease and other dementias,169,All risk factors,2,Percent,2004,0.4973833517140008,0.710172571235521,0.24078664261184887
1,All Population,2,DALYs (Disability-Adjusted Life Years),209,Guinea-Bissau,3,Both,27,Age-standardized,543,Alzheimer's disease and other dementias,169,All risk factors,3,Rate,2004,159.2604449919328,411.3185466624405,49.63198164186535
1,All Population,2,DALYs (Disability-Adjusted Life Years),203,Cabo Verde,3,Both,27,Age-standardized,543,Alzheimer's disease and other dementias,169,All risk factors,2,Percent,2006,0.4630283211285054,0.6646689192702153,0.2277069027935601
1,All Population,2,DALYs (Disability-Adjusted Life Years),203,Cabo Verde,3,Both,27,Age-standardized,543,Alzheimer's disease and other dementias,169,All risk factors,3,Rate,2006,139.0208209506837,341.2124507512767,44.70827116041989
1,All Population,2,DALYs (Disability-Adjusted Life Years),208,Guinea,3,Both,27,Age-standardized,543,Alzheimer's disease and other dementias,169,All risk factors,2,Percent,2006,0.4962210918769206,0.7107547697487,0.22650928412732782
1,All Population,2,DALYs (Disability-Adjusted Life Years),208,Guinea,3,Both,27,Age-standardized,543,Alzheimer's disease and other dementias,169,All risk factors,3,Rate,2006,159.77592775909147,396.540428940155,49.972429377962506
1,All Population,2,DALYs (Disability-Adjusted Life Years),212,Mauritania,3,Both,27,Age-standardized,543,Alzheimer's disease and other dementias,169,All risk factors,2,Percent,2006,0.5640809949693022,0.7397547309671042,0.35789163434740556
1,All Population,2,DALYs (Disability-Adjusted Life Years),212,Mauritania,3,Both,27,Age-standardized,543,Alzheimer's disease and other dementias,169,All risk factors,3,Rate,2006,197.34068891344796,453.5202841329697,67.24984032799115
1,All Population,2,DALYs (Disability-Adjusted Life Years),216,Senegal,3,Both,27,Age-standardized,543,Alzheimer's disease and other dementias,169,All risk factors,2,Percent,2004,0.5388799378422016,0.7289088892591661,0.3107878858743723
1,All Population,2,DALYs (Disability-Adjusted Life Years),216,Senegal,3,Both,27,Age-standardized,543,Alzheimer's disease and other dementias,169,All risk factors,3,Rate,2004,168.817559176476,400.71271342258785,60.81652238337452
1,All Population,2,DALYs (Disability-Adjusted Life Years),207,Ghana,3,Both,27,Age-standardized,543,Alzheimer's disease and other dementias,169,All risk factors,2,Percent,2003,0.5280841610445876,0.721053381965406,0.2961072779671016
1,All Population,2,DALYs (Disability-Adjusted Life Years),207,Ghana,3,Both,27,Age-standardized,543,Alzheimer's disease and other dementias,169,All risk factors,3,Rate,2003,158.981889577177,384.45213760511893,54.17600155320213
1,All Population,2,DALYs (Disability-Adjusted Life Years),202,Cameroon,3,Both,27,Age-standardized,543,Alzheimer's disease and other dementias,169,All risk factors,2,Percent,2003,0.5043870014343333,0.7104347268900681,0.23422359024106876
1,All Population,2,DALYs (Disability-Adjusted Life Years),202,Cameroon,3,Both,27,Age-standardized,543,Alzheimer's disease and other dementias,169,All risk factors,3,Rate,2003,174.7988376254932,442.26316864960484,50.99215557327779
1,All Population,2,DALYs (Disability-Adjusted Life Years),202,Cameroon,3,Both,27,Age-standardized,543,Alzheimer's disease and other dementias,169,All risk factors,2,Percent,2004,0.5056927719885577,0.711108951038795,0.2346819833538204
1,All Population,2,DALYs (Disability-Adjusted Life Years),202,Cameroon,3,Both,27,Age-standardized,543,Alzheimer's disease and other dementias,169,All risk factors,3,Rate,2004,174.28382769244885,440.91518268115254,51.238648494679786
1,All Population,2,DALYs (Disability-Adjusted Life Years),201,Burkina Faso,3,Both,27,Age-standardized,543,Alzheimer's disease and other dementias,169,All risk factors,2,Percent,2003,0.4537753055762053,0.6930445430778572,0.16166376326933485
1,All Population,2,DALYs (Disability-Adjusted Life Years),201,Burkina Faso,3,Both,27,Age-standardized,543,Alzheimer's disease and other dementias,169,All risk factors,3,Rate,2003,173.22334100927367,443.06022001518807,41.613148743449926
1,All Population,2,DALYs (Disability-Adjusted Life Years),214,Nigeria,3,Both,27,Age-standardized,543,Alzheimer's disease and other dementias,169,All risk factors,2,Percent,2004,0.4954967981084885,0.7048216334088262,0.2452395346771994
1,All Population,2,DALYs (Disability-Adjusted Life Years),214,Nigeria,3,Both,27,Age-standardized,543,Alzheimer's disease and other dementias,169,All risk factors,3,Rate,2004,136.99174483057305,350.91246917113324,43.14596412037628
1,All Population,2,DALYs (Disability-Adjusted Life Years),207,Ghana,3,Both,27,Age-standardized,543,Alzheimer's disease and other dementias,169,All risk factors,2,Percent,2004,0.5289034458069215,0.72251196127572,0.29689073198734695
1,All Population,2,DALYs (Disability-Adjusted Life Years),207,Ghana,3,Both,27,Age-standardized,543,Alzheimer's disease and other dementias,169,All risk factors,3,Rate,2004,160.01586536315307,381.31779137651694,53.84415208143383
1,All Population,2,DALYs (Disability-Adjusted Life Years),218,Togo,3,Both,27,Age-standardized,543,Alzheimer's disease and other dementias,169,All risk factors,2,Percent,2003,0.5084975631423906,0.7118328857889723,0.25771456144922306
1,All Population,2,DALYs (Disability-Adjusted Life Years),218,Togo,3,Both,27,Age-standardized,543,Alzheimer's disease and other dementias,169,All risk factors,3,Rate,2003,157.65104733666345,384.81401309753096,49.62780322263947
1,All Population,2,DALYs (Disability-Adjusted Life Years),215,Sao Tome and Principe,3,Both,27,Age-standardized,543,Alzheimer's disease and other dementias,169,All risk factors,2,Percent,2006,0.45218417842378844,0.6699287324689539,0.18366468159807736
1,All Population,2,DALYs (Disability-Adjusted Life Years),215,Sao Tome and Principe,3,Both,27,Age-standardized,543,Alzheimer's disease and other dementias,169,All risk factors,3,Rate,2006,152.9973733225313,397.0709197167439,36.612421051659894
1,All Population,2,DALYs (Disability-Adjusted Life Years),211,Mali,3,Both,27,Age-standardized,543,Alzheimer's disease and other dementias,169,All risk factors,2,Percent,2000,0.5514832780548155,0.7353040500218578,0.3205198500913124
1,All Population,2,DALYs (Disability-Adjusted Life Years),211,Mali,3,Both,27,Age-standardized,543,Alzheimer's disease and other dementias,169,All risk factors,3,Rate,2000,170.8867163961287,397.48048380173753,61.12549298385219
1,All Population,2,DALYs (Disability-Adjusted Life Years),205,Côte d'Ivoire,3,Both,27,Age-standardized,543,Alzheimer's disease and other dementias,169,All risk factors,2,Percent,2002,0.48008815049986214,0.6963743110619292,0.21747932462502745
1,All Population,2,DALYs (Disability-Adjusted Life Years),205,Côte d'Ivoire,3,Both,27,Age-standardized,543,Alzheimer's disease and other dementias,169,All risk factors,3,Rate,2002,140.41320136509586,357.96661560750385,44.07330320811271
1,All Population,2,DALYs (Disability-Adjusted Life Years),218,Togo,3,Both,27,Age-standardized,543,Alzheimer's disease and other dementias,169,All risk factors,2,Percent,2004,0.5087782611041471,0.709757996984635,0.25590172962006474
1,All Population,2,DALYs (Disability-Adjusted Life Years),218,Togo,3,Both,27,Age-standardized,543,Alzheimer's disease and other dementias,169,All risk factors,3,Rate,2004,156.4759529415206,379.529462260512,49.019609970264426
1,All Population,2,DALYs (Disability-Adjusted Life Years),211,Mali,3,Both,27,Age-standardized,543,Alzheimer's disease and other dementias,169,All risk factors,2,Percent,2004,0.5527368402938599,0.7359414634749608,0.32086079093790554
1,All Population,2,DALYs (Disability-Adjusted Life Years),211,Mali,3,Both,27,Age-standardized,543,Alzheimer's disease and other dementias,169,All risk factors,3,Rate,2004,167.11266182838972,388.0128609890419,58.82172472559011
1,All Population,2,DALYs (Disability-Adjusted Life Years),204,Chad,3,Both,27,Age-standardized,543,Alzheimer's disease and other dementias,169,All risk factors,2,Percent,2004,0.5286770840468239,0.7285177225174938,0.28394804173454524
1,All Population,2,DALYs (Disability-Adjusted Life Years),204,Chad,3,Both,27,Age-standardized,543,Alzheimer's disease and other dementias,169,All risk factors,3,Rate,2004,176.97554619944378,430.9554301208467,59.10896817994466
1,All Population,2,DALYs (Disability-Adjusted Life Years),208,Guinea,3,Both,27,Age-standardized,543,Alzheimer's disease and other dementias,169,All risk factors,2,Percent,2007,0.49616370295244144,0.7108243667479826,0.22545818105913257
1,All Population,2,DALYs (Disability-Adjusted Life Years),208,Guinea,3,Both,27,Age-standardized,543,Alzheimer's disease and other dementias,169,All risk factors,3,Rate,2007,158.28189499107742,392.4845900675484,48.809418854633094
1,All Population,2,DALYs (Disability-Adjusted Life Years),206,Gambia,3,Both,27,Age-standardized,543,Alzheimer's disease and other dementias,169,All risk factors,2,Percent,2003,0.5291420974786856,0.7242828460351249,0.2792967427172568
1,All Population,2,DALYs (Disability-Adjusted Life Years),206,Gambia,3,Both,27,Age-standardized,543,Alzheimer's disease and other dementias,169,All risk factors,3,Rate,2003,150.53430552342127,354.399539256424,52.27342391497832
1,All Population,2,DALYs (Disability-Adjusted Life Years),200,Benin,3,Both,27,Age-standardized,543,Alzheimer's disease and other dementias,169,All risk factors,2,Percent,2005,0.47704736507686685,0.7024774133774052,0.20683893649448715
1,All Population,2,DALYs (Disability-Adjusted Life Years),200,Benin,3,Both,27,Age-standardized,543,Alzheimer's disease and other dementias,169,All risk factors,3,Rate,2005,141.77881401193608,357.58879381049843,40.91645401036758
1,All Population,2,DALYs (Disability-Adjusted Life Years),215,Sao Tome and Principe,3,Both,27,Age-standardized,543,Alzheimer's disease and other dementias,169,All risk factors,2,Percent,2007,0.44776184493394383,0.662364010350465,0.1832127243325139
1,All Population,2,DALYs (Disability-Adjusted Life Years),215,Sao Tome and Principe,3,Both,27,Age-standardized,543,Alzheimer's disease and other dementias,169,All risk factors,3,Rate,2007,153.60520076190414,396.9866310164277,36.235409312905865
1,All Population,2,DALYs (Disability-Adjusted Life Years),212,Mauritania,3,Both,27,Age-standardized,543,Alzheimer's disease and other dementias,169,All risk factors,2,Percent,2007,0.5656537654507989,0.7380518413169728,0.35533134756214396
1,All Population,2,DALYs (Disability-Adjusted Life Years),212,Mauritania,3,Both,27,Age-standardized,543,Alzheimer's disease and other dementias,169,All risk factors,3,Rate,2007,195.0801045510487,453.4935027323955,68.33090607197234
1,All Population,2,DALYs (Disability-Adjusted Life Years),203,Cabo Verde,3,Both,27,Age-standardized,543,Alzheimer's disease and other dementias,169,All risk factors,2,Percent,2007,0.45644565049761393,0.6553285059065672,0.22188234317038402
1,All Population,2,DALYs (Disability-Adjusted Life Years),203,Cabo Verde,3,Both,27,Age-standardized,543,Alzheimer's disease and other dementias,169,All risk factors,3,Rate,2007,137.79869382657026,337.2480928578872,44.03267818585234
1,All Population,2,DALYs (Disability-Adjusted Life Years),205,Côte d'Ivoire,3,Both,27,Age-standardized,543,Alzheimer's disease and other dementias,169,All risk factors,2,Percent,2001,0.47965125513397855,0.6955973301608767,0.21610968016401058
1,All Population,2,DALYs (Disability-Adjusted Life Years),205,Côte d'Ivoire,3,Both,27,Age-standardized,543,Alzheimer's disease and other dementias,169,All risk factors,3,Rate,2001,139.08211633222652,354.3033221721489,43.743379279852874
1,All Population,2,DALYs (Disability-Adjusted Life Years),213,Niger,3,Both,27,Age-standardized,543,Alzheimer's disease and other dementias,169,All risk factors,2,Percent,2003,0.5103358013594588,0.7210568629233225,0.24574171795066363
1,All Population,2,DALYs (Disability-Adjusted Life Years),213,Niger,3,Both,27,Age-standardized,543,Alzheimer's disease and other dementias,169,All risk factors,3,Rate,2003,175.4164432753817,453.3066518795392,56.07891747263069
1,All Population,2,DALYs (Disability-Adjusted Life Years),203,Cabo Verde,3,Both,27,Age-standardized,543,Alzheimer's disease and other dementias,169,All risk factors,2,Percent,2008,0.44926842254270194,0.6442457578717183,0.21606048950636958
1,All Population,2,DALYs (Disability-Adjusted Life Years),203,Cabo Verde,3,Both,27,Age-standardized,543,Alzheimer's disease and other dementias,169,All risk factors,3,Rate,2008,136.7017044186467,337.77295607435,43.297442149917806
1,All Population,2,DALYs (Disability-Adjusted Life Years),212,Mauritania,3,Both,27,Age-standardized,543,Alzheimer's disease and other dementias,169,All risk factors,2,Percent,2008,0.5669690409545363,0.7440594829250947,0.34926265053200795
1,All Population,2,DALYs (Disability-Adjusted Life Years),212,Mauritania,3,Both,27,Age-standardized,543,Alzheimer's disease and other dementias,169,All risk factors,3,Rate,2008,194.16333881713027,455.8749202234643,67.13199469876615
1,All Population,2,DALYs (Disability-Adjusted Life Years),204,Chad,3,Both,27,Age-standardized,543,Alzheimer's disease and other dementias,169,All risk factors,2,Percent,2005,0.528634603108942,0.7268755540336594,0.28516197018252876
1,All Population,2,DALYs (Disability-Adjusted Life Years),204,Chad,3,Both,27,Age-standardized,543,Alzheimer's disease and other dementias,169,All risk factors,3,Rate,2005,176.4007268010713,424.1401392881755,59.24191587979433
1,All Population,2,DALYs (Disability-Adjusted Life Years),210,Liberia,3,Both,27,Age-standardized,543,Alzheimer's disease and other dementias,169,All risk factors,2,Percent,2003,0.5081945201535958,0.716048598747234,0.25222747280064783
1,All Population,2,DALYs (Disability-Adjusted Life Years),210,Liberia,3,Both,27,Age-standardized,543,Alzheimer's disease and other dementias,169,All risk factors,3,Rate,2003,171.41281292527458,428.50059415976943,52.597710904133486
1,All Population,2,DALYs (Disability-Adjusted Life Years),209,Guinea-Bissau,3,Both,27,Age-standardized,543,Alzheimer's disease and other dementias,169,All risk factors,2,Percent,2005,0.4982543155698799,0.7106186630145663,0.2418237014012878
1,All Population,2,DALYs (Disability-Adjusted Life Years),209,Guinea-Bissau,3,Both,27,Age-standardized,543,Alzheimer's disease and other dementias,169,All risk factors,3,Rate,2005,162.9435194263603,420.98080641230297,50.41433049714114
1,All Population,2,DALYs (Disability-Adjusted Life Years),216,Senegal,3,Both,27,Age-standardized,543,Alzheimer's disease and other dementias,169,All risk factors,2,Percent,2005,0.5390666683269305,0.7265761171595222,0.3088903125977801
1,All Population,2,DALYs (Disability-Adjusted Life Years),216,Senegal,3,Both,27,Age-standardized,543,Alzheimer's disease and other dementias,169,All risk factors,3,Rate,2005,169.9022319979812,405.16857254825186,61.404519857685116
1,All Population,2,DALYs (Disability-Adjusted Life Years),215,Sao Tome and Principe,3,Both,27,Age-standardized,543,Alzheimer's disease and other dementias,169,All risk factors,2,Percent,2008,0.4429718848305661,0.6548199125002596,0.18392554959137566
1,All Population,2,DALYs (Disability-Adjusted Life Years),215,Sao Tome and Principe,3,Both,27,Age-standardized,543,Alzheimer's disease and other dementias,169,All risk factors,3,Rate,2008,153.30768619478334,391.1905932356839,35.78411243084415
1,All Population,2,DALYs (Disability-Adjusted Life Years),207,Ghana,3,Both,27,Age-standardized,543,Alzheimer's disease and other dementias,169,All risk factors,2,Percent,2005,0.5298828738633767,0.7234643126049027,0.29951872681511343
1,All Population,2,DALYs (Disability-Adjusted Life Years),207,Ghana,3,Both,27,Age-standardized,543,Alzheimer's disease and other dementias,169,All risk factors,3,Rate,2005,160.88546426876064,382.48676819897946,55.2983129486743
1,All Population,2,DALYs (Disability-Adjusted Life Years),218,Togo,3,Both,27,Age-standardized,543,Alzheimer's disease and other dementias,169,All risk factors,2,Percent,2005,0.5092247994730417,0.71060238858974,0.2571962606943871
1,All Population,2,DALYs (Disability-Adjusted Life Years),218,Togo,3,Both,27,Age-standardized,543,Alzheimer's disease and other dementias,169,All risk factors,3,Rate,2005,155.70833092618432,378.5187362316475,50.09079658504317
1,All Population,2,DALYs (Disability-Adjusted Life Years),202,Cameroon,3,Both,27,Age-standardized,543,Alzheimer's disease and other dementias,169,All risk factors,2,Percent,2005,0.5073313720951886,0.7109664540539553,0.23677459902612086
1,All Population,2,DALYs (Disability-Adjusted Life Years),202,Cameroon,3,Both,27,Age-standardized,543,Alzheimer's disease and other dementias,169,All risk factors,3,Rate,2005,173.9931064263131,449.70706360761454,51.4435755352223
1,All Population,2,DALYs (Disability-Adjusted Life Years),208,Guinea,3,Both,27,Age-standardized,543,Alzheimer's disease and other dementias,169,All risk factors,2,Percent,2009,0.4964878898562015,0.7104794554197408,0.22432821560489521
1,All Population,2,DALYs (Disability-Adjusted Life Years),208,Guinea,3,Both,27,Age-standardized,543,Alzheimer's disease and other dementias,169,All risk factors,3,Rate,2009,157.8949646441992,404.78669480400396,49.1532202933811
1,All Population,2,DALYs (Disability-Adjusted Life Years),208,Guinea,3,Both,27,Age-standardized,543,Alzheimer's disease and other dementias,169,All risk factors,2,Percent,2008,0.4963361300691434,0.7103235159338032,0.2226635757032208
1,All Population,2,DALYs (Disability-Adjusted Life Years),208,Guinea,3,Both,27,Age-standardized,543,Alzheimer's disease and other dementias,169,All risk factors,3,Rate,2008,158.1511804051001,399.0499749185863,48.97256459727763
1,All Population,2,DALYs (Disability-Adjusted Life Years),215,Sao Tome and Principe,3,Both,27,Age-standardized,543,Alzheimer's disease and other dementias,169,All risk factors,2,Percent,2009,0.44026058252856126,0.6482262057410041,0.1862739536445369
1,All Population,2,DALYs (Disability-Adjusted Life Years),215,Sao Tome and Principe,3,Both,27,Age-standardized,543,Alzheimer's disease and other dementias,169,All risk factors,3,Rate,2009,154.27946091860002,395.00601370953643,36.319945163951644
1,All Population,2,DALYs (Disability-Adjusted Life Years),212,Mauritania,3,Both,27,Age-standardized,543,Alzheimer's disease and other dementias,169,All risk factors,2,Percent,2009,0.5684881521544498,0.7398403816924942,0.3504336408825809
1,All Population,2,DALYs (Disability-Adjusted Life Years),212,Mauritania,3,Both,27,Age-standardized,543,Alzheimer's disease and other dementias,169,All risk factors,3,Rate,2009,198.74380210562612,473.3619098910419,67.1132113392254
1,All Population,2,DALYs (Disability-Adjusted Life Years),203,Cabo Verde,3,Both,27,Age-standardized,543,Alzheimer's disease and other dementias,169,All risk factors,2,Percent,2009,0.4441588282564983,0.637647952791002,0.2104397584070799
1,All Population,2,DALYs (Disability-Adjusted Life Years),203,Cabo Verde,3,Both,27,Age-standardized,543,Alzheimer's disease and other dementias,169,All risk factors,3,Rate,2009,136.28779649177736,335.47152578715713,43.03597355326094
1,All Population,2,DALYs (Disability-Adjusted Life Years),211,Mali,3,Both,27,Age-standardized,543,Alzheimer's disease and other dementias,169,All risk factors,2,Percent,2005,0.5528726538852897,0.7365318780948011,0.3169820287107654
1,All Population,2,DALYs (Disability-Adjusted Life Years),211,Mali,3,Both,27,Age-standardized,543,Alzheimer's disease and other dementias,169,All risk factors,3,Rate,2005,166.65998643172918,392.68809064222285,59.217097744623544
1,All Population,2,DALYs (Disability-Adjusted Life Years),210,Liberia,3,Both,27,Age-standardized,543,Alzheimer's disease and other dementias,169,All risk factors,2,Percent,2004,0.5091474751005611,0.7161002130639822,0.25077018597115475
1,All Population,2,DALYs (Disability-Adjusted Life Years),210,Liberia,3,Both,27,Age-standardized,543,Alzheimer's disease and other dementias,169,All risk factors,3,Rate,2004,172.0079856986495,429.89150645049216,52.76399817369715
1,All Population,2,DALYs (Disability-Adjusted Life Years),209,Guinea-Bissau,3,Both,27,Age-standardized,543,Alzheimer's disease and other dementias,169,All risk factors,2,Percent,2006,0.4990540254219065,0.7111788080926412,0.2437104023598975
1,All Population,2,DALYs (Disability-Adjusted Life Years),209,Guinea-Bissau,3,Both,27,Age-standardized,543,Alzheimer's disease and other dementias,169,All risk factors,3,Rate,2006,161.74079369670477,415.23064910287883,49.08945065108788
1,All Population,2,DALYs (Disability-Adjusted Life Years),213,Niger,3,Both,27,Age-standardized,543,Alzheimer's disease and other dementias,169,All risk factors,2,Percent,2004,0.5106580517516205,0.7210920328246754,0.24358484400215438
1,All Population,2,DALYs (Disability-Adjusted Life Years),213,Niger,3,Both,27,Age-standardized,543,Alzheimer's disease and other dementias,169,All risk factors,3,Rate,2004,174.35944992449794,452.100564697849,55.491389858955195
1,All Population,2,DALYs (Disability-Adjusted Life Years),211,Mali,3,Both,27,Age-standardized,543,Alzheimer's disease and other dementias,169,All risk factors,2,Percent,2006,0.5538409814292902,0.7363200105040552,0.32368200852593654
1,All Population,2,DALYs (Disability-Adjusted Life Years),211,Mali,3,Both,27,Age-standardized,543,Alzheimer's disease and other dementias,169,All risk factors,3,Rate,2006,167.9207945387127,390.5275418748493,59.183476925672764
1,All Population,2,DALYs (Disability-Adjusted Life Years),204,Chad,3,Both,27,Age-standardized,543,Alzheimer's disease and other dementias,169,All risk factors,2,Percent,2006,0.528659177081277,0.7265870041416568,0.28189946465162014
1,All Population,2,DALYs (Disability-Adjusted Life Years),204,Chad,3,Both,27,Age-standardized,543,Alzheimer's disease and other dementias,169,All risk factors,3,Rate,2006,175.76199926143144,425.52749663377136,58.58565277981769
1,All Population,2,DALYs (Disability-Adjusted Life Years),200,Benin,3,Both,27,Age-standardized,543,Alzheimer's disease and other dementias,169,All risk factors,2,Percent,2006,0.477184594018008,0.7026239011160859,0.20732615436860768
1,All Population,2,DALYs (Disability-Adjusted Life Years),200,Benin,3,Both,27,Age-standardized,543,Alzheimer's disease and other dementias,169,All risk factors,3,Rate,2006,143.3592453113262,360.84911595008634,41.79030004911105
1,All Population,2,DALYs (Disability-Adjusted Life Years),214,Nigeria,3,Both,27,Age-standardized,543,Alzheimer's disease and other dementias,169,All risk factors,2,Percent,2006,0.4946600349227419,0.7040656217027502,0.24686430005915647
1,All Population,2,DALYs (Disability-Adjusted Life Years),214,Nigeria,3,Both,27,Age-standardized,543,Alzheimer's disease and other dementias,169,All risk factors,3,Rate,2006,138.78560803725222,356.18590918699505,43.61685597154142
1,All Population,2,DALYs (Disability-Adjusted Life Years),206,Gambia,3,Both,27,Age-standardized,543,Alzheimer's disease and other dementias,169,All risk factors,2,Percent,2004,0.5298326210048356,0.7234654553691988,0.27869787593779216
1,All Population,2,DALYs (Disability-Adjusted Life Years),206,Gambia,3,Both,27,Age-standardized,543,Alzheimer's disease and other dementias,169,All risk factors,3,Rate,2004,155.48534391142564,365.8098419102093,54.1905813864978
1,All Population,2,DALYs (Disability-Adjusted Life Years),217,Sierra Leone,3,Both,27,Age-standardized,543,Alzheimer's disease and other dementias,169,All risk factors,2,Percent,2003,0.5039463302075562,0.7139460200790787,0.251293462019107
1,All Population,2,DALYs (Disability-Adjusted Life Years),217,Sierra Leone,3,Both,27,Age-standardized,543,Alzheimer's disease and other dementias,169,All risk factors,3,Rate,2003,151.46819044402827,376.8221926987894,48.74183704125935
1,All Population,2,DALYs (Disability-Adjusted Life Years),201,Burkina Faso,3,Both,27,Age-standardized,543,Alzheimer's disease and other dementias,169,All risk factors,2,Percent,2004,0.45387644885899825,0.693631671785356,0.16268306161153007
1,All Population,2,DALYs (Disability-Adjusted Life Years),201,Burkina Faso,3,Both,27,Age-standardized,543,Alzheimer's disease and other dementias,169,All risk factors,3,Rate,2004,174.13526272008102,447.6703901343082,41.344679668942696
1,All Population,2,DALYs (Disability-Adjusted Life Years),217,Sierra Leone,3,Both,27,Age-standardized,543,Alzheimer's disease and other dementias,169,All risk factors,2,Percent,2004,0.5042562247594085,0.714828446000336,0.2483280529234199
1,All Population,2,DALYs (Disability-Adjusted Life Years),217,Sierra Leone,3,Both,27,Age-standardized,543,Alzheimer's disease and other dementias,169,All risk factors,3,Rate,2004,152.99370643707312,382.24210188053064,48.64971779320678
1,All Population,2,DALYs (Disability-Adjusted Life Years),207,Ghana,3,Both,27,Age-standardized,543,Alzheimer's disease and other dementias,169,All risk factors,2,Percent,2006,0.5300762648198104,0.7242291246359869,0.3009171358024458
1,All Population,2,DALYs (Disability-Adjusted Life Years),207,Ghana,3,Both,27,Age-standardized,543,Alzheimer's disease and other dementias,169,All risk factors,3,Rate,2006,162.1275356235448,389.9709105829023,55.792232999884156
1,All Population,2,DALYs (Disability-Adjusted Life Years),200,Benin,3,Both,27,Age-standardized,543,Alzheimer's disease and other dementias,169,All risk factors,2,Percent,2007,0.47731645864625166,0.7016604381901566,0.20694672727882488
1,All Population,2,DALYs (Disability-Adjusted Life Years),200,Benin,3,Both,27,Age-standardized,543,Alzheimer's disease and other dementias,169,All risk factors,3,Rate,2007,142.15333149266598,353.56203297171766,41.69528114741085
1,All Population,2,DALYs (Disability-Adjusted Life Years),216,Senegal,3,Both,27,Age-standardized,543,Alzheimer's disease and other dementias,169,All risk factors,2,Percent,2006,0.5392746615423177,0.7274569645665655,0.30459261067696836
1,All Population,2,DALYs (Disability-Adjusted Life Years),216,Senegal,3,Both,27,Age-standardized,543,Alzheimer's disease and other dementias,169,All risk factors,3,Rate,2006,170.30203175858486,406.4520573031207,60.245108001744576
1,All Population,2,DALYs (Disability-Adjusted Life Years),208,Guinea,3,Both,27,Age-standardized,543,Alzheimer's disease and other dementias,169,All risk factors,2,Percent,2010,0.4968943367560295,0.7107509092252193,0.22532189659165314
1,All Population,2,DALYs (Disability-Adjusted Life Years),208,Guinea,3,Both,27,Age-standardized,543,Alzheimer's disease and other dementias,169,All risk factors,3,Rate,2010,157.9647063929805,409.0792382855745,48.76202063250513
1,All Population,2,DALYs (Disability-Adjusted Life Years),211,Mali,3,Both,27,Age-standardized,543,Alzheimer's disease and other dementias,169,All risk factors,2,Percent,2002,0.5516793993863731,0.7355936791632406,0.32466077389452636
1,All Population,2,DALYs (Disability-Adjusted Life Years),211,Mali,3,Both,27,Age-standardized,543,Alzheimer's disease and other dementias,169,All risk factors,3,Rate,2002,169.30015127669367,394.37633034121507,59.93600812759859
1,All Population,2,DALYs (Disability-Adjusted Life Years),218,Togo,3,Both,27,Age-standardized,543,Alzheimer's disease and other dementias,169,All risk factors,2,Percent,2006,0.5094689266332333,0.7106085596323111,0.2527592562853641
1,All Population,2,DALYs (Disability-Adjusted Life Years),218,Togo,3,Both,27,Age-standardized,543,Alzheimer's disease and other dementias,169,All risk factors,3,Rate,2006,156.47289967944414,386.4667976865183,50.191435313353956
1,All Population,2,DALYs (Disability-Adjusted Life Years),203,Cabo Verde,3,Both,27,Age-standardized,543,Alzheimer's disease and other dementias,169,All risk factors,2,Percent,2010,0.4430013088358394,0.6356540721210882,0.20985107090262836
1,All Population,2,DALYs (Disability-Adjusted Life Years),203,Cabo Verde,3,Both,27,Age-standardized,543,Alzheimer's disease and other dementias,169,All risk factors,3,Rate,2010,136.96606762172868,339.405426298611,42.97278919384858
1,All Population,2,DALYs (Disability-Adjusted Life Years),205,Côte d'Ivoire,3,Both,27,Age-standardized,543,Alzheimer's disease and other dementias,169,All risk factors,2,Percent,2007,0.4807880085432482,0.6957868747604007,0.22754891459681173
1,All Population,2,DALYs (Disability-Adjusted Life Years),205,Côte d'Ivoire,3,Both,27,Age-standardized,543,Alzheimer's disease and other dementias,169,All risk factors,3,Rate,2007,140.79419085145068,345.25832258001407,44.6071126429117
1,All Population,2,DALYs (Disability-Adjusted Life Years),207,Ghana,3,Both,27,Age-standardized,543,Alzheimer's disease and other dementias,169,All risk factors,2,Percent,2007,0.5293749203662554,0.723266157754918,0.30145504512896804
1,All Population,2,DALYs (Disability-Adjusted Life Years),207,Ghana,3,Both,27,Age-standardized,543,Alzheimer's disease and other dementias,169,All risk factors,3,Rate,2007,160.50618536574748,384.7913247777046,54.99050884071082
1,All Population,2,DALYs (Disability-Adjusted Life Years),213,Niger,3,Both,27,Age-standardized,543,Alzheimer's disease and other dementias,169,All risk factors,2,Percent,2005,0.5108965993987895,0.7193292943670851,0.24752942115703797
1,All Population,2,DALYs (Disability-Adjusted Life Years),213,Niger,3,Both,27,Age-standardized,543,Alzheimer's disease and other dementias,169,All risk factors,3,Rate,2005,174.23692996942074,444.1874910251082,54.57488308640784
1,All Population,2,DALYs (Disability-Adjusted Life Years),212,Mauritania,3,Both,27,Age-standardized,543,Alzheimer's disease and other dementias,169,All risk factors,2,Percent,2010,0.5695780362320824,0.7455096515576322,0.3468682692152678
1,All Population,2,DALYs (Disability-Adjusted Life Years),212,Mauritania,3,Both,27,Age-standardized,543,Alzheimer's disease and other dementias,169,All risk factors,3,Rate,2010,198.9097836686163,470.99021392475123,67.24658742108133
1,All Population,2,DALYs (Disability-Adjusted Life Years),204,Chad,3,Both,27,Age-standardized,543,Alzheimer's disease and other dementias,169,All risk factors,2,Percent,2007,0.5282925426565909,0.7268669911093876,0.27949904937120895
1,All Population,2,DALYs (Disability-Adjusted Life Years),204,Chad,3,Both,27,Age-standardized,543,Alzheimer's disease and other dementias,169,All risk factors,3,Rate,2007,174.968935885454,428.3118287648713,58.614728047966636
1,All Population,2,DALYs (Disability-Adjusted Life Years),215,Sao Tome and Principe,3,Both,27,Age-standardized,543,Alzheimer's disease and other dementias,169,All risk factors,2,Percent,2010,0.439899388453515,0.6459812853875461,0.18855608354342307
1,All Population,2,DALYs (Disability-Adjusted Life Years),215,Sao Tome and Principe,3,Both,27,Age-standardized,543,Alzheimer's disease and other dementias,169,All risk factors,3,Rate,2010,157.59270867381326,403.37936649665096,37.45365123903356
1,All Population,2,DALYs (Disability-Adjusted Life Years),208,Guinea,3,Both,27,Age-standardized,543,Alzheimer's disease and other dementias,169,All risk factors,2,Percent,2011,0.49727454901815804,0.7109265088843435,0.22805903505737843
1,All Population,2,DALYs (Disability-Adjusted Life Years),208,Guinea,3,Both,27,Age-standardized,543,Alzheimer's disease and other dementias,169,All risk factors,3,Rate,2011,157.46387469044353,407.6747254613504,49.223409871195855
1,All Population,2,DALYs (Disability-Adjusted Life Years),212,Mauritania,3,Both,27,Age-standardized,543,Alzheimer's disease and other dementias,169,All risk factors,2,Percent,2011,0.5707986256498635,0.738575325812388,0.3478392608893384
1,All Population,2,DALYs (Disability-Adjusted Life Years),212,Mauritania,3,Both,27,Age-standardized,543,Alzheimer's disease and other dementias,169,All risk factors,3,Rate,2011,199.25339223231313,470.20387142348426,68.1868641532208
1,All Population,2,DALYs (Disability-Adjusted Life Years),216,Senegal,3,Both,27,Age-standardized,543,Alzheimer's disease and other dementias,169,All risk factors,2,Percent,2007,0.54015062897688,0.7282662201255411,0.30249640327620975
1,All Population,2,DALYs (Disability-Adjusted Life Years),216,Senegal,3,Both,27,Age-standardized,543,Alzheimer's disease and other dementias,169,All risk factors,3,Rate,2007,171.0764112646796,408.3160097588367,61.07556779348203
1,All Population,2,DALYs (Disability-Adjusted Life Years),215,Sao Tome and Principe,3,Both,27,Age-standardized,543,Alzheimer's disease and other dementias,169,All risk factors,2,Percent,2011,0.44100617767164035,0.6522893154893944,0.1888494031481644
1,All Population,2,DALYs (Disability-Adjusted Life Years),215,Sao Tome and Principe,3,Both,27,Age-standardized,543,Alzheimer's disease and other dementias,169,All risk factors,3,Rate,2011,157.91728364165039,400.40436398397566,38.055560170908215
1,All Population,2,DALYs (Disability-Adjusted Life Years),203,Cabo Verde,3,Both,27,Age-standardized,543,Alzheimer's disease and other dementias,169,All risk factors,2,Percent,2011,0.4461220335505052,0.6394026332819557,0.21129527734706702
1,All Population,2,DALYs (Disability-Adjusted Life Years),203,Cabo Verde,3,Both,27,Age-standardized,543,Alzheimer's disease and other dementias,169,All risk factors,3,Rate,2011,138.3476811787049,342.2342572108277,42.20650309598135
1,All Population,2,DALYs (Disability-Adjusted Life Years),210,Liberia,3,Both,27,Age-standardized,543,Alzheimer's disease and other dementias,169,All risk factors,2,Percent,2005,0.5097078921872327,0.7154642545706265,0.24933965777195366
1,All Population,2,DALYs (Disability-Adjusted Life Years),210,Liberia,3,Both,27,Age-standardized,543,Alzheimer's disease and other dementias,169,All risk factors,3,Rate,2005,172.54739337046587,431.7162891484568,52.80568077012139
1,All Population,2,DALYs (Disability-Adjusted Life Years),206,Gambia,3,Both,27,Age-standardized,543,Alzheimer's disease and other dementias,169,All risk factors,2,Percent,2005,0.5302076769660002,0.7236268308708291,0.276436191092068
1,All Population,2,DALYs (Disability-Adjusted Life Years),206,Gambia,3,Both,27,Age-standardized,543,Alzheimer's disease and other dementias,169,All risk factors,3,Rate,2005,157.40846927647442,374.66729810595285,55.140083581015986
1,All Population,2,DALYs (Disability-Adjusted Life Years),202,Cameroon,3,Both,27,Age-standardized,543,Alzheimer's disease and other dementias,169,All risk factors,2,Percent,2007,0.5111792875567456,0.7138670711601933,0.24008277820590535
1,All Population,2,DALYs (Disability-Adjusted Life Years),202,Cameroon,3,Both,27,Age-standardized,543,Alzheimer's disease and other dementias,169,All risk factors,3,Rate,2007,174.2192083801965,452.5178710339334,51.87590928074621
1,All Population,2,DALYs (Disability-Adjusted Life Years),214,Nigeria,3,Both,27,Age-standardized,543,Alzheimer's disease and other dementias,169,All risk factors,2,Percent,2007,0.4938665163749184,0.704300477948694,0.2465014930168858
1,All Population,2,DALYs (Disability-Adjusted Life Years),214,Nigeria,3,Both,27,Age-standardized,543,Alzheimer's disease and other dementias,169,All risk factors,3,Rate,2007,137.9060972561024,353.4877351980692,43.656794611726276
1,All Population,2,DALYs (Disability-Adjusted Life Years),207,Ghana,3,Both,27,Age-standardized,543,Alzheimer's disease and other dementias,169,All risk factors,2,Percent,2008,0.5288261240790871,0.7222955549945197,0.2996193986785027
1,All Population,2,DALYs (Disability-Adjusted Life Years),207,Ghana,3,Both,27,Age-standardized,543,Alzheimer's disease and other dementias,169,All risk factors,3,Rate,2008,160.99333465401088,382.0634192013802,55.90947010201676
1,All Population,2,DALYs (Disability-Adjusted Life Years),202,Cameroon,3,Both,27,Age-standardized,543,Alzheimer's disease and other dementias,169,All risk factors,2,Percent,2008,0.5139877121724505,0.7166942206458735,0.24133949964477905
1,All Population,2,DALYs (Disability-Adjusted Life Years),202,Cameroon,3,Both,27,Age-standardized,543,Alzheimer's disease and other dementias,169,All risk factors,3,Rate,2008,177.31904444988788,455.5186085974716,51.626116990405876
1,All Population,2,DALYs (Disability-Adjusted Life Years),214,Nigeria,3,Both,27,Age-standardized,543,Alzheimer's disease and other dementias,169,All risk factors,2,Percent,2008,0.4939112691467762,0.7036773669321956,0.24592133495148144
1,All Population,2,DALYs (Disability-Adjusted Life Years),214,Nigeria,3,Both,27,Age-standardized,543,Alzheimer's disease and other dementias,169,All risk factors,3,Rate,2008,139.7336081325126,360.56966443292055,44.171893373567016
1,All Population,2,DALYs (Disability-Adjusted Life Years),200,Benin,3,Both,27,Age-standardized,543,Alzheimer's disease and other dementias,169,All risk factors,2,Percent,2009,0.4777497827407888,0.7016115853221533,0.20783249782183152
1,All Population,2,DALYs (Disability-Adjusted Life Years),200,Benin,3,Both,27,Age-standardized,543,Alzheimer's disease and other dementias,169,All risk factors,3,Rate,2009,145.00858696584132,361.92761320797723,41.96602071203807
1,All Population,2,DALYs (Disability-Adjusted Life Years),200,Benin,3,Both,27,Age-standardized,543,Alzheimer's disease and other dementias,169,All risk factors,2,Percent,2008,0.4771609625876262,0.7011532256114027,0.206177675498791
1,All Population,2,DALYs (Disability-Adjusted Life Years),200,Benin,3,Both,27,Age-standardized,543,Alzheimer's disease and other dementias,169,All risk factors,3,Rate,2008,143.95537466814315,359.9432455563443,41.44870523034261
1,All Population,2,DALYs (Disability-Adjusted Life Years),217,Sierra Leone,3,Both,27,Age-standardized,543,Alzheimer's disease and other dementias,169,All risk factors,2,Percent,2005,0.5044057032271864,0.7152994732471935,0.2469163802434293
1,All Population,2,DALYs (Disability-Adjusted Life Years),217,Sierra Leone,3,Both,27,Age-standardized,543,Alzheimer's disease and other dementias,169,All risk factors,3,Rate,2005,154.6887624810993,392.38649327409104,48.961957176627855
1,All Population,2,DALYs (Disability-Adjusted Life Years),210,Liberia,3,Both,27,Age-standardized,543,Alzheimer's disease and other dementias,169,All risk factors,2,Percent,2006,0.5105588440337518,0.7162280206899776,0.24972359779501355
1,All Population,2,DALYs (Disability-Adjusted Life Years),210,Liberia,3,Both,27,Age-standardized,543,Alzheimer's disease and other dementias,169,All risk factors,3,Rate,2006,178.3538944164064,448.1303352884685,54.483992566154846
1,All Population,2,DALYs (Disability-Adjusted Life Years),204,Chad,3,Both,27,Age-standardized,543,Alzheimer's disease and other dementias,169,All risk factors,2,Percent,2008,0.5283238535226457,0.7261220672462654,0.2782477158476727
1,All Population,2,DALYs (Disability-Adjusted Life Years),204,Chad,3,Both,27,Age-standardized,543,Alzheimer's disease and other dementias,169,All risk factors,3,Rate,2008,174.9895591266395,430.6107118019993,58.030522919961605
1,All Population,2,DALYs (Disability-Adjusted Life Years),218,Togo,3,Both,27,Age-standardized,543,Alzheimer's disease and other dementias,169,All risk factors,2,Percent,2007,0.5097970030855203,0.7114760678447936,0.25512299184734555
1,All Population,2,DALYs (Disability-Adjusted Life Years),218,Togo,3,Both,27,Age-standardized,543,Alzheimer's disease and other dementias,169,All risk factors,3,Rate,2007,154.8151244140011,384.5929233469928,49.88811535078598
1,All Population,2,DALYs (Disability-Adjusted Life Years),216,Senegal,3,Both,27,Age-standardized,543,Alzheimer's disease and other dementias,169,All risk factors,2,Percent,2008,0.5412917710785059,0.7292123103898294,0.30846831284067255
1,All Population,2,DALYs (Disability-Adjusted Life Years),216,Senegal,3,Both,27,Age-standardized,543,Alzheimer's disease and other dementias,169,All risk factors,3,Rate,2008,174.1951615575105,419.2941489944397,61.493374844466736
1,All Population,2,DALYs (Disability-Adjusted Life Years),205,Côte d'Ivoire,3,Both,27,Age-standardized,543,Alzheimer's disease and other dementias,169,All risk factors,2,Percent,2009,0.48051729519855185,0.6954407736053234,0.22906811672308944
1,All Population,2,DALYs (Disability-Adjusted Life Years),205,Côte d'Ivoire,3,Both,27,Age-standardized,543,Alzheimer's disease and other dementias,169,All risk factors,3,Rate,2009,142.4359603044358,346.3168236561767,45.8077446365523
1,All Population,2,DALYs (Disability-Adjusted Life Years),209,Guinea-Bissau,3,Both,27,Age-standardized,543,Alzheimer's disease and other dementias,169,All risk factors,2,Percent,2008,0.5008295170860606,0.7129519065329732,0.2421901670003833
1,All Population,2,DALYs (Disability-Adjusted Life Years),209,Guinea-Bissau,3,Both,27,Age-standardized,543,Alzheimer's disease and other dementias,169,All risk factors,3,Rate,2008,165.30000018005072,424.55634515829604,49.78750836989821
1,All Population,2,DALYs (Disability-Adjusted Life Years),208,Guinea,3,Both,27,Age-standardized,543,Alzheimer's disease and other dementias,169,All risk factors,2,Percent,2012,0.4975591592493812,0.7114627261027162,0.23077108212690467
1,All Population,2,DALYs (Disability-Adjusted Life Years),208,Guinea,3,Both,27,Age-standardized,543,Alzheimer's disease and other dementias,169,All risk factors,3,Rate,2012,157.09229505175674,398.24364798992383,49.341023763809304
1,All Population,2,DALYs (Disability-Adjusted Life Years),203,Cabo Verde,3,Both,27,Age-standardized,543,Alzheimer's disease and other dementias,169,All risk factors,2,Percent,2012,0.4525231974617185,0.6467606877045933,0.21584747763135995
1,All Population,2,DALYs (Disability-Adjusted Life Years),203,Cabo Verde,3,Both,27,Age-standardized,543,Alzheimer's disease and other dementias,169,All risk factors,3,Rate,2012,141.42292136323076,344.19721172199166,42.839175707233565
1,All Population,2,DALYs (Disability-Adjusted Life Years),212,Mauritania,3,Both,27,Age-standardized,543,Alzheimer's disease and other dementias,169,All risk factors,2,Percent,2012,0.5713432051777916,0.7422304667428676,0.3500471879571133
1,All Population,2,DALYs (Disability-Adjusted Life Years),212,Mauritania,3,Both,27,Age-standardized,543,Alzheimer's disease and other dementias,169,All risk factors,3,Rate,2012,200.22188700679223,486.10246968102444,66.94668775016461
1,All Population,2,DALYs (Disability-Adjusted Life Years),215,Sao Tome and Principe,3,Both,27,Age-standardized,543,Alzheimer's disease and other dementias,169,All risk factors,2,Percent,2012,0.44216915078612956,0.6543588528780531,0.18883788768385384
1,All Population,2,DALYs (Disability-Adjusted Life Years),215,Sao Tome and Principe,3,Both,27,Age-standardized,543,Alzheimer's disease and other dementias,169,All risk factors,3,Rate,2012,158.86303209170154,399.07966509937023,38.475321984977455
1,All Population,2,DALYs (Disability-Adjusted Life Years),213,Niger,3,Both,27,Age-standardized,543,Alzheimer's disease and other dementias,169,All risk factors,2,Percent,2006,0.5110818896158268,0.7198558941406173,0.2456024166477267
1,All Population,2,DALYs (Disability-Adjusted Life Years),213,Niger,3,Both,27,Age-standardized,543,Alzheimer's disease and other dementias,169,All risk factors,3,Rate,2006,176.84012587872053,448.482922010849,55.81490735663282
1,All Population,2,DALYs (Disability-Adjusted Life Years),205,Côte d'Ivoire,3,Both,27,Age-standardized,543,Alzheimer's disease and other dementias,169,All risk factors,2,Percent,2008,0.4804273185921984,0.6953343476007509,0.22846839341047148
1,All Population,2,DALYs (Disability-Adjusted Life Years),205,Côte d'Ivoire,3,Both,27,Age-standardized,543,Alzheimer's disease and other dementias,169,All risk factors,3,Rate,2008,142.62923166842924,351.1232620088407,45.65268255740494
1,All Population,2,DALYs (Disability-Adjusted Life Years),209,Guinea-Bissau,3,Both,27,Age-standardized,543,Alzheimer's disease and other dementias,169,All risk factors,2,Percent,2007,0.49958343712316455,0.7122077617982419,0.23810229265138363
1,All Population,2,DALYs (Disability-Adjusted Life Years),209,Guinea-Bissau,3,Both,27,Age-standardized,543,Alzheimer's disease and other dementias,169,All risk factors,3,Rate,2007,162.15094623403462,418.05102928118106,49.062767916203455
1,All Population,2,DALYs (Disability-Adjusted Life Years),209,Guinea-Bissau,3,Both,27,Age-standardized,543,Alzheimer's disease and other dementias,169,All risk factors,2,Percent,2009,0.5025005816572209,0.7126954609553813,0.24561887908167646
1,All Population,2,DALYs (Disability-Adjusted Life Years),209,Guinea-Bissau,3,Both,27,Age-standardized,543,Alzheimer's disease and other dementias,169,All risk factors,3,Rate,2009,166.0518255921763,425.3698764178561,49.518117841730046
1,All Population,2,DALYs (Disability-Adjusted Life Years),201,Burkina Faso,3,Both,27,Age-standardized,543,Alzheimer's disease and other dementias,169,All risk factors,2,Percent,2005,0.4538305869992255,0.6942138432625221,0.16311549571792877
1,All Population,2,DALYs (Disability-Adjusted Life Years),201,Burkina Faso,3,Both,27,Age-standardized,543,Alzheimer's disease and other dementias,169,All risk factors,3,Rate,2005,175.65733179847183,451.67808234988036,42.42932698759406
1,All Population,2,DALYs (Disability-Adjusted Life Years),217,Sierra Leone,3,Both,27,Age-standardized,543,Alzheimer's disease and other dementias,169,All risk factors,2,Percent,2006,0.504740884751399,0.7156063457729307,0.24880803315123895
1,All Population,2,DALYs (Disability-Adjusted Life Years),217,Sierra Leone,3,Both,27,Age-standardized,543,Alzheimer's disease and other dementias,169,All risk factors,3,Rate,2006,159.01562941248307,397.5520764651871,49.007105277013764
1,All Population,2,DALYs (Disability-Adjusted Life Years),203,Cabo Verde,3,Both,27,Age-standardized,543,Alzheimer's disease and other dementias,169,All risk factors,2,Percent,2014,0.46573926898063855,0.6628658700009393,0.22088311610094402
1,All Population,2,DALYs (Disability-Adjusted Life Years),203,Cabo Verde,3,Both,27,Age-standardized,543,Alzheimer's disease and other dementias,169,All risk factors,3,Rate,2014,155.14365764046758,381.42073321011657,47.59148036932248
1,All Population,2,DALYs (Disability-Adjusted Life Years),212,Mauritania,3,Both,27,Age-standardized,543,Alzheimer's disease and other dementias,169,All risk factors,2,Percent,2014,0.5726086168915665,0.7468959585257016,0.3465007049505256
1,All Population,2,DALYs (Disability-Adjusted Life Years),212,Mauritania,3,Both,27,Age-standardized,543,Alzheimer's disease and other dementias,169,All risk factors,3,Rate,2014,202.42326976506186,486.165241731027,67.68763817279707
1,All Population,2,DALYs (Disability-Adjusted Life Years),211,Mali,3,Both,27,Age-standardized,543,Alzheimer's disease and other dementias,169,All risk factors,2,Percent,2008,0.5542131832225758,0.7353469720447733,0.324079073803814
1,All Population,2,DALYs (Disability-Adjusted Life Years),211,Mali,3,Both,27,Age-standardized,543,Alzheimer's disease and other dementias,169,All risk factors,3,Rate,2008,168.07784364232543,395.71469490969605,59.41740485389175
1,All Population,2,DALYs (Disability-Adjusted Life Years),211,Mali,3,Both,27,Age-standardized,543,Alzheimer's disease and other dementias,169,All risk factors,2,Percent,2007,0.5542447564335383,0.7376524422865349,0.32067088747631095
1,All Population,2,DALYs (Disability-Adjusted Life Years),211,Mali,3,Both,27,Age-standardized,543,Alzheimer's disease and other dementias,169,All risk factors,3,Rate,2007,167.525505794579,390.1343328198698,59.404537246750905
1,All Population,2,DALYs (Disability-Adjusted Life Years),204,Chad,3,Both,27,Age-standardized,543,Alzheimer's disease and other dementias,169,All risk factors,2,Percent,2009,0.528165179392034,0.7265938379675863,0.2793609319235878
1,All Population,2,DALYs (Disability-Adjusted Life Years),204,Chad,3,Both,27,Age-standardized,543,Alzheimer's disease and other dementias,169,All risk factors,3,Rate,2009,175.13388048472981,434.414204867107,57.98640558788474
1,All Population,2,DALYs (Disability-Adjusted Life Years),205,Côte d'Ivoire,3,Both,27,Age-standardized,543,Alzheimer's disease and other dementias,169,All risk factors,2,Percent,2005,0.4815808311766129,0.6962983918992366,0.21978157710368634
1,All Population,2,DALYs (Disability-Adjusted Life Years),205,Côte d'Ivoire,3,Both,27,Age-standardized,543,Alzheimer's disease and other dementias,169,All risk factors,3,Rate,2005,139.11131769433106,349.0070341911504,44.010305734555956
1,All Population,2,DALYs (Disability-Adjusted Life Years),215,Sao Tome and Principe,3,Both,27,Age-standardized,543,Alzheimer's disease and other dementias,169,All risk factors,2,Percent,2014,0.4452489002343531,0.6562757256903028,0.18887332847970656
1,All Population,2,DALYs (Disability-Adjusted Life Years),215,Sao Tome and Principe,3,Both,27,Age-standardized,543,Alzheimer's disease and other dementias,169,All risk factors,3,Rate,2014,164.4760827816297,416.82683708824527,40.24160869209842
1,All Population,2,DALYs (Disability-Adjusted Life Years),206,Gambia,3,Both,27,Age-standardized,543,Alzheimer's disease and other dementias,169,All risk factors,2,Percent,2007,0.5313245161411859,0.7249193074105779,0.27992771627984575
1,All Population,2,DALYs (Disability-Adjusted Life Years),206,Gambia,3,Both,27,Age-standardized,543,Alzheimer's disease and other dementias,169,All risk factors,3,Rate,2007,155.3874978680018,374.3743082761768,53.79330444807084
1,All Population,2,DALYs (Disability-Adjusted Life Years),210,Liberia,3,Both,27,Age-standardized,543,Alzheimer's disease and other dementias,169,All risk factors,2,Percent,2007,0.511083330816378,0.715323318878379,0.25066930036927904
1,All Population,2,DALYs (Disability-Adjusted Life Years),210,Liberia,3,Both,27,Age-standardized,543,Alzheimer's disease and other dementias,169,All risk factors,3,Rate,2007,177.65221156751173,446.79553999957824,53.94355377537301
1,All Population,2,DALYs (Disability-Adjusted Life Years),206,Gambia,3,Both,27,Age-standardized,543,Alzheimer's disease and other dementias,169,All risk factors,2,Percent,2006,0.530795204595073,0.7240026254734739,0.2787119484276025
1,All Population,2,DALYs (Disability-Adjusted Life Years),206,Gambia,3,Both,27,Age-standardized,543,Alzheimer's disease and other dementias,169,All risk factors,3,Rate,2006,156.16398439377284,373.3552438997051,54.68420914331207
1,All Population,2,DALYs (Disability-Adjusted Life Years),217,Sierra Leone,3,Both,27,Age-standardized,543,Alzheimer's disease and other dementias,169,All risk factors,2,Percent,2007,0.504765777676413,0.7167587968775805,0.24636355628455003
1,All Population,2,DALYs (Disability-Adjusted Life Years),217,Sierra Leone,3,Both,27,Age-standardized,543,Alzheimer's disease and other dementias,169,All risk factors,3,Rate,2007,159.91488633339924,396.1608854502642,51.72374336223609
1,All Population,2,DALYs (Disability-Adjusted Life Years),213,Niger,3,Both,27,Age-standardized,543,Alzheimer's disease and other dementias,169,All risk factors,2,Percent,2007,0.5113464924885441,0.7199389389323909,0.2485561967092759
1,All Population,2,DALYs (Disability-Adjusted Life Years),213,Niger,3,Both,27,Age-standardized,543,Alzheimer's disease and other dementias,169,All risk factors,3,Rate,2007,177.0961955220835,444.9558273812302,56.28325410908209
1,All Population,2,DALYs (Disability-Adjusted Life Years),208,Guinea,3,Both,27,Age-standardized,543,Alzheimer's disease and other dementias,169,All risk factors,2,Percent,2014,0.49801436629775797,0.711694365085638,0.23284271433726783
1,All Population,2,DALYs (Disability-Adjusted Life Years),208,Guinea,3,Both,27,Age-standardized,543,Alzheimer's disease and other dementias,169,All risk factors,3,Rate,2014,157.73176633390707,398.3577804070851,48.711238278898364
1,All Population,2,DALYs (Disability-Adjusted Life Years),218,Togo,3,Both,27,Age-standardized,543,Alzheimer's disease and other dementias,169,All risk factors,2,Percent,2008,0.5100752121722203,0.711404189936808,0.2537136120254098
1,All Population,2,DALYs (Disability-Adjusted Life Years),218,Togo,3,Both,27,Age-standardized,543,Alzheimer's disease and other dementias,169,All risk factors,3,Rate,2008,157.69617191908318,394.1448372377456,49.765756256771105
1,All Population,2,DALYs (Disability-Adjusted Life Years),201,Burkina Faso,3,Both,27,Age-standardized,543,Alzheimer's disease and other dementias,169,All risk factors,2,Percent,2007,0.4537212477397734,0.6935460346567103,0.16356166539959946
1,All Population,2,DALYs (Disability-Adjusted Life Years),201,Burkina Faso,3,Both,27,Age-standardized,543,Alzheimer's disease and other dementias,169,All risk factors,3,Rate,2007,176.98002155514536,455.3066468601475,43.12292310857376
1,All Population,2,DALYs (Disability-Adjusted Life Years),214,Nigeria,3,Both,27,Age-standardized,543,Alzheimer's disease and other dementias,169,All risk factors,2,Percent,2009,0.49456669046523494,0.7029449899127802,0.2458878864646904
1,All Population,2,DALYs (Disability-Adjusted Life Years),214,Nigeria,3,Both,27,Age-standardized,543,Alzheimer's disease and other dementias,169,All risk factors,3,Rate,2009,141.10458729223205,359.5690445220075,44.32374795842917
1,All Population,2,DALYs (Disability-Adjusted Life Years),201,Burkina Faso,3,Both,27,Age-standardized,543,Alzheimer's disease and other dementias,169,All risk factors,2,Percent,2006,0.4538367487520221,0.6941354656927223,0.1629023163210266
1,All Population,2,DALYs (Disability-Adjusted Life Years),201,Burkina Faso,3,Both,27,Age-standardized,543,Alzheimer's disease and other dementias,169,All risk factors,3,Rate,2006,179.59142460502272,465.56428034445327,43.57045260560326
1,All Population,2,DALYs (Disability-Adjusted Life Years),211,Mali,3,Both,27,Age-standardized,543,Alzheimer's disease and other dementias,169,All risk factors,2,Percent,2009,0.5543948423185338,0.7350606866414964,0.3155845028083008
1,All Population,2,DALYs (Disability-Adjusted Life Years),211,Mali,3,Both,27,Age-standardized,543,Alzheimer's disease and other dementias,169,All risk factors,3,Rate,2009,168.20728005920148,392.0533934093931,59.628142048524964
1,All Population,2,DALYs (Disability-Adjusted Life Years),202,Cameroon,3,Both,27,Age-standardized,543,Alzheimer's disease and other dementias,169,All risk factors,2,Percent,2009,0.5164822830565914,0.7173950641789322,0.24343847487217024
1,All Population,2,DALYs (Disability-Adjusted Life Years),202,Cameroon,3,Both,27,Age-standardized,543,Alzheimer's disease and other dementias,169,All risk factors,3,Rate,2009,179.54383480812282,458.0327997458514,51.607170214670354
1,All Population,2,DALYs (Disability-Adjusted Life Years),207,Ghana,3,Both,27,Age-standardized,543,Alzheimer's disease and other dementias,169,All risk factors,2,Percent,2009,0.5284223485384067,0.7217051728612158,0.29782461106306446
1,All Population,2,DALYs (Disability-Adjusted Life Years),207,Ghana,3,Both,27,Age-standardized,543,Alzheimer's disease and other dementias,169,All risk factors,3,Rate,2009,161.44761954566997,377.0370774389871,55.64094929103153
1,All Population,2,DALYs (Disability-Adjusted Life Years),207,Ghana,3,Both,27,Age-standardized,543,Alzheimer's disease and other dementias,169,All risk factors,2,Percent,2015,0.5310989692327757,0.7232557246507046,0.29028632167862184
1,All Population,2,DALYs (Disability-Adjusted Life Years),207,Ghana,3,Both,27,Age-standardized,543,Alzheimer's disease and other dementias,169,All risk factors,3,Rate,2015,165.75391269354913,403.9395653247485,56.58779086081631
1,All Population,2,DALYs (Disability-Adjusted Life Years),211,Mali,3,Both,27,Age-standardized,543,Alzheimer's disease and other dementias,169,All risk factors,2,Percent,2015,0.5554585168208573,0.7376227539550284,0.319379998134951
1,All Population,2,DALYs (Disability-Adjusted Life Years),211,Mali,3,Both,27,Age-standardized,543,Alzheimer's disease and other dementias,169,All risk factors,3,Rate,2015,166.7637933881202,395.9851572147816,58.131558044876165
1,All Population,2,DALYs (Disability-Adjusted Life Years),203,Cabo Verde,3,Both,27,Age-standardized,543,Alzheimer's disease and other dementias,169,All risk factors,2,Percent,2015,0.4692350420251224,0.6662381889844141,0.22342823765965877
1,All Population,2,DALYs (Disability-Adjusted Life Years),203,Cabo Verde,3,Both,27,Age-standardized,543,Alzheimer's disease and other dementias,169,All risk factors,3,Rate,2015,157.3517045565519,386.9587327416103,48.504933308223265
1,All Population,2,DALYs (Disability-Adjusted Life Years),200,Benin,3,Both,27,Age-standardized,543,Alzheimer's disease and other dementias,169,All risk factors,2,Percent,1998,0.4771293607332902,0.7046979815964196,0.20548637518573515
1,All Population,2,DALYs (Disability-Adjusted Life Years),200,Benin,3,Both,27,Age-standardized,543,Alzheimer's disease and other dementias,169,All risk factors,3,Rate,1998,145.59533206496533,366.14696959769014,46.5695651778367
1,All Population,2,DALYs (Disability-Adjusted Life Years),205,Côte d'Ivoire,3,Both,27,Age-standardized,543,Alzheimer's disease and other dementias,169,All risk factors,2,Percent,2006,0.4815934066662434,0.695612349653588,0.22375022076242684
1,All Population,2,DALYs (Disability-Adjusted Life Years),205,Côte d'Ivoire,3,Both,27,Age-standardized,543,Alzheimer's disease and other dementias,169,All risk factors,3,Rate,2006,141.9300711212378,356.0867452835591,44.28037901418045
1,All Population,2,DALYs (Disability-Adjusted Life Years),216,Senegal,3,Both,27,Age-standardized,543,Alzheimer's disease and other dementias,169,All risk factors,2,Percent,2009,0.5422168182169087,0.7285220243568481,0.3023081416353846
1,All Population,2,DALYs (Disability-Adjusted Life Years),216,Senegal,3,Both,27,Age-standardized,543,Alzheimer's disease and other dementias,169,All risk factors,3,Rate,2009,177.79267680577442,436.15181491420606,62.43830155140026
1,All Population,2,DALYs (Disability-Adjusted Life Years),215,Sao Tome and Principe,3,Both,27,Age-standardized,543,Alzheimer's disease and other dementias,169,All risk factors,2,Percent,2015,0.4465645193053075,0.6567075411872824,0.19194016606304903
1,All Population,2,DALYs (Disability-Adjusted Life Years),215,Sao Tome and Principe,3,Both,27,Age-standardized,543,Alzheimer's disease and other dementias,169,All risk factors,3,Rate,2015,165.42091358681452,424.0570445958014,40.79983664853528
1,All Population,2,DALYs (Disability-Adjusted Life Years),206,Gambia,3,Both,27,Age-standardized,543,Alzheimer's disease and other dementias,169,All risk factors,2,Percent,2008,0.5319540982879917,0.7255106582325119,0.27990483532851274
1,All Population,2,DALYs (Disability-Adjusted Life Years),206,Gambia,3,Both,27,Age-standardized,543,Alzheimer's disease and other dementias,169,All risk factors,3,Rate,2008,153.03678710208257,371.59027053866214,52.66698677023178
1,All Population,2,DALYs (Disability-Adjusted Life Years),218,Togo,3,Both,27,Age-standardized,543,Alzheimer's disease and other dementias,169,All risk factors,2,Percent,2009,0.510686837577715,0.7118483109232556,0.2535846106446755
1,All Population,2,DALYs (Disability-Adjusted Life Years),218,Togo,3,Both,27,Age-standardized,543,Alzheimer's disease and other dementias,169,All risk factors,3,Rate,2009,159.3982653989709,404.56288624430334,49.71990002615005
1,All Population,2,DALYs (Disability-Adjusted Life Years),201,Burkina Faso,3,Both,27,Age-standardized,543,Alzheimer's disease and other dementias,169,All risk factors,2,Percent,2008,0.453752537148549,0.6933126484547519,0.1640495801891083
1,All Population,2,DALYs (Disability-Adjusted Life Years),201,Burkina Faso,3,Both,27,Age-standardized,543,Alzheimer's disease and other dementias,169,All risk factors,3,Rate,2008,180.03733394092475,466.71280879138834,44.06439450909597
1,All Population,2,DALYs (Disability-Adjusted Life Years),214,Nigeria,3,Both,27,Age-standardized,543,Alzheimer's disease and other dementias,169,All risk factors,2,Percent,2005,0.4949439878748413,0.7045107586578004,0.24492011529204213
1,All Population,2,DALYs (Disability-Adjusted Life Years),214,Nigeria,3,Both,27,Age-standardized,543,Alzheimer's disease and other dementias,169,All risk factors,3,Rate,2005,137.50606046409757,353.67884596824246,42.989219646005225
1,All Population,2,DALYs (Disability-Adjusted Life Years),213,Niger,3,Both,27,Age-standardized,543,Alzheimer's disease and other dementias,169,All risk factors,2,Percent,2008,0.5118290034045617,0.7206738602042789,0.24812293824603013
1,All Population,2,DALYs (Disability-Adjusted Life Years),213,Niger,3,Both,27,Age-standardized,543,Alzheimer's disease and other dementias,169,All risk factors,3,Rate,2008,178.34422472626972,441.77604184117115,56.93725805326796
1,All Population,2,DALYs (Disability-Adjusted Life Years),200,Benin,3,Both,27,Age-standardized,543,Alzheimer's disease and other dementias,169,All risk factors,2,Percent,2010,0.478372562908628,0.7008528870658619,0.20876444180800346
1,All Population,2,DALYs (Disability-Adjusted Life Years),200,Benin,3,Both,27,Age-standardized,543,Alzheimer's disease and other dementias,169,All risk factors,3,Rate,2010,145.5361014748828,364.32861172889244,42.82631690588231
1,All Population,2,DALYs (Disability-Adjusted Life Years),204,Chad,3,Both,27,Age-standardized,543,Alzheimer's disease and other dementias,169,All risk factors,2,Percent,2010,0.5280325476905534,0.7274589850279102,0.27930497984096153
1,All Population,2,DALYs (Disability-Adjusted Life Years),204,Chad,3,Both,27,Age-standardized,543,Alzheimer's disease and other dementias,169,All risk factors,3,Rate,2010,175.96231355801848,431.8319453246036,58.10673988289862
1,All Population,2,DALYs (Disability-Adjusted Life Years),217,Sierra Leone,3,Both,27,Age-standardized,543,Alzheimer's disease and other dementias,169,All risk factors,2,Percent,2008,0.5051494311766871,0.7171453546845423,0.24783758153385926
1,All Population,2,DALYs (Disability-Adjusted Life Years),217,Sierra Leone,3,Both,27,Age-standardized,543,Alzheimer's disease and other dementias,169,All risk factors,3,Rate,2008,161.87384872841375,398.8940332374057,52.063134044300966
1,All Population,2,DALYs (Disability-Adjusted Life Years),211,Mali,3,Both,27,Age-standardized,543,Alzheimer's disease and other dementias,169,All risk factors,2,Percent,2016,0.5556524457829427,0.7388294753366738,0.31445311987028296
1,All Population,2,DALYs (Disability-Adjusted Life Years),211,Mali,3,Both,27,Age-standardized,543,Alzheimer's disease and other dementias,169,All risk factors,3,Rate,2016,168.45578515238395,400.0938572439208,58.66773782260029
1,All Population,2,DALYs (Disability-Adjusted Life Years),209,Guinea-Bissau,3,Both,27,Age-standardized,543,Alzheimer's disease and other dementias,169,All risk factors,2,Percent,2010,0.5038645718013192,0.7130209367019033,0.24430786973893379
1,All Population,2,DALYs (Disability-Adjusted Life Years),209,Guinea-Bissau,3,Both,27,Age-standardized,543,Alzheimer's disease and other dementias,169,All risk factors,3,Rate,2010,167.94439754487246,426.50615587548623,49.30306110725982
1,All Population,2,DALYs (Disability-Adjusted Life Years),216,Senegal,3,Both,27,Age-standardized,543,Alzheimer's disease and other dementias,169,All risk factors,2,Percent,2010,0.5427010452219172,0.7293843413255956,0.3126370708833208
1,All Population,2,DALYs (Disability-Adjusted Life Years),216,Senegal,3,Both,27,Age-standardized,543,Alzheimer's disease and other dementias,169,All risk factors,3,Rate,2010,175.1254456969062,429.98453839948786,61.273639274225694
1,All Population,2,DALYs (Disability-Adjusted Life Years),203,Cabo Verde,3,Both,27,Age-standardized,543,Alzheimer's disease and other dementias,169,All risk factors,2,Percent,2016,0.4695293172438392,0.6632337949308734,0.2239952776324407
1,All Population,2,DALYs (Disability-Adjusted Life Years),203,Cabo Verde,3,Both,27,Age-standardized,543,Alzheimer's disease and other dementias,169,All risk factors,3,Rate,2016,163.68780243858168,403.6446287339357,51.09960713382967
1,All Population,2,DALYs (Disability-Adjusted Life Years),215,Sao Tome and Principe,3,Both,27,Age-standardized,543,Alzheimer's disease and other dementias,169,All risk factors,2,Percent,2016,0.44687292016114494,0.6543326972511609,0.1947883577143161
1,All Population,2,DALYs (Disability-Adjusted Life Years),215,Sao Tome and Principe,3,Both,27,Age-standardized,543,Alzheimer's disease and other dementias,169,All risk factors,3,Rate,2016,167.33346326955478,430.7087948185522,41.259249883592936
1,All Population,2,DALYs (Disability-Adjusted Life Years),207,Ghana,3,Both,27,Age-standardized,543,Alzheimer's disease and other dementias,169,All risk factors,2,Percent,2016,0.531142513039829,0.7239877934490437,0.2905360706293681
1,All Population,2,DALYs (Disability-Adjusted Life Years),207,Ghana,3,Both,27,Age-standardized,543,Alzheimer's disease and other dementias,169,All risk factors,3,Rate,2016,167.47743303620928,409.36657407470545,57.120124140618714
1,All Population,2,DALYs (Disability-Adjusted Life Years),200,Benin,3,Both,27,Age-standardized,543,Alzheimer's disease and other dementias,169,All risk factors,2,Percent,2011,0.47943244902094717,0.7013943739970165,0.20866222464357864
1,All Population,2,DALYs (Disability-Adjusted Life Years),200,Benin,3,Both,27,Age-standardized,543,Alzheimer's disease and other dementias,169,All risk factors,3,Rate,2011,146.14056285811893,365.6977013283352,43.44081309685264
1,All Population,2,DALYs (Disability-Adjusted Life Years),210,Liberia,3,Both,27,Age-standardized,543,Alzheimer's disease and other dementias,169,All risk factors,2,Percent,2008,0.5121728681834958,0.7150852668318652,0.2524278689544987
1,All Population,2,DALYs (Disability-Adjusted Life Years),210,Liberia,3,Both,27,Age-standardized,543,Alzheimer's disease and other dementias,169,All risk factors,3,Rate,2008,182.42104510435436,459.14185913167296,54.251585344144026
1,All Population,2,DALYs (Disability-Adjusted Life Years),213,Niger,3,Both,27,Age-standardized,543,Alzheimer's disease and other dementias,169,All risk factors,2,Percent,2009,0.5125512103527753,0.7217100058067014,0.24870265688671164
1,All Population,2,DALYs (Disability-Adjusted Life Years),213,Niger,3,Both,27,Age-standardized,543,Alzheimer's disease and other dementias,169,All risk factors,3,Rate,2009,179.71714492006242,440.46773108893336,58.25587214990729
1,All Population,2,DALYs (Disability-Adjusted Life Years),210,Liberia,3,Both,27,Age-standardized,543,Alzheimer's disease and other dementias,169,All risk factors,2,Percent,2009,0.5132325687358513,0.7145098966597934,0.2522851293617064
1,All Population,2,DALYs (Disability-Adjusted Life Years),210,Liberia,3,Both,27,Age-standardized,543,Alzheimer's disease and other dementias,169,All risk factors,3,Rate,2009,185.73792012348693,463.12921960836144,54.65827802571166
1,All Population,2,DALYs (Disability-Adjusted Life Years),203,Cabo Verde,3,Both,27,Age-standardized,543,Alzheimer's disease and other dementias,169,All risk factors,2,Percent,2017,0.46667968750551775,0.6579554053745603,0.2208317065465596
1,All Population,2,DALYs (Disability-Adjusted Life Years),203,Cabo Verde,3,Both,27,Age-standardized,543,Alzheimer's disease and other dementias,169,All risk factors,3,Rate,2017,160.66278080632583,398.3017924969838,49.459634680470984
1,All Population,2,DALYs (Disability-Adjusted Life Years),217,Sierra Leone,3,Both,27,Age-standardized,543,Alzheimer's disease and other dementias,169,All risk factors,2,Percent,2009,0.5059831929853346,0.7175715546232027,0.24723749107957899
1,All Population,2,DALYs (Disability-Adjusted Life Years),217,Sierra Leone,3,Both,27,Age-standardized,543,Alzheimer's disease and other dementias,169,All risk factors,3,Rate,2009,164.28667887249415,403.08327714141546,54.18224546906859
1,All Population,2,DALYs (Disability-Adjusted Life Years),206,Gambia,3,Both,27,Age-standardized,543,Alzheimer's disease and other dementias,169,All risk factors,2,Percent,2009,0.5327804986055371,0.7257714834874884,0.2849152030424558
1,All Population,2,DALYs (Disability-Adjusted Life Years),206,Gambia,3,Both,27,Age-standardized,543,Alzheimer's disease and other dementias,169,All risk factors,3,Rate,2009,154.46775621026498,370.36284898972957,52.86949374636542
1,All Population,2,DALYs (Disability-Adjusted Life Years),201,Burkina Faso,3,Both,27,Age-standardized,543,Alzheimer's disease and other dementias,169,All risk factors,2,Percent,2009,0.4538706894934158,0.6932199359764091,0.16471052718296014
1,All Population,2,DALYs (Disability-Adjusted Life Years),201,Burkina Faso,3,Both,27,Age-standardized,543,Alzheimer's disease and other dementias,169,All risk factors,3,Rate,2009,180.67622568763602,463.1370641133621,43.62507279880513
1,All Population,2,DALYs (Disability-Adjusted Life Years),207,Ghana,3,Both,27,Age-standardized,543,Alzheimer's disease and other dementias,169,All risk factors,2,Percent,2017,0.5310160164790333,0.7243217158795486,0.29084145863185995
1,All Population,2,DALYs (Disability-Adjusted Life Years),207,Ghana,3,Both,27,Age-standardized,543,Alzheimer's disease and other dementias,169,All risk factors,3,Rate,2017,169.30652271845145,409.5565936379481,57.266367176787085
1,All Population,2,DALYs (Disability-Adjusted Life Years),215,Sao Tome and Principe,3,Both,27,Age-standardized,543,Alzheimer's disease and other dementias,169,All risk factors,2,Percent,2017,0.44589634894123353,0.6519725366131315,0.19635776767242058
1,All Population,2,DALYs (Disability-Adjusted Life Years),215,Sao Tome and Principe,3,Both,27,Age-standardized,543,Alzheimer's disease and other dementias,169,All risk factors,3,Rate,2017,168.73987788657865,433.56489628527345,41.456324739770835
1,All Population,2,DALYs (Disability-Adjusted Life Years),211,Mali,3,Both,27,Age-standardized,543,Alzheimer's disease and other dementias,169,All risk factors,2,Percent,2017,0.5559741765742817,0.7357683288587864,0.31045270746831366
1,All Population,2,DALYs (Disability-Adjusted Life Years),211,Mali,3,Both,27,Age-standardized,543,Alzheimer's disease and other dementias,169,All risk factors,3,Rate,2017,170.17047507610448,402.8909113877609,58.27657054295192
1,All Population,2,DALYs (Disability-Adjusted Life Years),207,Ghana,3,Both,27,Age-standardized,543,Alzheimer's disease and other dementias,169,All risk factors,2,Percent,2010,0.5284134434606194,0.7215860183986718,0.2959135648952618
1,All Population,2,DALYs (Disability-Adjusted Life Years),207,Ghana,3,Both,27,Age-standardized,543,Alzheimer's disease and other dementias,169,All risk factors,3,Rate,2010,162.290139334332,379.6964502516981,55.86060223463067
1,All Population,2,DALYs (Disability-Adjusted Life Years),214,Nigeria,3,Both,27,Age-standardized,543,Alzheimer's disease and other dementias,169,All risk factors,2,Percent,2010,0.49579297564007896,0.7028117982074158,0.24743753732715168
1,All Population,2,DALYs (Disability-Adjusted Life Years),214,Nigeria,3,Both,27,Age-standardized,543,Alzheimer's disease and other dementias,169,All risk factors,3,Rate,2010,143.03308800878625,360.5804656341716,44.53644224273451
1,All Population,2,DALYs (Disability-Adjusted Life Years),204,Chad,3,Both,27,Age-standardized,543,Alzheimer's disease and other dementias,169,All risk factors,2,Percent,2011,0.5284177127984733,0.7276268057409653,0.2788049366106851
1,All Population,2,DALYs (Disability-Adjusted Life Years),204,Chad,3,Both,27,Age-standardized,543,Alzheimer's disease and other dementias,169,All risk factors,3,Rate,2011,176.5509016368523,437.7674148475252,57.76672944719289
1,All Population,2,DALYs (Disability-Adjusted Life Years),207,Ghana,3,Both,27,Age-standardized,543,Alzheimer's disease and other dementias,169,All risk factors,2,Percent,2018,0.5311283966766902,0.7236288010788732,0.28908000251360466
1,All Population,2,DALYs (Disability-Adjusted Life Years),207,Ghana,3,Both,27,Age-standardized,543,Alzheimer's disease and other dementias,169,All risk factors,3,Rate,2018,173.91431681862585,420.5255310604063,57.8485810477498
1,All Population,2,DALYs (Disability-Adjusted Life Years),203,Cabo Verde,3,Both,27,Age-standardized,543,Alzheimer's disease and other dementias,169,All risk factors,2,Percent,2018,0.46152227793710504,0.6518216714510588,0.2146863426915945
1,All Population,2,DALYs (Disability-Adjusted Life Years),203,Cabo Verde,3,Both,27,Age-standardized,543,Alzheimer's disease and other dementias,169,All risk factors,3,Rate,2018,170.26686337443243,430.80154485702775,49.956620634896474
1,All Population,2,DALYs (Disability-Adjusted Life Years),205,Côte d'Ivoire,3,Both,27,Age-standardized,543,Alzheimer's disease and other dementias,169,All risk factors,2,Percent,2012,0.48230414107791425,0.6958687761066835,0.2379608109204065
1,All Population,2,DALYs (Disability-Adjusted Life Years),205,Côte d'Ivoire,3,Both,27,Age-standardized,543,Alzheimer's disease and other dementias,169,All risk factors,3,Rate,2012,142.59829413230798,348.9948852284896,45.85279296090685
1,All Population,2,DALYs (Disability-Adjusted Life Years),205,Côte d'Ivoire,3,Both,27,Age-standardized,543,Alzheimer's disease and other dementias,169,All risk factors,2,Percent,2011,0.4820011078062664,0.6958858008945535,0.2373231402311301
1,All Population,2,DALYs (Disability-Adjusted Life Years),205,Côte d'Ivoire,3,Both,27,Age-standardized,543,Alzheimer's disease and other dementias,169,All risk factors,3,Rate,2011,141.85094120199867,348.90448880397355,45.206524633887085
1,All Population,2,DALYs (Disability-Adjusted Life Years),216,Senegal,3,Both,27,Age-standardized,543,Alzheimer's disease and other dementias,169,All risk factors,2,Percent,2011,0.5436616706278043,0.7307057319034481,0.30491292359317246
1,All Population,2,DALYs (Disability-Adjusted Life Years),216,Senegal,3,Both,27,Age-standardized,543,Alzheimer's disease and other dementias,169,All risk factors,3,Rate,2011,177.12224903825125,433.2120439950158,61.123076282780325
1,All Population,2,DALYs (Disability-Adjusted Life Years),200,Benin,3,Both,27,Age-standardized,543,Alzheimer's disease and other dementias,169,All risk factors,2,Percent,2012,0.4802573094306567,0.7024018840172641,0.20878027868647114
1,All Population,2,DALYs (Disability-Adjusted Life Years),200,Benin,3,Both,27,Age-standardized,543,Alzheimer's disease and other dementias,169,All risk factors,3,Rate,2012,145.40751375859213,360.79853630815023,43.526292146025476
1,All Population,2,DALYs (Disability-Adjusted Life Years),218,Togo,3,Both,27,Age-standardized,543,Alzheimer's disease and other dementias,169,All risk factors,2,Percent,2010,0.5111265676682649,0.7123717008865917,0.2557482020246259
1,All Population,2,DALYs (Disability-Adjusted Life Years),218,Togo,3,Both,27,Age-standardized,543,Alzheimer's disease and other dementias,169,All risk factors,3,Rate,2010,160.87162666529323,405.3516198850747,50.21798213853405
1,All Population,2,DALYs (Disability-Adjusted Life Years),202,Cameroon,3,Both,27,Age-standardized,543,Alzheimer's disease and other dementias,169,All risk factors,2,Percent,2010,0.5194214209619644,0.7193150402975418,0.2460369099191289
1,All Population,2,DALYs (Disability-Adjusted Life Years),202,Cameroon,3,Both,27,Age-standardized,543,Alzheimer's disease and other dementias,169,All risk factors,3,Rate,2010,181.98994890068377,463.57355544327135,52.72151320886032
1,All Population,2,DALYs (Disability-Adjusted Life Years),209,Guinea-Bissau,3,Both,27,Age-standardized,543,Alzheimer's disease and other dementias,169,All risk factors,2,Percent,2011,0.5051079318951018,0.7131614132434788,0.24298728250143947
1,All Population,2,DALYs (Disability-Adjusted Life Years),209,Guinea-Bissau,3,Both,27,Age-standardized,543,Alzheimer's disease and other dementias,169,All risk factors,3,Rate,2011,169.1400399389014,425.832536677556,49.76667182295327
1,All Population,2,DALYs (Disability-Adjusted Life Years),216,Senegal,3,Both,27,Age-standardized,543,Alzheimer's disease and other dementias,169,All risk factors,2,Percent,2012,0.5449235423507226,0.7331605735231934,0.3166360195935237
1,All Population,2,DALYs (Disability-Adjusted Life Years),216,Senegal,3,Both,27,Age-standardized,543,Alzheimer's disease and other dementias,169,All risk factors,3,Rate,2012,174.44986337097134,422.8871913920793,60.45837344900079
1,All Population,2,DALYs (Disability-Adjusted Life Years),206,Gambia,3,Both,27,Age-standardized,543,Alzheimer's disease and other dementias,169,All risk factors,2,Percent,2010,0.5337821661360623,0.7263795295426781,0.2861262314591161
1,All Population,2,DALYs (Disability-Adjusted Life Years),206,Gambia,3,Both,27,Age-standardized,543,Alzheimer's disease and other dementias,169,All risk factors,3,Rate,2010,154.44006619263814,372.4795572712874,52.43171077226674
1,All Population,2,DALYs (Disability-Adjusted Life Years),215,Sao Tome and Principe,3,Both,27,Age-standardized,543,Alzheimer's disease and other dementias,169,All risk factors,2,Percent,2018,0.4441851173493656,0.6497011322182857,0.19598277517852744
1,All Population,2,DALYs (Disability-Adjusted Life Years),215,Sao Tome and Principe,3,Both,27,Age-standardized,543,Alzheimer's disease and other dementias,169,All risk factors,3,Rate,2018,169.39770705245374,425.0217899153322,42.39528231544433
1,All Population,2,DALYs (Disability-Adjusted Life Years),211,Mali,3,Both,27,Age-standardized,543,Alzheimer's disease and other dementias,169,All risk factors,2,Percent,2018,0.5560177591796015,0.7373650050486619,0.3059113456407118
1,All Population,2,DALYs (Disability-Adjusted Life Years),211,Mali,3,Both,27,Age-standardized,543,Alzheimer's disease and other dementias,169,All risk factors,3,Rate,2018,171.41173532486948,395.87277733381734,57.983616048425915
1,All Population,2,DALYs (Disability-Adjusted Life Years),210,Liberia,3,Both,27,Age-standardized,543,Alzheimer's disease and other dementias,169,All risk factors,2,Percent,2010,0.5143566702725672,0.7151683835022732,0.25158283788914615
1,All Population,2,DALYs (Disability-Adjusted Life Years),210,Liberia,3,Both,27,Age-standardized,543,Alzheimer's disease and other dementias,169,All risk factors,3,Rate,2010,187.35348670107697,463.8645083879057,55.022750759946476
1,All Population,2,DALYs (Disability-Adjusted Life Years),211,Mali,3,Both,27,Age-standardized,543,Alzheimer's disease and other dementias,169,All risk factors,2,Percent,2010,0.5545099673663563,0.7347669234267717,0.3266513848926368
1,All Population,2,DALYs (Disability-Adjusted Life Years),211,Mali,3,Both,27,Age-standardized,543,Alzheimer's disease and other dementias,169,All risk factors,3,Rate,2010,168.552467080958,397.5196754837922,60.38423635458327
1,All Population,2,DALYs (Disability-Adjusted Life Years),217,Sierra Leone,3,Both,27,Age-standardized,543,Alzheimer's disease and other dementias,169,All risk factors,2,Percent,2010,0.5066983254820824,0.7164589037948147,0.24712047384262015
1,All Population,2,DALYs (Disability-Adjusted Life Years),217,Sierra Leone,3,Both,27,Age-standardized,543,Alzheimer's disease and other dementias,169,All risk factors,3,Rate,2010,166.7148540162057,410.2570682646236,54.31461236340065
1,All Population,2,DALYs (Disability-Adjusted Life Years),210,Liberia,3,Both,27,Age-standardized,543,Alzheimer's disease and other dementias,169,All risk factors,2,Percent,2011,0.5154055476309137,0.7152261293450525,0.253337671166958
1,All Population,2,DALYs (Disability-Adjusted Life Years),210,Liberia,3,Both,27,Age-standardized,543,Alzheimer's disease and other dementias,169,All risk factors,3,Rate,2011,185.7490668529811,461.77640888534984,55.76631271589785
1,All Population,2,DALYs (Disability-Adjusted Life Years),218,Togo,3,Both,27,Age-standardized,543,Alzheimer's disease and other dementias,169,All risk factors,2,Percent,2011,0.5118363984626905,0.712855905818738,0.25994818476545245
1,All Population,2,DALYs (Disability-Adjusted Life Years),218,Togo,3,Both,27,Age-standardized,543,Alzheimer's disease and other dementias,169,All risk factors,3,Rate,2011,161.82790300508452,411.9307151142666,49.89037055134056
1,All Population,2,DALYs (Disability-Adjusted Life Years),214,Nigeria,3,Both,27,Age-standardized,543,Alzheimer's disease and other dementias,169,All risk factors,2,Percent,2011,0.49745874339735274,0.7036469719253065,0.24872079175662784
1,All Population,2,DALYs (Disability-Adjusted Life Years),214,Nigeria,3,Both,27,Age-standardized,543,Alzheimer's disease and other dementias,169,All risk factors,3,Rate,2011,143.2135966868011,358.29948812473634,44.234885334273336
1,All Population,2,DALYs (Disability-Adjusted Life Years),207,Ghana,3,Both,27,Age-standardized,543,Alzheimer's disease and other dementias,169,All risk factors,2,Percent,2011,0.5288462468278341,0.7222760446793521,0.2956668882459985
1,All Population,2,DALYs (Disability-Adjusted Life Years),207,Ghana,3,Both,27,Age-standardized,543,Alzheimer's disease and other dementias,169,All risk factors,3,Rate,2011,162.79557972458772,380.467109631437,55.62125612480225
1,All Population,2,DALYs (Disability-Adjusted Life Years),214,Nigeria,3,Both,27,Age-standardized,543,Alzheimer's disease and other dementias,169,All risk factors,2,Percent,2012,0.498646752735258,0.7039433375082145,0.24865954573469465
1,All Population,2,DALYs (Disability-Adjusted Life Years),214,Nigeria,3,Both,27,Age-standardized,543,Alzheimer's disease and other dementias,169,All risk factors,3,Rate,2012,143.54867895445545,353.6131157749135,44.27939717142621
1,All Population,2,DALYs (Disability-Adjusted Life Years),205,Côte d'Ivoire,3,Both,27,Age-standardized,543,Alzheimer's disease and other dementias,169,All risk factors,2,Percent,2014,0.4831511007805314,0.6975714464274867,0.23488620900627133
1,All Population,2,DALYs (Disability-Adjusted Life Years),205,Côte d'Ivoire,3,Both,27,Age-standardized,543,Alzheimer's disease and other dementias,169,All risk factors,3,Rate,2014,145.85359339130812,349.8494612354538,45.532821617700826
1,All Population,2,DALYs (Disability-Adjusted Life Years),209,Guinea-Bissau,3,Both,27,Age-standardized,543,Alzheimer's disease and other dementias,169,All risk factors,2,Percent,2012,0.505610669717179,0.7128610137232856,0.2444035829390469
1,All Population,2,DALYs (Disability-Adjusted Life Years),209,Guinea-Bissau,3,Both,27,Age-standardized,543,Alzheimer's disease and other dementias,169,All risk factors,3,Rate,2012,169.7056674284942,424.69397295111105,50.15888736475223
1,All Population,2,DALYs (Disability-Adjusted Life Years),209,Guinea-Bissau,3,Both,27,Age-standardized,543,Alzheimer's disease and other dementias,169,All risk factors,2,Percent,2014,0.5062663429864789,0.7148460988802294,0.2426080127314401
1,All Population,2,DALYs (Disability-Adjusted Life Years),209,Guinea-Bissau,3,Both,27,Age-standardized,543,Alzheimer's disease and other dementias,169,All risk factors,3,Rate,2014,172.58959253355306,431.9941096857066,50.991255528882064
1,All Population,2,DALYs (Disability-Adjusted Life Years),204,Chad,3,Both,27,Age-standardized,543,Alzheimer's disease and other dementias,169,All risk factors,2,Percent,2014,0.5291497068021102,0.7286847475181656,0.2779071937813642
1,All Population,2,DALYs (Disability-Adjusted Life Years),204,Chad,3,Both,27,Age-standardized,543,Alzheimer's disease and other dementias,169,All risk factors,3,Rate,2014,177.64882191794345,441.9212489484274,57.156330602523724
1,All Population,2,DALYs (Disability-Adjusted Life Years),204,Chad,3,Both,27,Age-standardized,543,Alzheimer's disease and other dementias,169,All risk factors,2,Percent,2012,0.5284887206150959,0.7294190007295387,0.27701151447257893
1,All Population,2,DALYs (Disability-Adjusted Life Years),204,Chad,3,Both,27,Age-standardized,543,Alzheimer's disease and other dementias,169,All risk factors,3,Rate,2012,176.20496016849853,436.15411679771313,57.214897378128356
1,All Population,2,DALYs (Disability-Adjusted Life Years),200,Benin,3,Both,27,Age-standardized,543,Alzheimer's disease and other dementias,169,All risk factors,2,Percent,2014,0.4826583627073366,0.7035212963052928,0.20976511779574852
1,All Population,2,DALYs (Disability-Adjusted Life Years),200,Benin,3,Both,27,Age-standardized,543,Alzheimer's disease and other dementias,169,All risk factors,3,Rate,2014,145.78513077827307,365.9815461303232,43.219617775218886
1,All Population,2,DALYs (Disability-Adjusted Life Years),211,Mali,3,Both,27,Age-standardized,543,Alzheimer's disease and other dementias,169,All risk factors,2,Percent,2011,0.5544929680467948,0.7353001876731173,0.31057602071498996
1,All Population,2,DALYs (Disability-Adjusted Life Years),211,Mali,3,Both,27,Age-standardized,543,Alzheimer's disease and other dementias,169,All risk factors,3,Rate,2011,168.89975107117783,392.8626529475259,59.70377455662291
1,All Population,2,DALYs (Disability-Adjusted Life Years),202,Cameroon,3,Both,27,Age-standardized,543,Alzheimer's disease and other dementias,169,All risk factors,2,Percent,2011,0.5224319931872604,0.7212883531154476,0.2518572767717628
1,All Population,2,DALYs (Disability-Adjusted Life Years),202,Cameroon,3,Both,27,Age-standardized,543,Alzheimer's disease and other dementias,169,All risk factors,3,Rate,2011,183.77193275821736,468.8346319051147,52.77040206519994
1,All Population,2,DALYs (Disability-Adjusted Life Years),217,Sierra Leone,3,Both,27,Age-standardized,543,Alzheimer's disease and other dementias,169,All risk factors,2,Percent,2011,0.5072207394079068,0.7165804983043967,0.2462869419867916
1,All Population,2,DALYs (Disability-Adjusted Life Years),217,Sierra Leone,3,Both,27,Age-standardized,543,Alzheimer's disease and other dementias,169,All risk factors,3,Rate,2011,167.42984735114757,417.00674057861715,54.028405796287366
1,All Population,2,DALYs (Disability-Adjusted Life Years),206,Gambia,3,Both,27,Age-standardized,543,Alzheimer's disease and other dementias,169,All risk factors,2,Percent,2011,0.5349242936652844,0.7270962239484,0.2837484617088372
1,All Population,2,DALYs (Disability-Adjusted Life Years),206,Gambia,3,Both,27,Age-standardized,543,Alzheimer's disease and other dementias,169,All risk factors,3,Rate,2011,149.8048141911025,358.30951584926146,51.76365697548104
1,All Population,2,DALYs (Disability-Adjusted Life Years),201,Burkina Faso,3,Both,27,Age-standardized,543,Alzheimer's disease and other dementias,169,All risk factors,2,Percent,2010,0.4539022901709856,0.6932085615716929,0.16419110474539853
1,All Population,2,DALYs (Disability-Adjusted Life Years),201,Burkina Faso,3,Both,27,Age-standardized,543,Alzheimer's disease and other dementias,169,All risk factors,3,Rate,2010,180.66792773934802,461.4169140998067,44.5148278571823
1,All Population,2,DALYs (Disability-Adjusted Life Years),207,Ghana,3,Both,27,Age-standardized,543,Alzheimer's disease and other dementias,169,All risk factors,2,Percent,2012,0.5295387160275487,0.7238169260111242,0.29268585014171816
1,All Population,2,DALYs (Disability-Adjusted Life Years),207,Ghana,3,Both,27,Age-standardized,543,Alzheimer's disease and other dementias,169,All risk factors,3,Rate,2012,163.0442460883381,391.3924291824911,56.11458069824713
1,All Population,2,DALYs (Disability-Adjusted Life Years),202,Cameroon,3,Both,27,Age-standardized,543,Alzheimer's disease and other dementias,169,All risk factors,2,Percent,2012,0.5250531339875134,0.7230152772864651,0.25519431924025704
1,All Population,2,DALYs (Disability-Adjusted Life Years),202,Cameroon,3,Both,27,Age-standardized,543,Alzheimer's disease and other dementias,169,All risk factors,3,Rate,2012,183.9290099568347,469.57602706003627,52.788625516191416
1,All Population,2,DALYs (Disability-Adjusted Life Years),213,Niger,3,Both,27,Age-standardized,543,Alzheimer's disease and other dementias,169,All risk factors,2,Percent,2011,0.5138238023796036,0.7229474916804246,0.24829922759740494
1,All Population,2,DALYs (Disability-Adjusted Life Years),213,Niger,3,Both,27,Age-standardized,543,Alzheimer's disease and other dementias,169,All risk factors,3,Rate,2011,180.46077025418222,429.0332989479821,58.51591266837059
1,All Population,2,DALYs (Disability-Adjusted Life Years),201,Burkina Faso,3,Both,27,Age-standardized,543,Alzheimer's disease and other dementias,169,All risk factors,2,Percent,2011,0.45369979982321446,0.6928588428165183,0.16580515362548015
1,All Population,2,DALYs (Disability-Adjusted Life Years),201,Burkina Faso,3,Both,27,Age-standardized,543,Alzheimer's disease and other dementias,169,All risk factors,3,Rate,2011,180.19953252111281,456.78450935936615,44.06614050416199
1,All Population,2,DALYs (Disability-Adjusted Life Years),211,Mali,3,Both,27,Age-standardized,543,Alzheimer's disease and other dementias,169,All risk factors,2,Percent,2012,0.5548777619136122,0.7360537367745412,0.32130522926165983
1,All Population,2,DALYs (Disability-Adjusted Life Years),211,Mali,3,Both,27,Age-standardized,543,Alzheimer's disease and other dementias,169,All risk factors,3,Rate,2012,166.24095400513616,392.586311675233,59.73127856434608
1,All Population,2,DALYs (Disability-Adjusted Life Years),213,Niger,3,Both,27,Age-standardized,543,Alzheimer's disease and other dementias,169,All risk factors,2,Percent,2010,0.5131878860032885,0.7223572139626808,0.24785518161544398
1,All Population,2,DALYs (Disability-Adjusted Life Years),213,Niger,3,Both,27,Age-standardized,543,Alzheimer's disease and other dementias,169,All risk factors,3,Rate,2010,180.32919743387077,435.8303581351832,58.74526465062502
1,All Population,2,DALYs (Disability-Adjusted Life Years),203,Cabo Verde,3,Both,27,Age-standardized,543,Alzheimer's disease and other dementias,169,All risk factors,2,Percent,2019,0.4573219550752655,0.6452374764992628,0.21682603392290414
1,All Population,2,DALYs (Disability-Adjusted Life Years),203,Cabo Verde,3,Both,27,Age-standardized,543,Alzheimer's disease and other dementias,169,All risk factors,3,Rate,2019,166.4430999965432,420.3986660114875,47.99044935327141
1,All Population,2,DALYs (Disability-Adjusted Life Years),212,Mauritania,3,Both,27,Age-standardized,543,Alzheimer's disease and other dementias,169,All risk factors,2,Percent,2015,0.5733042824557437,0.7429960448978539,0.35358075052476684
1,All Population,2,DALYs (Disability-Adjusted Life Years),212,Mauritania,3,Both,27,Age-standardized,543,Alzheimer's disease and other dementias,169,All risk factors,3,Rate,2015,201.18139918968774,478.2500607388183,69.28120101332583
1,All Population,2,DALYs (Disability-Adjusted Life Years),207,Ghana,3,Both,27,Age-standardized,543,Alzheimer's disease and other dementias,169,All risk factors,2,Percent,2019,0.5314528600269525,0.7230657026660039,0.2887277598365606
1,All Population,2,DALYs (Disability-Adjusted Life Years),207,Ghana,3,Both,27,Age-standardized,543,Alzheimer's disease and other dementias,169,All risk factors,3,Rate,2019,178.05476549317416,428.54185984121386,57.38405756949471
1,All Population,2,DALYs (Disability-Adjusted Life Years),214,Nigeria,3,Both,27,Age-standardized,543,Alzheimer's disease and other dementias,169,All risk factors,2,Percent,2014,0.5011011231397072,0.7053714827685348,0.24720973071215732
1,All Population,2,DALYs (Disability-Adjusted Life Years),214,Nigeria,3,Both,27,Age-standardized,543,Alzheimer's disease and other dementias,169,All risk factors,3,Rate,2014,146.3027192331709,354.62802782520635,45.39987938546876
1,All Population,2,DALYs (Disability-Adjusted Life Years),211,Mali,3,Both,27,Age-standardized,543,Alzheimer's disease and other dementias,169,All risk factors,2,Percent,2014,0.5552641984204286,0.7379132022474763,0.31727232031189945
1,All Population,2,DALYs (Disability-Adjusted Life Years),211,Mali,3,Both,27,Age-standardized,543,Alzheimer's disease and other dementias,169,All risk factors,3,Rate,2014,166.96042128397747,396.20895952547096,58.43999568854005
1,All Population,2,DALYs (Disability-Adjusted Life Years),218,Togo,3,Both,27,Age-standardized,543,Alzheimer's disease and other dementias,169,All risk factors,2,Percent,2012,0.5128442541761985,0.7137819793737877,0.26223942543062917
1,All Population,2,DALYs (Disability-Adjusted Life Years),218,Togo,3,Both,27,Age-standardized,543,Alzheimer's disease and other dementias,169,All risk factors,3,Rate,2012,161.33424745852724,407.2876272375056,49.94990588147168
1,All Population,2,DALYs (Disability-Adjusted Life Years),200,Benin,3,Both,27,Age-standardized,543,Alzheimer's disease and other dementias,169,All risk factors,2,Percent,2015,0.48352700385874303,0.704464997459906,0.20979272586174408
1,All Population,2,DALYs (Disability-Adjusted Life Years),200,Benin,3,Both,27,Age-standardized,543,Alzheimer's disease and other dementias,169,All risk factors,3,Rate,2015,143.55471320827107,358.271869152772,42.57806826926324
1,All Population,2,DALYs (Disability-Adjusted Life Years),215,Sao Tome and Principe,3,Both,27,Age-standardized,543,Alzheimer's disease and other dementias,169,All risk factors,2,Percent,2019,0.4426574258841156,0.6486929286013183,0.19942671156592154
1,All Population,2,DALYs (Disability-Adjusted Life Years),215,Sao Tome and Principe,3,Both,27,Age-standardized,543,Alzheimer's disease and other dementias,169,All risk factors,3,Rate,2019,168.54774615071958,427.4028721208426,43.371992446264464
1,All Population,2,DALYs (Disability-Adjusted Life Years),218,Togo,3,Both,27,Age-standardized,543,Alzheimer's disease and other dementias,169,All risk factors,2,Percent,2014,0.5143838342545309,0.7151892881497494,0.2588722323632753
1,All Population,2,DALYs (Disability-Adjusted Life Years),218,Togo,3,Both,27,Age-standardized,543,Alzheimer's disease and other dementias,169,All risk factors,3,Rate,2014,161.94397404862454,389.8917701584244,50.91541514446247
1,All Population,2,DALYs (Disability-Adjusted Life Years),206,Gambia,3,Both,27,Age-standardized,543,Alzheimer's disease and other dementias,169,All risk factors,2,Percent,2012,0.5354068523444836,0.7272028395804926,0.28431256084489026
1,All Population,2,DALYs (Disability-Adjusted Life Years),206,Gambia,3,Both,27,Age-standardized,543,Alzheimer's disease and other dementias,169,All risk factors,3,Rate,2012,149.458655079299,355.31077537723354,51.51174607274566
1,All Population,2,DALYs (Disability-Adjusted Life Years),216,Senegal,3,Both,27,Age-standardized,543,Alzheimer's disease and other dementias,169,All risk factors,2,Percent,2014,0.5463335526644323,0.7323261034427059,0.30893820202502753
1,All Population,2,DALYs (Disability-Adjusted Life Years),216,Senegal,3,Both,27,Age-standardized,543,Alzheimer's disease and other dementias,169,All risk factors,3,Rate,2014,183.41670259372594,440.00486273985683,62.08741889882673
1,All Population,2,DALYs (Disability-Adjusted Life Years),216,Senegal,3,Both,27,Age-standardized,543,Alzheimer's disease and other dementias,169,All risk factors,2,Percent,2015,0.5466241765466441,0.7315997504034484,0.3135643610593608
1,All Population,2,DALYs (Disability-Adjusted Life Years),216,Senegal,3,Both,27,Age-standardized,543,Alzheimer's disease and other dementias,169,All risk factors,3,Rate,2015,179.86360682572237,421.0432765681723,62.060174503111355
1,All Population,2,DALYs (Disability-Adjusted Life Years),211,Mali,3,Both,27,Age-standardized,543,Alzheimer's disease and other dementias,169,All risk factors,2,Percent,2019,0.5557109635768901,0.7393696683757259,0.30642388202799126
1,All Population,2,DALYs (Disability-Adjusted Life Years),211,Mali,3,Both,27,Age-standardized,543,Alzheimer's disease and other dementias,169,All risk factors,3,Rate,2019,172.22801707525727,388.975577365462,57.81004310264237
1,All Population,2,DALYs (Disability-Adjusted Life Years),205,Côte d'Ivoire,3,Both,27,Age-standardized,543,Alzheimer's disease and other dementias,169,All risk factors,2,Percent,2010,0.4810680280101848,0.6955864462154673,0.23313165639734001
1,All Population,2,DALYs (Disability-Adjusted Life Years),205,Côte d'Ivoire,3,Both,27,Age-standardized,543,Alzheimer's disease and other dementias,169,All risk factors,3,Rate,2010,142.4246025126842,347.7294602124393,45.59881161241504
1,All Population,2,DALYs (Disability-Adjusted Life Years),207,Ghana,3,Both,27,Age-standardized,543,Alzheimer's disease and other dementias,169,All risk factors,2,Percent,2014,0.5304493202139158,0.7226116703685942,0.29063539460899707
1,All Population,2,DALYs (Disability-Adjusted Life Years),207,Ghana,3,Both,27,Age-standardized,543,Alzheimer's disease and other dementias,169,All risk factors,3,Rate,2014,167.17719247554447,406.7758918878653,56.79707398979152
1,All Population,2,DALYs (Disability-Adjusted Life Years),213,Niger,3,Both,27,Age-standardized,543,Alzheimer's disease and other dementias,169,All risk factors,2,Percent,2012,0.5143376498455713,0.7228405224573917,0.24784509063360333
1,All Population,2,DALYs (Disability-Adjusted Life Years),213,Niger,3,Both,27,Age-standardized,543,Alzheimer's disease and other dementias,169,All risk factors,3,Rate,2012,181.04911330026715,437.913139129794,58.136909426492146
1,All Population,2,DALYs (Disability-Adjusted Life Years),202,Cameroon,3,Both,27,Age-standardized,543,Alzheimer's disease and other dementias,169,All risk factors,2,Percent,2006,0.5090577807688889,0.7123213827916687,0.23716229860879393
1,All Population,2,DALYs (Disability-Adjusted Life Years),202,Cameroon,3,Both,27,Age-standardized,543,Alzheimer's disease and other dementias,169,All risk factors,3,Rate,2006,175.8908329823563,457.8164291356434,51.751792384717355
1,All Population,2,DALYs (Disability-Adjusted Life Years),217,Sierra Leone,3,Both,27,Age-standardized,543,Alzheimer's disease and other dementias,169,All risk factors,2,Percent,2012,0.5073876711584965,0.7169716835048008,0.24404204843098298
1,All Population,2,DALYs (Disability-Adjusted Life Years),217,Sierra Leone,3,Both,27,Age-standardized,543,Alzheimer's disease and other dementias,169,All risk factors,3,Rate,2012,169.78524779495996,424.7604278803994,53.11227112671019
1,All Population,2,DALYs (Disability-Adjusted Life Years),208,Guinea,3,Both,27,Age-standardized,543,Alzheimer's disease and other dementias,169,All risk factors,2,Percent,2015,0.49820988931028914,0.7118067887547443,0.22906172050070067
1,All Population,2,DALYs (Disability-Adjusted Life Years),208,Guinea,3,Both,27,Age-standardized,543,Alzheimer's disease and other dementias,169,All risk factors,3,Rate,2015,156.3133266080744,387.63395632470866,48.58102767941886
1,All Population,2,DALYs (Disability-Adjusted Life Years),201,Burkina Faso,3,Both,27,Age-standardized,543,Alzheimer's disease and other dementias,169,All risk factors,2,Percent,2012,0.4531758155143208,0.692294808135283,0.1645804711951403
1,All Population,2,DALYs (Disability-Adjusted Life Years),201,Burkina Faso,3,Both,27,Age-standardized,543,Alzheimer's disease and other dementias,169,All risk factors,3,Rate,2012,178.93357381715754,450.67893841703506,43.49273588380412
1,All Population,2,DALYs (Disability-Adjusted Life Years),206,Gambia,3,Both,27,Age-standardized,543,Alzheimer's disease and other dementias,169,All risk factors,2,Percent,2015,0.5378489013634935,0.729113461283636,0.28772428873543543
1,All Population,2,DALYs (Disability-Adjusted Life Years),206,Gambia,3,Both,27,Age-standardized,543,Alzheimer's disease and other dementias,169,All risk factors,3,Rate,2015,154.51447672207607,365.6677273262485,52.48287830756328
1,All Population,2,DALYs (Disability-Adjusted Life Years),210,Liberia,3,Both,27,Age-standardized,543,Alzheimer's disease and other dementias,169,All risk factors,2,Percent,2015,0.5189149330418821,0.7189079475196714,0.2513546489094792
1,All Population,2,DALYs (Disability-Adjusted Life Years),210,Liberia,3,Both,27,Age-standardized,543,Alzheimer's disease and other dementias,169,All risk factors,3,Rate,2015,184.61190767391213,459.2294430253283,53.754861222370074
1,All Population,2,DALYs (Disability-Adjusted Life Years),204,Chad,3,Both,27,Age-standardized,543,Alzheimer's disease and other dementias,169,All risk factors,2,Percent,2015,0.5295727182086822,0.7308563498165759,0.27629551121924023
1,All Population,2,DALYs (Disability-Adjusted Life Years),204,Chad,3,Both,27,Age-standardized,543,Alzheimer's disease and other dementias,169,All risk factors,3,Rate,2015,176.16675219697626,442.4028617140762,56.68516548564495
1,All Population,2,DALYs (Disability-Adjusted Life Years),206,Gambia,3,Both,27,Age-standardized,543,Alzheimer's disease and other dementias,169,All risk factors,2,Percent,2014,0.5370784235307181,0.7301395842764743,0.2846075901777197
1,All Population,2,DALYs (Disability-Adjusted Life Years),206,Gambia,3,Both,27,Age-standardized,543,Alzheimer's disease and other dementias,169,All risk factors,3,Rate,2014,156.55697672506108,369.7724203353985,53.411741067106654
1,All Population,2,DALYs (Disability-Adjusted Life Years),213,Niger,3,Both,27,Age-standardized,543,Alzheimer's disease and other dementias,169,All risk factors,2,Percent,2014,0.5146376661642715,0.7238782830566092,0.24562736413820466
1,All Population,2,DALYs (Disability-Adjusted Life Years),213,Niger,3,Both,27,Age-standardized,543,Alzheimer's disease and other dementias,169,All risk factors,3,Rate,2014,181.6144285121977,445.395106095589,57.484697574990356
1,All Population,2,DALYs (Disability-Adjusted Life Years),217,Sierra Leone,3,Both,27,Age-standardized,543,Alzheimer's disease and other dementias,169,All risk factors,2,Percent,2014,0.5073189889795057,0.7171520675405725,0.2426150764883156
1,All Population,2,DALYs (Disability-Adjusted Life Years),217,Sierra Leone,3,Both,27,Age-standardized,543,Alzheimer's disease and other dementias,169,All risk factors,3,Rate,2014,170.25859607651515,429.91882093746773,52.48119298883093
1,All Population,2,DALYs (Disability-Adjusted Life Years),200,Benin,3,Both,27,Age-standardized,543,Alzheimer's disease and other dementias,169,All risk factors,2,Percent,2016,0.4843064542722503,0.7043389241956823,0.2093014555273507
1,All Population,2,DALYs (Disability-Adjusted Life Years),200,Benin,3,Both,27,Age-standardized,543,Alzheimer's disease and other dementias,169,All risk factors,3,Rate,2016,143.24634897810168,355.175420235942,42.274929640790944
1,All Population,2,DALYs (Disability-Adjusted Life Years),209,Guinea-Bissau,3,Both,27,Age-standardized,543,Alzheimer's disease and other dementias,169,All risk factors,2,Percent,2015,0.5067585566788376,0.714128812035265,0.24595385886648052
1,All Population,2,DALYs (Disability-Adjusted Life Years),209,Guinea-Bissau,3,Both,27,Age-standardized,543,Alzheimer's disease and other dementias,169,All risk factors,3,Rate,2015,172.1788457134015,436.18959349916344,50.83587583196701
1,All Population,2,DALYs (Disability-Adjusted Life Years),218,Togo,3,Both,27,Age-standardized,543,Alzheimer's disease and other dementias,169,All risk factors,2,Percent,2016,0.5156988690518987,0.7160444786935694,0.2567687887251294
1,All Population,2,DALYs (Disability-Adjusted Life Years),218,Togo,3,Both,27,Age-standardized,543,Alzheimer's disease and other dementias,169,All risk factors,3,Rate,2016,163.0311223490834,404.6279620179723,51.38374087026305
1,All Population,2,DALYs (Disability-Adjusted Life Years),214,Nigeria,3,Both,27,Age-standardized,543,Alzheimer's disease and other dementias,169,All risk factors,2,Percent,2015,0.502431322715988,0.7062022183308151,0.24627356593606353
1,All Population,2,DALYs (Disability-Adjusted Life Years),214,Nigeria,3,Both,27,Age-standardized,543,Alzheimer's disease and other dementias,169,All risk factors,3,Rate,2015,144.52072764548737,356.22367382609934,44.82762192848096
1,All Population,2,DALYs (Disability-Adjusted Life Years),202,Cameroon,3,Both,27,Age-standardized,543,Alzheimer's disease and other dementias,169,All risk factors,2,Percent,2014,0.5281887299583852,0.7234747687053258,0.25746710337620893
1,All Population,2,DALYs (Disability-Adjusted Life Years),202,Cameroon,3,Both,27,Age-standardized,543,Alzheimer's disease and other dementias,169,All risk factors,3,Rate,2014,184.4078678742156,465.64145301224937,52.74260471854534
1,All Population,2,DALYs (Disability-Adjusted Life Years),216,Senegal,3,Both,27,Age-standardized,543,Alzheimer's disease and other dementias,169,All risk factors,2,Percent,2016,0.5468029739652994,0.7349057152505037,0.313275455056874
1,All Population,2,DALYs (Disability-Adjusted Life Years),216,Senegal,3,Both,27,Age-standardized,543,Alzheimer's disease and other dementias,169,All risk factors,3,Rate,2016,184.6479322522665,429.8635609558241,63.23591682571654
1,All Population,2,DALYs (Disability-Adjusted Life Years),215,Sao Tome and Principe,3,Both,27,Age-standardized,543,Alzheimer's disease and other dementias,169,All risk factors,2,Percent,2020,0.440848078918384,0.6492672966017752,0.19894236922964875
1,All Population,2,DALYs (Disability-Adjusted Life Years),215,Sao Tome and Principe,3,Both,27,Age-standardized,543,Alzheimer's disease and other dementias,169,All risk factors,3,Rate,2020,155.67320366779643,393.4038685312574,39.38211024025627
1,All Population,2,DALYs (Disability-Adjusted Life Years),211,Mali,3,Both,27,Age-standardized,543,Alzheimer's disease and other dementias,169,All risk factors,2,Percent,2020,0.5555561540237551,0.7370209301425682,0.30547760076339986
1,All Population,2,DALYs (Disability-Adjusted Life Years),211,Mali,3,Both,27,Age-standardized,543,Alzheimer's disease and other dementias,169,All risk factors,3,Rate,2020,163.43057556251628,372.7388273795116,55.38848526216851
1,All Population,2,DALYs (Disability-Adjusted Life Years),213,Niger,3,Both,27,Age-standardized,543,Alzheimer's disease and other dementias,169,All risk factors,2,Percent,2015,0.514781290043021,0.7236325372577107,0.24466420472860878
1,All Population,2,DALYs (Disability-Adjusted Life Years),213,Niger,3,Both,27,Age-standardized,543,Alzheimer's disease and other dementias,169,All risk factors,3,Rate,2015,177.69006690903166,436.89504762515696,56.45810686052784
1,All Population,2,DALYs (Disability-Adjusted Life Years),212,Mauritania,3,Both,27,Age-standardized,543,Alzheimer's disease and other dementias,169,All risk factors,2,Percent,2016,0.5741967047011232,0.7421048360139261,0.35022450920632003
1,All Population,2,DALYs (Disability-Adjusted Life Years),212,Mauritania,3,Both,27,Age-standardized,543,Alzheimer's disease and other dementias,169,All risk factors,3,Rate,2016,201.5347047612235,480.7390644929222,67.05582707415395
1,All Population,2,DALYs (Disability-Adjusted Life Years),210,Liberia,3,Both,27,Age-standardized,543,Alzheimer's disease and other dementias,169,All risk factors,2,Percent,2012,0.5163954064187789,0.7160013231886629,0.2539818063010441
1,All Population,2,DALYs (Disability-Adjusted Life Years),210,Liberia,3,Both,27,Age-standardized,543,Alzheimer's disease and other dementias,169,All risk factors,3,Rate,2012,188.69405747154673,475.1123896129514,56.13495646874685
1,All Population,2,DALYs (Disability-Adjusted Life Years),201,Burkina Faso,3,Both,27,Age-standardized,543,Alzheimer's disease and other dementias,169,All risk factors,2,Percent,2014,0.4530494811987078,0.693393770845121,0.16349895261926986
1,All Population,2,DALYs (Disability-Adjusted Life Years),201,Burkina Faso,3,Both,27,Age-standardized,543,Alzheimer's disease and other dementias,169,All risk factors,3,Rate,2014,176.9914493637388,450.4632251324288,42.95696432279226
1,All Population,2,DALYs (Disability-Adjusted Life Years),204,Chad,3,Both,27,Age-standardized,543,Alzheimer's disease and other dementias,169,All risk factors,2,Percent,2016,0.5301907317794213,0.7324828950825822,0.27606658031644726
1,All Population,2,DALYs (Disability-Adjusted Life Years),204,Chad,3,Both,27,Age-standardized,543,Alzheimer's disease and other dementias,169,All risk factors,3,Rate,2016,177.08826391852114,443.317366986508,56.02096485146817
1,All Population,2,DALYs (Disability-Adjusted Life Years),202,Cameroon,3,Both,27,Age-standardized,543,Alzheimer's disease and other dementias,169,All risk factors,2,Percent,2015,0.529961525588652,0.7244733521125609,0.25977381066909666
1,All Population,2,DALYs (Disability-Adjusted Life Years),202,Cameroon,3,Both,27,Age-standardized,543,Alzheimer's disease and other dementias,169,All risk factors,3,Rate,2015,185.6280406734961,464.5774242801849,54.200923390404995
1,All Population,2,DALYs (Disability-Adjusted Life Years),203,Cabo Verde,3,Both,27,Age-standardized,543,Alzheimer's disease and other dementias,169,All risk factors,2,Percent,2020,0.4541787715671989,0.6408736863128389,0.2141300004527682
1,All Population,2,DALYs (Disability-Adjusted Life Years),203,Cabo Verde,3,Both,27,Age-standardized,543,Alzheimer's disease and other dementias,169,All risk factors,3,Rate,2020,145.65130450143533,361.0528292961189,44.95286039227259
1,All Population,2,DALYs (Disability-Adjusted Life Years),207,Ghana,3,Both,27,Age-standardized,543,Alzheimer's disease and other dementias,169,All risk factors,2,Percent,2020,0.5320397151343736,0.7253915317600566,0.28613978552485864
1,All Population,2,DALYs (Disability-Adjusted Life Years),207,Ghana,3,Both,27,Age-standardized,543,Alzheimer's disease and other dementias,169,All risk factors,3,Rate,2020,182.0565806998416,438.79722314839785,57.42746038392601
1,All Population,2,DALYs (Disability-Adjusted Life Years),214,Nigeria,3,Both,27,Age-standardized,543,Alzheimer's disease and other dementias,169,All risk factors,2,Percent,2016,0.5033342095592455,0.7077154070090408,0.24585103930750457
1,All Population,2,DALYs (Disability-Adjusted Life Years),214,Nigeria,3,Both,27,Age-standardized,543,Alzheimer's disease and other dementias,169,All risk factors,3,Rate,2016,147.01734220423435,359.4553015267795,45.17514093730369
1,All Population,2,DALYs (Disability-Adjusted Life Years),218,Togo,3,Both,27,Age-standardized,543,Alzheimer's disease and other dementias,169,All risk factors,2,Percent,2015,0.5153183073448705,0.7154390241419385,0.2579780640844786
1,All Population,2,DALYs (Disability-Adjusted Life Years),218,Togo,3,Both,27,Age-standardized,543,Alzheimer's disease and other dementias,169,All risk factors,3,Rate,2015,161.56638351364563,394.41459632271693,49.97288124895268
1,All Population,2,DALYs (Disability-Adjusted Life Years),210,Liberia,3,Both,27,Age-standardized,543,Alzheimer's disease and other dementias,169,All risk factors,2,Percent,2014,0.5184129028665414,0.7190801043779834,0.2516503841218068
1,All Population,2,DALYs (Disability-Adjusted Life Years),210,Liberia,3,Both,27,Age-standardized,543,Alzheimer's disease and other dementias,169,All risk factors,3,Rate,2014,186.31582181558673,454.644171251593,54.31491904160518
1,All Population,2,DALYs (Disability-Adjusted Life Years),201,Burkina Faso,3,Both,27,Age-standardized,543,Alzheimer's disease and other dementias,169,All risk factors,2,Percent,2015,0.45342200912051506,0.6931812178350835,0.1614360948665654
1,All Population,2,DALYs (Disability-Adjusted Life Years),201,Burkina Faso,3,Both,27,Age-standardized,543,Alzheimer's disease and other dementias,169,All risk factors,3,Rate,2015,179.54904065783796,461.14569899582153,43.437088434216285
1,All Population,2,DALYs (Disability-Adjusted Life Years),208,Guinea,3,Both,27,Age-standardized,543,Alzheimer's disease and other dementias,169,All risk factors,2,Percent,2017,0.4985993586006266,0.7122316491409861,0.23105544404884265
1,All Population,2,DALYs (Disability-Adjusted Life Years),208,Guinea,3,Both,27,Age-standardized,543,Alzheimer's disease and other dementias,169,All risk factors,3,Rate,2017,157.2816409557094,385.39991151866263,48.26330639750679
1,All Population,2,DALYs (Disability-Adjusted Life Years),206,Gambia,3,Both,27,Age-standardized,543,Alzheimer's disease and other dementias,169,All risk factors,2,Percent,2016,0.5385502885485808,0.7310568476924943,0.28675474476614005
1,All Population,2,DALYs (Disability-Adjusted Life Years),206,Gambia,3,Both,27,Age-standardized,543,Alzheimer's disease and other dementias,169,All risk factors,3,Rate,2016,158.30817442688993,384.4411039846934,53.722455916951745
1,All Population,2,DALYs (Disability-Adjusted Life Years),202,Cameroon,3,Both,27,Age-standardized,543,Alzheimer's disease and other dementias,169,All risk factors,2,Percent,2016,0.5313766817915004,0.72627465070616,0.259769332862122
1,All Population,2,DALYs (Disability-Adjusted Life Years),202,Cameroon,3,Both,27,Age-standardized,543,Alzheimer's disease and other dementias,169,All risk factors,3,Rate,2016,187.17420558405706,470.4510093186481,54.65427506698093
1,All Population,2,DALYs (Disability-Adjusted Life Years),200,Benin,3,Both,27,Age-standardized,543,Alzheimer's disease and other dementias,169,All risk factors,2,Percent,2017,0.4846822324277234,0.7046676033063894,0.20745254021357284
1,All Population,2,DALYs (Disability-Adjusted Life Years),200,Benin,3,Both,27,Age-standardized,543,Alzheimer's disease and other dementias,169,All risk factors,3,Rate,2017,143.1534635623756,351.6359038699326,41.06872215529254
1,All Population,2,DALYs (Disability-Adjusted Life Years),210,Liberia,3,Both,27,Age-standardized,543,Alzheimer's disease and other dementias,169,All risk factors,2,Percent,2016,0.5203426210824071,0.7201908876592485,0.2512422691910853
1,All Population,2,DALYs (Disability-Adjusted Life Years),210,Liberia,3,Both,27,Age-standardized,543,Alzheimer's disease and other dementias,169,All risk factors,3,Rate,2016,183.18862882251227,454.4265621695699,53.16500659592021
1,All Population,2,DALYs (Disability-Adjusted Life Years),215,Sao Tome and Principe,3,Both,27,Age-standardized,543,Alzheimer's disease and other dementias,169,All risk factors,2,Percent,2021,0.4391156942880388,0.6474981600979113,0.19823031879029707
1,All Population,2,DALYs (Disability-Adjusted Life Years),215,Sao Tome and Principe,3,Both,27,Age-standardized,543,Alzheimer's disease and other dementias,169,All risk factors,3,Rate,2021,148.260666013142,363.70229413441683,38.974898876238726
1,All Population,2,DALYs (Disability-Adjusted Life Years),203,Cabo Verde,3,Both,27,Age-standardized,543,Alzheimer's disease and other dementias,169,All risk factors,2,Percent,2021,0.4505917217154186,0.638596700521593,0.21664478727244368
1,All Population,2,DALYs (Disability-Adjusted Life Years),203,Cabo Verde,3,Both,27,Age-standardized,543,Alzheimer's disease and other dementias,169,All risk factors,3,Rate,2021,138.40177247970155,327.21940280488104,43.6551707223826
1,All Population,2,DALYs (Disability-Adjusted Life Years),208,Guinea,3,Both,27,Age-standardized,543,Alzheimer's disease and other dementias,169,All risk factors,2,Percent,2016,0.4983619441917227,0.7121549788980381,0.2283801076728484
1,All Population,2,DALYs (Disability-Adjusted Life Years),208,Guinea,3,Both,27,Age-standardized,543,Alzheimer's disease and other dementias,169,All risk factors,3,Rate,2016,156.77153046808272,387.8207878139627,48.2787255801424
1,All Population,2,DALYs (Disability-Adjusted Life Years),207,Ghana,3,Both,27,Age-standardized,543,Alzheimer's disease and other dementias,169,All risk factors,2,Percent,2021,0.53305176249162,0.7238512340470696,0.28577562965916753
1,All Population,2,DALYs (Disability-Adjusted Life Years),207,Ghana,3,Both,27,Age-standardized,543,Alzheimer's disease and other dementias,169,All risk factors,3,Rate,2021,185.75919894545152,450.95840114395634,59.18859893771242
1,All Population,2,DALYs (Disability-Adjusted Life Years),212,Mauritania,3,Both,27,Age-standardized,543,Alzheimer's disease and other dementias,169,All risk factors,2,Percent,2018,0.5742943380509677,0.7450452281750708,0.3533084708893708
1,All Population,2,DALYs (Disability-Adjusted Life Years),212,Mauritania,3,Both,27,Age-standardized,543,Alzheimer's disease and other dementias,169,All risk factors,3,Rate,2018,207.63164119745227,487.7425878666757,67.82341081217199
1,All Population,2,DALYs (Disability-Adjusted Life Years),205,Côte d'Ivoire,3,Both,27,Age-standardized,543,Alzheimer's disease and other dementias,169,All risk factors,2,Percent,2016,0.48275132541583915,0.6950565573002001,0.23094832124315282
1,All Population,2,DALYs (Disability-Adjusted Life Years),205,Côte d'Ivoire,3,Both,27,Age-standardized,543,Alzheimer's disease and other dementias,169,All risk factors,3,Rate,2016,146.07936045022282,355.6413622047444,45.789998717884686
1,All Population,2,DALYs (Disability-Adjusted Life Years),213,Niger,3,Both,27,Age-standardized,543,Alzheimer's disease and other dementias,169,All risk factors,2,Percent,2016,0.5148786591241641,0.7232975326518292,0.24285822462696716
1,All Population,2,DALYs (Disability-Adjusted Life Years),213,Niger,3,Both,27,Age-standardized,543,Alzheimer's disease and other dementias,169,All risk factors,3,Rate,2016,176.9381573852237,437.3346752992634,56.03072324186454
1,All Population,2,DALYs (Disability-Adjusted Life Years),209,Guinea-Bissau,3,Both,27,Age-standardized,543,Alzheimer's disease and other dementias,169,All risk factors,2,Percent,2016,0.5073429718464396,0.7136655610735183,0.24590227300147982
1,All Population,2,DALYs (Disability-Adjusted Life Years),209,Guinea-Bissau,3,Both,27,Age-standardized,543,Alzheimer's disease and other dementias,169,All risk factors,3,Rate,2016,174.60612537811812,437.06732500617665,51.16890742783275
1,All Population,2,DALYs (Disability-Adjusted Life Years),201,Burkina Faso,3,Both,27,Age-standardized,543,Alzheimer's disease and other dementias,169,All risk factors,2,Percent,2016,0.45367616787018383,0.692444197916603,0.16237401912466334
1,All Population,2,DALYs (Disability-Adjusted Life Years),201,Burkina Faso,3,Both,27,Age-standardized,543,Alzheimer's disease and other dementias,169,All risk factors,3,Rate,2016,179.425533250752,458.2087576586441,43.367464896091796
1,All Population,2,DALYs (Disability-Adjusted Life Years),217,Sierra Leone,3,Both,27,Age-standardized,543,Alzheimer's disease and other dementias,169,All risk factors,2,Percent,2016,0.5081054677571001,0.7150685853618247,0.24485791779498653
1,All Population,2,DALYs (Disability-Adjusted Life Years),217,Sierra Leone,3,Both,27,Age-standardized,543,Alzheimer's disease and other dementias,169,All risk factors,3,Rate,2016,169.08806789793394,422.24398827583303,51.633404808062274
1,All Population,2,DALYs (Disability-Adjusted Life Years),205,Côte d'Ivoire,3,Both,27,Age-standardized,543,Alzheimer's disease and other dementias,169,All risk factors,2,Percent,2015,0.4831754625906621,0.6966882901652864,0.23152269351753388
1,All Population,2,DALYs (Disability-Adjusted Life Years),205,Côte d'Ivoire,3,Both,27,Age-standardized,543,Alzheimer's disease and other dementias,169,All risk factors,3,Rate,2015,145.29063155030855,349.97888476725905,44.478997075518066
1,All Population,2,DALYs (Disability-Adjusted Life Years),212,Mauritania,3,Both,27,Age-standardized,543,Alzheimer's disease and other dementias,169,All risk factors,2,Percent,2017,0.574290981679368,0.742589169515856,0.34693385465568394
1,All Population,2,DALYs (Disability-Adjusted Life Years),212,Mauritania,3,Both,27,Age-standardized,543,Alzheimer's disease and other dementias,169,All risk factors,3,Rate,2017,206.6662883586964,488.83891507138856,67.34595899189027
1,All Population,2,DALYs (Disability-Adjusted Life Years),204,Chad,3,Both,27,Age-standardized,543,Alzheimer's disease and other dementias,169,All risk factors,2,Percent,2017,0.5306625541284575,0.7333044828763177,0.2756095354029312
1,All Population,2,DALYs (Disability-Adjusted Life Years),204,Chad,3,Both,27,Age-standardized,543,Alzheimer's disease and other dementias,169,All risk factors,3,Rate,2017,177.24597906363783,446.0106392518129,55.80084413242253
1,All Population,2,DALYs (Disability-Adjusted Life Years),216,Senegal,3,Both,27,Age-standardized,543,Alzheimer's disease and other dementias,169,All risk factors,2,Percent,2018,0.5464145401561493,0.728391616827377,0.3122423947565768
1,All Population,2,DALYs (Disability-Adjusted Life Years),216,Senegal,3,Both,27,Age-standardized,543,Alzheimer's disease and other dementias,169,All risk factors,3,Rate,2018,183.95430747313503,422.26458058656846,61.70524164667985
1,All Population,2,DALYs (Disability-Adjusted Life Years),216,Senegal,3,Both,27,Age-standardized,543,Alzheimer's disease and other dementias,169,All risk factors,2,Percent,2017,0.5469655351483651,0.7330133636407637,0.3086374241267847
1,All Population,2,DALYs (Disability-Adjusted Life Years),216,Senegal,3,Both,27,Age-standardized,543,Alzheimer's disease and other dementias,169,All risk factors,3,Rate,2017,184.1700084668091,423.79919766185037,62.30675178759727
1,All Population,2,DALYs (Disability-Adjusted Life Years),207,Ghana,3,Both,27,Age-standardized,543,Alzheimer's disease and other dementias,169,All risk factors,2,Percent,2022,0.5341285985137518,0.723268717745365,0.2852682100354753
1,All Population,2,DALYs (Disability-Adjusted Life Years),207,Ghana,3,Both,27,Age-standardized,543,Alzheimer's disease and other dementias,169,All risk factors,3,Rate,2022,184.04354330879787,442.0736510939377,57.410553453112
1,All Population,2,DALYs (Disability-Adjusted Life Years),211,Mali,3,Both,27,Age-standardized,543,Alzheimer's disease and other dementias,169,All risk factors,2,Percent,2021,0.5560367086865536,0.7413310094333936,0.30561070230412823
1,All Population,2,DALYs (Disability-Adjusted Life Years),211,Mali,3,Both,27,Age-standardized,543,Alzheimer's disease and other dementias,169,All risk factors,3,Rate,2021,160.26484617930652,359.59899296315575,54.35842880576504
1,All Population,2,DALYs (Disability-Adjusted Life Years),203,Cabo Verde,3,Both,27,Age-standardized,543,Alzheimer's disease and other dementias,169,All risk factors,2,Percent,2022,0.44648031324039567,0.6401028624421842,0.21523992243443885
1,All Population,2,DALYs (Disability-Adjusted Life Years),203,Cabo Verde,3,Both,27,Age-standardized,543,Alzheimer's disease and other dementias,169,All risk factors,3,Rate,2022,143.86012737192272,356.80556176944896,43.69284561635871
1,All Population,2,DALYs (Disability-Adjusted Life Years),202,Cameroon,3,Both,27,Age-standardized,543,Alzheimer's disease and other dementias,169,All risk factors,2,Percent,2017,0.5328324049181824,0.7280136077419078,0.26206022064618634
1,All Population,2,DALYs (Disability-Adjusted Life Years),202,Cameroon,3,Both,27,Age-standardized,543,Alzheimer's disease and other dementias,169,All risk factors,3,Rate,2017,189.1306328482507,472.9112049194076,55.544651957337024
1,All Population,2,DALYs (Disability-Adjusted Life Years),215,Sao Tome and Principe,3,Both,27,Age-standardized,543,Alzheimer's disease and other dementias,169,All risk factors,2,Percent,2022,0.43768072936332375,0.6363115523210572,0.20326159760423615
1,All Population,2,DALYs (Disability-Adjusted Life Years),215,Sao Tome and Principe,3,Both,27,Age-standardized,543,Alzheimer's disease and other dementias,169,All risk factors,3,Rate,2022,151.17573285082355,359.4889226565745,38.15861542123012
1,All Population,2,DALYs (Disability-Adjusted Life Years),206,Gambia,3,Both,27,Age-standardized,543,Alzheimer's disease and other dementias,169,All risk factors,2,Percent,2017,0.5392971498718686,0.7297796870616979,0.2862346284697843
1,All Population,2,DALYs (Disability-Adjusted Life Years),206,Gambia,3,Both,27,Age-standardized,543,Alzheimer's disease and other dementias,169,All risk factors,3,Rate,2017,165.11075776423274,400.9237855383153,54.52763240065139
1,All Population,2,DALYs (Disability-Adjusted Life Years),211,Mali,3,Both,27,Age-standardized,543,Alzheimer's disease and other dementias,169,All risk factors,2,Percent,2022,0.5570133304554866,0.7414237412631286,0.3059571273979923
1,All Population,2,DALYs (Disability-Adjusted Life Years),211,Mali,3,Both,27,Age-standardized,543,Alzheimer's disease and other dementias,169,All risk factors,3,Rate,2022,158.37231993229554,359.13578396839245,55.6737351795066
1,All Population,2,DALYs (Disability-Adjusted Life Years),210,Liberia,3,Both,27,Age-standardized,543,Alzheimer's disease and other dementias,169,All risk factors,2,Percent,2017,0.5212042943815903,0.7190109802524175,0.2541899122940451
1,All Population,2,DALYs (Disability-Adjusted Life Years),210,Liberia,3,Both,27,Age-standardized,543,Alzheimer's disease and other dementias,169,All risk factors,3,Rate,2017,184.22091248536722,444.35668512842744,53.951957483623865
1,All Population,2,DALYs (Disability-Adjusted Life Years),217,Sierra Leone,3,Both,27,Age-standardized,543,Alzheimer's disease and other dementias,169,All risk factors,2,Percent,2015,0.5076494673527562,0.7156682892415445,0.2444631274905225
1,All Population,2,DALYs (Disability-Adjusted Life Years),217,Sierra Leone,3,Both,27,Age-standardized,543,Alzheimer's disease and other dementias,169,All risk factors,3,Rate,2015,169.99701316455514,430.3942014077574,51.87140123348458
1,All Population,2,DALYs (Disability-Adjusted Life Years),218,Togo,3,Both,27,Age-standardized,543,Alzheimer's disease and other dementias,169,All risk factors,2,Percent,2017,0.5160910898621538,0.7167825285186451,0.2576934076714075
1,All Population,2,DALYs (Disability-Adjusted Life Years),218,Togo,3,Both,27,Age-standardized,543,Alzheimer's disease and other dementias,169,All risk factors,3,Rate,2017,166.12987224568425,407.4808795763517,51.17042556660981
1,All Population,2,DALYs (Disability-Adjusted Life Years),206,Gambia,3,Both,27,Age-standardized,543,Alzheimer's disease and other dementias,169,All risk factors,2,Percent,2018,0.5396003217007251,0.7304316111059512,0.28389635416236925
1,All Population,2,DALYs (Disability-Adjusted Life Years),206,Gambia,3,Both,27,Age-standardized,543,Alzheimer's disease and other dementias,169,All risk factors,3,Rate,2018,165.389111997776,399.1957281539559,54.49471369551988
1,All Population,2,DALYs (Disability-Adjusted Life Years),202,Cameroon,3,Both,27,Age-standardized,543,Alzheimer's disease and other dementias,169,All risk factors,2,Percent,2018,0.5334515782268235,0.7298809318543497,0.2609200122476698
1,All Population,2,DALYs (Disability-Adjusted Life Years),202,Cameroon,3,Both,27,Age-standardized,543,Alzheimer's disease and other dementias,169,All risk factors,3,Rate,2018,190.9876518670685,478.1532331196439,55.62692766723021
1,All Population,2,DALYs (Disability-Adjusted Life Years),210,Liberia,3,Both,27,Age-standardized,543,Alzheimer's disease and other dementias,169,All risk factors,2,Percent,2018,0.5219207552014142,0.7201280863788355,0.25207739107390775
1,All Population,2,DALYs (Disability-Adjusted Life Years),210,Liberia,3,Both,27,Age-standardized,543,Alzheimer's disease and other dementias,169,All risk factors,3,Rate,2018,183.9275586432875,450.10076200888557,54.68023886164874
1,All Population,2,DALYs (Disability-Adjusted Life Years),204,Chad,3,Both,27,Age-standardized,543,Alzheimer's disease and other dementias,169,All risk factors,2,Percent,2018,0.5312554541708953,0.7335628372521953,0.273763552294483
1,All Population,2,DALYs (Disability-Adjusted Life Years),204,Chad,3,Both,27,Age-standardized,543,Alzheimer's disease and other dementias,169,All risk factors,3,Rate,2018,178.06647148006618,443.39950542547376,55.406773646345826
1,All Population,2,DALYs (Disability-Adjusted Life Years),200,Benin,3,Both,27,Age-standardized,543,Alzheimer's disease and other dementias,169,All risk factors,2,Percent,2018,0.4850827796778026,0.7041691637251966,0.20558608118528265
1,All Population,2,DALYs (Disability-Adjusted Life Years),200,Benin,3,Both,27,Age-standardized,543,Alzheimer's disease and other dementias,169,All risk factors,3,Rate,2018,143.167429863544,356.9474607995829,40.93038281528513
1,All Population,2,DALYs (Disability-Adjusted Life Years),207,Ghana,3,Both,27,Age-standardized,543,Alzheimer's disease and other dementias,169,All risk factors,2,Percent,2023,0.5354979934615046,0.7267527296079139,0.28877391409002945
1,All Population,2,DALYs (Disability-Adjusted Life Years),207,Ghana,3,Both,27,Age-standardized,543,Alzheimer's disease and other dementias,169,All risk factors,3,Rate,2023,183.04756118063557,449.5457007363843,57.724004481241586
1,All Population,2,DALYs (Disability-Adjusted Life Years),215,Sao Tome and Principe,3,Both,27,Age-standardized,543,Alzheimer's disease and other dementias,169,All risk factors,2,Percent,2023,0.44276296013454597,0.6454613135009677,0.20065660047780448
1,All Population,2,DALYs (Disability-Adjusted Life Years),215,Sao Tome and Principe,3,Both,27,Age-standardized,543,Alzheimer's disease and other dementias,169,All risk factors,3,Rate,2023,155.9908646348385,390.60460992406917,41.35310119129428
1,All Population,2,DALYs (Disability-Adjusted Life Years),203,Cabo Verde,3,Both,27,Age-standardized,543,Alzheimer's disease and other dementias,169,All risk factors,2,Percent,2023,0.4625045393752519,0.6560679439358774,0.22108257094438166
1,All Population,2,DALYs (Disability-Adjusted Life Years),203,Cabo Verde,3,Both,27,Age-standardized,543,Alzheimer's disease and other dementias,169,All risk factors,3,Rate,2023,152.27445245579878,372.2195378306269,46.244051971571785
1,All Population,2,DALYs (Disability-Adjusted Life Years),211,Mali,3,Both,27,Age-standardized,543,Alzheimer's disease and other dementias,169,All risk factors,2,Percent,2023,0.5569543553710784,0.7398457659571895,0.3051223997418334
1,All Population,2,DALYs (Disability-Adjusted Life Years),211,Mali,3,Both,27,Age-standardized,543,Alzheimer's disease and other dementias,169,All risk factors,3,Rate,2023,159.64794217711568,356.81422246718165,55.23230925203208
1,All Population,2,DALYs (Disability-Adjusted Life Years),208,Guinea,3,Both,27,Age-standardized,543,Alzheimer's disease and other dementias,169,All risk factors,2,Percent,2018,0.4986818561526981,0.711549545520895,0.22952801161287908
1,All Population,2,DALYs (Disability-Adjusted Life Years),208,Guinea,3,Both,27,Age-standardized,543,Alzheimer's disease and other dementias,169,All risk factors,3,Rate,2018,158.04416086807666,377.54305018021705,48.09098623411039
1,All Population,2,DALYs (Disability-Adjusted Life Years),214,Nigeria,3,Both,27,Age-standardized,543,Alzheimer's disease and other dementias,169,All risk factors,2,Percent,2017,0.5039016969649978,0.7069863244145318,0.244830173955721
1,All Population,2,DALYs (Disability-Adjusted Life Years),214,Nigeria,3,Both,27,Age-standardized,543,Alzheimer's disease and other dementias,169,All risk factors,3,Rate,2017,148.35177783988513,366.9535429557952,45.2737878209624
1,All Population,2,DALYs (Disability-Adjusted Life Years),214,Nigeria,3,Both,27,Age-standardized,543,Alzheimer's disease and other dementias,169,All risk factors,2,Percent,2018,0.5044820524837705,0.7068986895370235,0.24469554924390835
1,All Population,2,DALYs (Disability-Adjusted Life Years),214,Nigeria,3,Both,27,Age-standardized,543,Alzheimer's disease and other dementias,169,All risk factors,3,Rate,2018,150.54896692787105,369.8637734908338,45.649682636538564
1,All Population,2,DALYs (Disability-Adjusted Life Years),218,Togo,3,Both,27,Age-standardized,543,Alzheimer's disease and other dementias,169,All risk factors,2,Percent,2018,0.5163352397756841,0.7164548067356789,0.2549813660369049
1,All Population,2,DALYs (Disability-Adjusted Life Years),218,Togo,3,Both,27,Age-standardized,543,Alzheimer's disease and other dementias,169,All risk factors,3,Rate,2018,168.05387685684963,407.62198856466705,51.74114871294638
1,All Population,2,DALYs (Disability-Adjusted Life Years),205,Côte d'Ivoire,3,Both,27,Age-standardized,543,Alzheimer's disease and other dementias,169,All risk factors,2,Percent,2017,0.4811135250836545,0.6926643032829707,0.22900874025303353
1,All Population,2,DALYs (Disability-Adjusted Life Years),205,Côte d'Ivoire,3,Both,27,Age-standardized,543,Alzheimer's disease and other dementias,169,All risk factors,3,Rate,2017,146.991501991571,357.2355597199984,46.04109408692284
1,All Population,2,DALYs (Disability-Adjusted Life Years),204,Chad,3,Both,27,Age-standardized,543,Alzheimer's disease and other dementias,169,All risk factors,2,Percent,2019,0.5319328179466614,0.7316708450705924,0.272702943832834
1,All Population,2,DALYs (Disability-Adjusted Life Years),204,Chad,3,Both,27,Age-standardized,543,Alzheimer's disease and other dementias,169,All risk factors,3,Rate,2019,178.87251657443744,445.2307444989437,55.34822281844013
1,All Population,2,DALYs (Disability-Adjusted Life Years),216,Senegal,3,Both,27,Age-standardized,543,Alzheimer's disease and other dementias,169,All risk factors,2,Percent,2019,0.5454992841827427,0.7278923143055493,0.30376342696793984
1,All Population,2,DALYs (Disability-Adjusted Life Years),216,Senegal,3,Both,27,Age-standardized,543,Alzheimer's disease and other dementias,169,All risk factors,3,Rate,2019,190.79062226237323,445.36473391508497,62.72925546311139
1,All Population,2,DALYs (Disability-Adjusted Life Years),200,Benin,3,Both,27,Age-standardized,543,Alzheimer's disease and other dementias,169,All risk factors,2,Percent,2019,0.4854792484493306,0.7031517015679946,0.2072758152056027
1,All Population,2,DALYs (Disability-Adjusted Life Years),200,Benin,3,Both,27,Age-standardized,543,Alzheimer's disease and other dementias,169,All risk factors,3,Rate,2019,146.0047690528487,362.3627173727463,42.002770060662655
1,All Population,2,DALYs (Disability-Adjusted Life Years),212,Mauritania,3,Both,27,Age-standardized,543,Alzheimer's disease and other dementias,169,All risk factors,2,Percent,2019,0.5744870614886939,0.7443213351988234,0.3551687831011482
1,All Population,2,DALYs (Disability-Adjusted Life Years),212,Mauritania,3,Both,27,Age-standardized,543,Alzheimer's disease and other dementias,169,All risk factors,3,Rate,2019,214.99211446307925,510.4681175387676,69.59820188246107
1,All Population,2,DALYs (Disability-Adjusted Life Years),208,Guinea,3,Both,27,Age-standardized,543,Alzheimer's disease and other dementias,169,All risk factors,2,Percent,2019,0.49874451888961985,0.7110268935594594,0.22868210938012218
1,All Population,2,DALYs (Disability-Adjusted Life Years),208,Guinea,3,Both,27,Age-standardized,543,Alzheimer's disease and other dementias,169,All risk factors,3,Rate,2019,160.01193855773624,382.91193195568826,48.5330791515848
1,All Population,2,DALYs (Disability-Adjusted Life Years),210,Liberia,3,Both,27,Age-standardized,543,Alzheimer's disease and other dementias,169,All risk factors,2,Percent,2019,0.5225874951304385,0.7194261757034441,0.2501922139473136
1,All Population,2,DALYs (Disability-Adjusted Life Years),210,Liberia,3,Both,27,Age-standardized,543,Alzheimer's disease and other dementias,169,All risk factors,3,Rate,2019,187.08178181477135,457.94196428076174,55.009872898941396
1,All Population,2,DALYs (Disability-Adjusted Life Years),201,Burkina Faso,3,Both,27,Age-standardized,543,Alzheimer's disease and other dementias,169,All risk factors,2,Percent,2017,0.4535705644729072,0.6908439756177049,0.16358529877976152
1,All Population,2,DALYs (Disability-Adjusted Life Years),201,Burkina Faso,3,Both,27,Age-standardized,543,Alzheimer's disease and other dementias,169,All risk factors,3,Rate,2017,181.11112016413014,456.0830445831963,43.82585848926076
1,All Population,2,DALYs (Disability-Adjusted Life Years),200,Benin,3,Both,27,Age-standardized,543,Alzheimer's disease and other dementias,169,All risk factors,2,Percent,2020,0.4860191447509023,0.7038132126130211,0.20700290249711242
1,All Population,2,DALYs (Disability-Adjusted Life Years),200,Benin,3,Both,27,Age-standardized,543,Alzheimer's disease and other dementias,169,All risk factors,3,Rate,2020,147.0422827484706,363.08532181973123,42.189973769490805
1,All Population,2,DALYs (Disability-Adjusted Life Years),203,Cabo Verde,3,Both,27,Age-standardized,543,Alzheimer's disease and other dementias,169,All risk factors,2,Percent,2013,0.4597242943380207,0.6556859932913541,0.21935640715287022
1,All Population,2,DALYs (Disability-Adjusted Life Years),203,Cabo Verde,3,Both,27,Age-standardized,543,Alzheimer's disease and other dementias,169,All risk factors,3,Rate,2013,148.0760192111429,365.22908083908175,45.707547518569434
1,All Population,2,DALYs (Disability-Adjusted Life Years),207,Ghana,3,Both,27,Age-standardized,543,Alzheimer's disease and other dementias,169,All risk factors,2,Percent,2013,0.5300555498435168,0.7241817658652551,0.2927686717373505
1,All Population,2,DALYs (Disability-Adjusted Life Years),207,Ghana,3,Both,27,Age-standardized,543,Alzheimer's disease and other dementias,169,All risk factors,3,Rate,2013,166.5052141754494,405.29933596602336,56.580126620009324
1,All Population,2,DALYs (Disability-Adjusted Life Years),215,Sao Tome and Principe,3,Both,27,Age-standardized,543,Alzheimer's disease and other dementias,169,All risk factors,2,Percent,2013,0.44358948290341893,0.6523435392702712,0.19010635852506882
1,All Population,2,DALYs (Disability-Adjusted Life Years),215,Sao Tome and Principe,3,Both,27,Age-standardized,543,Alzheimer's disease and other dementias,169,All risk factors,3,Rate,2013,160.36692452079282,405.4291749979925,38.96620153682894
1,All Population,2,DALYs (Disability-Adjusted Life Years),218,Togo,3,Both,27,Age-standardized,543,Alzheimer's disease and other dementias,169,All risk factors,2,Percent,2019,0.5164592640206925,0.7164122900325292,0.2545032285620852
1,All Population,2,DALYs (Disability-Adjusted Life Years),218,Togo,3,Both,27,Age-standardized,543,Alzheimer's disease and other dementias,169,All risk factors,3,Rate,2019,171.28183768937245,417.85323516698736,52.04430413034827
1,All Population,2,DALYs (Disability-Adjusted Life Years),208,Guinea,3,Both,27,Age-standardized,543,Alzheimer's disease and other dementias,169,All risk factors,2,Percent,2020,0.49876250876979256,0.7106959136489244,0.22909648588833886
1,All Population,2,DALYs (Disability-Adjusted Life Years),208,Guinea,3,Both,27,Age-standardized,543,Alzheimer's disease and other dementias,169,All risk factors,3,Rate,2020,162.71999352155572,398.7779818989605,49.06436291361249
1,All Population,2,DALYs (Disability-Adjusted Life Years),211,Mali,3,Both,27,Age-standardized,543,Alzheimer's disease and other dementias,169,All risk factors,2,Percent,2013,0.5552566042126288,0.7375312967891923,0.316457136792833
1,All Population,2,DALYs (Disability-Adjusted Life Years),211,Mali,3,Both,27,Age-standardized,543,Alzheimer's disease and other dementias,169,All risk factors,3,Rate,2013,169.13311577469779,396.5797716974015,59.6532916560952
1,All Population,2,DALYs (Disability-Adjusted Life Years),214,Nigeria,3,Both,27,Age-standardized,543,Alzheimer's disease and other dementias,169,All risk factors,2,Percent,2019,0.5052593900142557,0.7072121010394478,0.24520761671697008
1,All Population,2,DALYs (Disability-Adjusted Life Years),214,Nigeria,3,Both,27,Age-standardized,543,Alzheimer's disease and other dementias,169,All risk factors,3,Rate,2019,152.92901316331586,381.4805067307383,45.82700458240573
1,All Population,2,DALYs (Disability-Adjusted Life Years),205,Côte d'Ivoire,3,Both,27,Age-standardized,543,Alzheimer's disease and other dementias,169,All risk factors,2,Percent,2018,0.4789133983991355,0.689056164147796,0.22908732490475162
1,All Population,2,DALYs (Disability-Adjusted Life Years),205,Côte d'Ivoire,3,Both,27,Age-standardized,543,Alzheimer's disease and other dementias,169,All risk factors,3,Rate,2018,146.83473738497727,359.1791480645149,45.58910500324698
1,All Population,2,DALYs (Disability-Adjusted Life Years),204,Chad,3,Both,27,Age-standardized,543,Alzheimer's disease and other dementias,169,All risk factors,2,Percent,2020,0.5321707668803669,0.7328944955165031,0.2721264689672147
1,All Population,2,DALYs (Disability-Adjusted Life Years),204,Chad,3,Both,27,Age-standardized,543,Alzheimer's disease and other dementias,169,All risk factors,3,Rate,2020,180.13443549770747,450.05961492090364,54.907249154111504
1,All Population,2,DALYs (Disability-Adjusted Life Years),206,Gambia,3,Both,27,Age-standardized,543,Alzheimer's disease and other dementias,169,All risk factors,2,Percent,2019,0.5400367336829347,0.7315116392538408,0.2858076565229126
1,All Population,2,DALYs (Disability-Adjusted Life Years),206,Gambia,3,Both,27,Age-standardized,543,Alzheimer's disease and other dementias,169,All risk factors,3,Rate,2019,171.38652215691698,413.66206160942716,54.794296868774246
1,All Population,2,DALYs (Disability-Adjusted Life Years),213,Niger,3,Both,27,Age-standardized,543,Alzheimer's disease and other dementias,169,All risk factors,2,Percent,2018,0.5148754700802932,0.7233507428640654,0.24338942210412645
1,All Population,2,DALYs (Disability-Adjusted Life Years),213,Niger,3,Both,27,Age-standardized,543,Alzheimer's disease and other dementias,169,All risk factors,3,Rate,2018,180.87874769402487,444.185592380829,56.71006650486852
1,All Population,2,DALYs (Disability-Adjusted Life Years),201,Burkina Faso,3,Both,27,Age-standardized,543,Alzheimer's disease and other dementias,169,All risk factors,2,Percent,2018,0.45362686876293384,0.6903883199466401,0.16309346374088146
1,All Population,2,DALYs (Disability-Adjusted Life Years),201,Burkina Faso,3,Both,27,Age-standardized,543,Alzheimer's disease and other dementias,169,All risk factors,3,Rate,2018,180.78090820262346,454.40479062688127,43.025263161533765
1,All Population,2,DALYs (Disability-Adjusted Life Years),212,Mauritania,3,Both,27,Age-standardized,543,Alzheimer's disease and other dementias,169,All risk factors,2,Percent,2020,0.5747604464255957,0.744017880175617,0.3487654322928179
1,All Population,2,DALYs (Disability-Adjusted Life Years),212,Mauritania,3,Both,27,Age-standardized,543,Alzheimer's disease and other dementias,169,All risk factors,3,Rate,2020,204.01814113721397,480.6896897347146,66.20810372323454
1,All Population,2,DALYs (Disability-Adjusted Life Years),200,Benin,3,Both,27,Age-standardized,543,Alzheimer's disease and other dementias,169,All risk factors,2,Percent,2021,0.48690789400069356,0.7042869410049071,0.20577000573500723
1,All Population,2,DALYs (Disability-Adjusted Life Years),200,Benin,3,Both,27,Age-standardized,543,Alzheimer's disease and other dementias,169,All risk factors,3,Rate,2021,150.00004684686706,369.39446332377923,43.6919474744168
1,All Population,2,DALYs (Disability-Adjusted Life Years),216,Senegal,3,Both,27,Age-standardized,543,Alzheimer's disease and other dementias,169,All risk factors,2,Percent,2020,0.5450220275974064,0.7280933103794426,0.3007127385512181
1,All Population,2,DALYs (Disability-Adjusted Life Years),216,Senegal,3,Both,27,Age-standardized,543,Alzheimer's disease and other dementias,169,All risk factors,3,Rate,2020,179.66533734811674,429.5784829166281,59.173208057002654
1,All Population,2,DALYs (Disability-Adjusted Life Years),208,Guinea,3,Both,27,Age-standardized,543,Alzheimer's disease and other dementias,169,All risk factors,2,Percent,2021,0.49936115201401704,0.710626815168775,0.2296921163972722
1,All Population,2,DALYs (Disability-Adjusted Life Years),208,Guinea,3,Both,27,Age-standardized,543,Alzheimer's disease and other dementias,169,All risk factors,3,Rate,2021,162.0096892915334,399.53342736798345,48.680298095140294
1,All Population,2,DALYs (Disability-Adjusted Life Years),217,Sierra Leone,3,Both,27,Age-standardized,543,Alzheimer's disease and other dementias,169,All risk factors,2,Percent,2017,0.5083897970308984,0.7170390419791435,0.2447215361568046
1,All Population,2,DALYs (Disability-Adjusted Life Years),217,Sierra Leone,3,Both,27,Age-standardized,543,Alzheimer's disease and other dementias,169,All risk factors,3,Rate,2017,170.79182997825586,428.5439400198627,51.59731488605464
1,All Population,2,DALYs (Disability-Adjusted Life Years),209,Guinea-Bissau,3,Both,27,Age-standardized,543,Alzheimer's disease and other dementias,169,All risk factors,2,Percent,2017,0.5077400601667053,0.7137941133956567,0.24316064736535623
1,All Population,2,DALYs (Disability-Adjusted Life Years),209,Guinea-Bissau,3,Both,27,Age-standardized,543,Alzheimer's disease and other dementias,169,All risk factors,3,Rate,2017,176.03371406815168,440.34978765952434,51.70516398895202
1,All Population,2,DALYs (Disability-Adjusted Life Years),209,Guinea-Bissau,3,Both,27,Age-standardized,543,Alzheimer's disease and other dementias,169,All risk factors,2,Percent,2018,0.508153770747348,0.7148324407529169,0.23979545049009832
1,All Population,2,DALYs (Disability-Adjusted Life Years),209,Guinea-Bissau,3,Both,27,Age-standardized,543,Alzheimer's disease and other dementias,169,All risk factors,3,Rate,2018,177.71296554466105,440.2315368215407,51.73855668062179
1,All Population,2,DALYs (Disability-Adjusted Life Years),212,Mauritania,3,Both,27,Age-standardized,543,Alzheimer's disease and other dementias,169,All risk factors,2,Percent,2021,0.5754288754871649,0.7406367771391968,0.3529502926229611
1,All Population,2,DALYs (Disability-Adjusted Life Years),212,Mauritania,3,Both,27,Age-standardized,543,Alzheimer's disease and other dementias,169,All risk factors,3,Rate,2021,196.55357800452103,453.8692175529575,65.99204656395926
1,All Population,2,DALYs (Disability-Adjusted Life Years),213,Niger,3,Both,27,Age-standardized,543,Alzheimer's disease and other dementias,169,All risk factors,2,Percent,2017,0.5149157721272607,0.7230175650568076,0.24057202576898556
1,All Population,2,DALYs (Disability-Adjusted Life Years),213,Niger,3,Both,27,Age-standardized,543,Alzheimer's disease and other dementias,169,All risk factors,3,Rate,2017,179.94983385553456,446.15131267552056,57.05716676343198
1,All Population,2,DALYs (Disability-Adjusted Life Years),202,Cameroon,3,Both,27,Age-standardized,543,Alzheimer's disease and other dementias,169,All risk factors,2,Percent,2019,0.5343155530530286,0.7278775734591652,0.2639104876045076
1,All Population,2,DALYs (Disability-Adjusted Life Years),202,Cameroon,3,Both,27,Age-standardized,543,Alzheimer's disease and other dementias,169,All risk factors,3,Rate,2019,192.2763284425372,478.99163536455944,54.746570371525344
1,All Population,2,DALYs (Disability-Adjusted Life Years),204,Chad,3,Both,27,Age-standardized,543,Alzheimer's disease and other dementias,169,All risk factors,2,Percent,2021,0.5335372972103403,0.7334250169920045,0.27262335316487674
1,All Population,2,DALYs (Disability-Adjusted Life Years),204,Chad,3,Both,27,Age-standardized,543,Alzheimer's disease and other dementias,169,All risk factors,3,Rate,2021,181.0349312894894,444.10458751751503,55.612872433307444
1,All Population,2,DALYs (Disability-Adjusted Life Years),218,Togo,3,Both,27,Age-standardized,543,Alzheimer's disease and other dementias,169,All risk factors,2,Percent,2020,0.5171203997689531,0.7155679648048758,0.25270584812247854
1,All Population,2,DALYs (Disability-Adjusted Life Years),218,Togo,3,Both,27,Age-standardized,543,Alzheimer's disease and other dementias,169,All risk factors,3,Rate,2020,172.68555273302934,421.74921673723327,52.06208827897967
1,All Population,2,DALYs (Disability-Adjusted Life Years),210,Liberia,3,Both,27,Age-standardized,543,Alzheimer's disease and other dementias,169,All risk factors,2,Percent,2020,0.5234689136397729,0.7194424915455285,0.24919848319644577
1,All Population,2,DALYs (Disability-Adjusted Life Years),210,Liberia,3,Both,27,Age-standardized,543,Alzheimer's disease and other dementias,169,All risk factors,3,Rate,2020,172.16563681718338,414.46950411037074,52.32458448333108
1,All Population,2,DALYs (Disability-Adjusted Life Years),202,Cameroon,3,Both,27,Age-standardized,543,Alzheimer's disease and other dementias,169,All risk factors,2,Percent,2020,0.5357835858970915,0.7282623664122897,0.2611640620785688
1,All Population,2,DALYs (Disability-Adjusted Life Years),202,Cameroon,3,Both,27,Age-standardized,543,Alzheimer's disease and other dementias,169,All risk factors,3,Rate,2020,191.22383885821765,475.4952999909067,55.91187084966928
1,All Population,2,DALYs (Disability-Adjusted Life Years),217,Sierra Leone,3,Both,27,Age-standardized,543,Alzheimer's disease and other dementias,169,All risk factors,2,Percent,2018,0.5089156309619253,0.7163862842747339,0.24545845122630655
1,All Population,2,DALYs (Disability-Adjusted Life Years),217,Sierra Leone,3,Both,27,Age-standardized,543,Alzheimer's disease and other dementias,169,All risk factors,3,Rate,2018,171.1969917414611,423.4322799072391,51.313551452276386
1,All Population,2,DALYs (Disability-Adjusted Life Years),206,Gambia,3,Both,27,Age-standardized,543,Alzheimer's disease and other dementias,169,All risk factors,2,Percent,2021,0.5409532344927865,0.733718894661434,0.2859583119517826
1,All Population,2,DALYs (Disability-Adjusted Life Years),206,Gambia,3,Both,27,Age-standardized,543,Alzheimer's disease and other dementias,169,All risk factors,3,Rate,2021,156.14469984998323,374.9980384723598,52.87375993749208
1,All Population,2,DALYs (Disability-Adjusted Life Years),206,Gambia,3,Both,27,Age-standardized,543,Alzheimer's disease and other dementias,169,All risk factors,2,Percent,2020,0.540329015169834,0.7306995765838429,0.28495092559647694
1,All Population,2,DALYs (Disability-Adjusted Life Years),206,Gambia,3,Both,27,Age-standardized,543,Alzheimer's disease and other dementias,169,All risk factors,3,Rate,2020,163.3923465982715,387.93749854373726,53.257077636409356
1,All Population,2,DALYs (Disability-Adjusted Life Years),218,Togo,3,Both,27,Age-standardized,543,Alzheimer's disease and other dementias,169,All risk factors,2,Percent,2021,0.5175501652439466,0.7166003210074746,0.25292502099676306
1,All Population,2,DALYs (Disability-Adjusted Life Years),218,Togo,3,Both,27,Age-standardized,543,Alzheimer's disease and other dementias,169,All risk factors,3,Rate,2021,173.2869804038023,427.7041848001055,52.55049627914444
1,All Population,2,DALYs (Disability-Adjusted Life Years),210,Liberia,3,Both,27,Age-standardized,543,Alzheimer's disease and other dementias,169,All risk factors,2,Percent,2021,0.5250421345575251,0.7207207387738503,0.24910759872284788
1,All Population,2,DALYs (Disability-Adjusted Life Years),210,Liberia,3,Both,27,Age-standardized,543,Alzheimer's disease and other dementias,169,All risk factors,3,Rate,2021,156.7214220140619,375.73075940047096,51.000347149866236
1,All Population,2,DALYs (Disability-Adjusted Life Years),214,Nigeria,3,Both,27,Age-standardized,543,Alzheimer's disease and other dementias,169,All risk factors,2,Percent,2020,0.5065721553213351,0.7078725881137209,0.24553004619741026
1,All Population,2,DALYs (Disability-Adjusted Life Years),214,Nigeria,3,Both,27,Age-standardized,543,Alzheimer's disease and other dementias,169,All risk factors,3,Rate,2020,150.52457045765047,381.04624397736865,45.74451386488055
1,All Population,2,DALYs (Disability-Adjusted Life Years),202,Cameroon,3,Both,27,Age-standardized,543,Alzheimer's disease and other dementias,169,All risk factors,2,Percent,2021,0.5374249597804749,0.7299029839137422,0.2649001858292997
1,All Population,2,DALYs (Disability-Adjusted Life Years),202,Cameroon,3,Both,27,Age-standardized,543,Alzheimer's disease and other dementias,169,All risk factors,3,Rate,2021,196.01526965256545,490.80545481653076,56.080236320593535
1,All Population,2,DALYs (Disability-Adjusted Life Years),201,Burkina Faso,3,Both,27,Age-standardized,543,Alzheimer's disease and other dementias,169,All risk factors,2,Percent,2019,0.4536702443216319,0.6894149924882415,0.161603095285815
1,All Population,2,DALYs (Disability-Adjusted Life Years),201,Burkina Faso,3,Both,27,Age-standardized,543,Alzheimer's disease and other dementias,169,All risk factors,3,Rate,2019,182.24351827192132,455.29359487295073,42.73804613762875
1,All Population,2,DALYs (Disability-Adjusted Life Years),216,Senegal,3,Both,27,Age-standardized,543,Alzheimer's disease and other dementias,169,All risk factors,2,Percent,2021,0.5444624620212282,0.7293009605321891,0.29755788050804705
1,All Population,2,DALYs (Disability-Adjusted Life Years),216,Senegal,3,Both,27,Age-standardized,543,Alzheimer's disease and other dementias,169,All risk factors,3,Rate,2021,176.4903296231989,429.9027797652132,57.63890808640334
1,All Population,2,DALYs (Disability-Adjusted Life Years),205,Côte d'Ivoire,3,Both,27,Age-standardized,543,Alzheimer's disease and other dementias,169,All risk factors,2,Percent,2019,0.4769412482111418,0.6866371906753939,0.22647444572080794
1,All Population,2,DALYs (Disability-Adjusted Life Years),205,Côte d'Ivoire,3,Both,27,Age-standardized,543,Alzheimer's disease and other dementias,169,All risk factors,3,Rate,2019,147.69465341793105,366.2313197520244,44.947312344019885
1,All Population,2,DALYs (Disability-Adjusted Life Years),201,Burkina Faso,3,Both,27,Age-standardized,543,Alzheimer's disease and other dementias,169,All risk factors,2,Percent,2020,0.4541578282535682,0.689913733955634,0.16167379599905923
1,All Population,2,DALYs (Disability-Adjusted Life Years),201,Burkina Faso,3,Both,27,Age-standardized,543,Alzheimer's disease and other dementias,169,All risk factors,3,Rate,2020,176.94244627249716,438.47402980351995,41.16930565029418
1,All Population,2,DALYs (Disability-Adjusted Life Years),209,Guinea-Bissau,3,Both,27,Age-standardized,543,Alzheimer's disease and other dementias,169,All risk factors,2,Percent,2019,0.5085082008235834,0.7156476523463164,0.23806116561396437
1,All Population,2,DALYs (Disability-Adjusted Life Years),209,Guinea-Bissau,3,Both,27,Age-standardized,543,Alzheimer's disease and other dementias,169,All risk factors,3,Rate,2019,180.53552137502308,443.5904914461967,52.19067915217973
1,All Population,2,DALYs (Disability-Adjusted Life Years),217,Sierra Leone,3,Both,27,Age-standardized,543,Alzheimer's disease and other dementias,169,All risk factors,2,Percent,2020,0.50966141527707,0.7155023819985638,0.24410751107800427
1,All Population,2,DALYs (Disability-Adjusted Life Years),217,Sierra Leone,3,Both,27,Age-standardized,543,Alzheimer's disease and other dementias,169,All risk factors,3,Rate,2020,173.34924808644854,424.11016622161907,52.72404710521283
1,All Population,2,DALYs (Disability-Adjusted Life Years),213,Niger,3,Both,27,Age-standardized,543,Alzheimer's disease and other dementias,169,All risk factors,2,Percent,2020,0.5152985992927346,0.7232106942509972,0.24390711474931973
1,All Population,2,DALYs (Disability-Adjusted Life Years),213,Niger,3,Both,27,Age-standardized,543,Alzheimer's disease and other dementias,169,All risk factors,3,Rate,2020,180.50186629414955,450.620731304648,56.17856664948122
1,All Population,2,DALYs (Disability-Adjusted Life Years),212,Mauritania,3,Both,27,Age-standardized,543,Alzheimer's disease and other dementias,169,All risk factors,2,Percent,2022,0.5762191846990773,0.747564497718707,0.34797318092938545
1,All Population,2,DALYs (Disability-Adjusted Life Years),212,Mauritania,3,Both,27,Age-standardized,543,Alzheimer's disease and other dementias,169,All risk factors,3,Rate,2022,196.13577353641338,450.5168380161824,65.1844935175593
1,All Population,2,DALYs (Disability-Adjusted Life Years),208,Guinea,3,Both,27,Age-standardized,543,Alzheimer's disease and other dementias,169,All risk factors,2,Percent,2022,0.5000192472772049,0.7104468478662286,0.23004436100863085
1,All Population,2,DALYs (Disability-Adjusted Life Years),208,Guinea,3,Both,27,Age-standardized,543,Alzheimer's disease and other dementias,169,All risk factors,3,Rate,2022,154.9868979375617,374.840237536635,48.51965857467531
1,All Population,2,DALYs (Disability-Adjusted Life Years),200,Benin,3,Both,27,Age-standardized,543,Alzheimer's disease and other dementias,169,All risk factors,2,Percent,2022,0.4874008173349381,0.7040723838706959,0.20865835208351616
1,All Population,2,DALYs (Disability-Adjusted Life Years),200,Benin,3,Both,27,Age-standardized,543,Alzheimer's disease and other dementias,169,All risk factors,3,Rate,2022,154.71800336574088,375.0524286422094,45.504457825835075
1,All Population,2,DALYs (Disability-Adjusted Life Years),216,Senegal,3,Both,27,Age-standardized,543,Alzheimer's disease and other dementias,169,All risk factors,2,Percent,2022,0.5445241320746116,0.7306027709419187,0.30892765814119094
1,All Population,2,DALYs (Disability-Adjusted Life Years),216,Senegal,3,Both,27,Age-standardized,543,Alzheimer's disease and other dementias,169,All risk factors,3,Rate,2022,179.35868584263577,429.88527989998323,59.17724769874194
1,All Population,2,DALYs (Disability-Adjusted Life Years),213,Niger,3,Both,27,Age-standardized,543,Alzheimer's disease and other dementias,169,All risk factors,2,Percent,2019,0.5150698484993235,0.7212033028469353,0.2407185223242409
1,All Population,2,DALYs (Disability-Adjusted Life Years),213,Niger,3,Both,27,Age-standardized,543,Alzheimer's disease and other dementias,169,All risk factors,3,Rate,2019,184.21780786256534,449.78546783263715,57.492784704970006
1,All Population,2,DALYs (Disability-Adjusted Life Years),204,Chad,3,Both,27,Age-standardized,543,Alzheimer's disease and other dementias,169,All risk factors,2,Percent,2022,0.5343731135205961,0.7335137292502807,0.2725602494376005
1,All Population,2,DALYs (Disability-Adjusted Life Years),204,Chad,3,Both,27,Age-standardized,543,Alzheimer's disease and other dementias,169,All risk factors,3,Rate,2022,171.0692933174252,418.7490136923053,55.03142907702598
1,All Population,2,DALYs (Disability-Adjusted Life Years),205,Côte d'Ivoire,3,Both,27,Age-standardized,543,Alzheimer's disease and other dementias,169,All risk factors,2,Percent,2020,0.47566334058111737,0.6823579154221909,0.22621233882943217
1,All Population,2,DALYs (Disability-Adjusted Life Years),205,Côte d'Ivoire,3,Both,27,Age-standardized,543,Alzheimer's disease and other dementias,169,All risk factors,3,Rate,2020,146.64835810667603,363.54685890488685,45.14161224644089
1,All Population,2,DALYs (Disability-Adjusted Life Years),209,Guinea-Bissau,3,Both,27,Age-standardized,543,Alzheimer's disease and other dementias,169,All risk factors,2,Percent,2020,0.5088149527760458,0.714844532725573,0.23716817385340877
1,All Population,2,DALYs (Disability-Adjusted Life Years),209,Guinea-Bissau,3,Both,27,Age-standardized,543,Alzheimer's disease and other dementias,169,All risk factors,3,Rate,2020,176.97153113667125,435.20682944604755,52.21470378100625
1,All Population,2,DALYs (Disability-Adjusted Life Years),206,Gambia,3,Both,27,Age-standardized,543,Alzheimer's disease and other dementias,169,All risk factors,2,Percent,2022,0.5419110261486947,0.7346256855319575,0.28228400951027416
1,All Population,2,DALYs (Disability-Adjusted Life Years),206,Gambia,3,Both,27,Age-standardized,543,Alzheimer's disease and other dementias,169,All risk factors,3,Rate,2022,155.76826181299927,358.7613350352465,53.36881172903372
1,All Population,2,DALYs (Disability-Adjusted Life Years),217,Sierra Leone,3,Both,27,Age-standardized,543,Alzheimer's disease and other dementias,169,All risk factors,2,Percent,2019,0.509274276520039,0.7176219248148445,0.24364692699269197
1,All Population,2,DALYs (Disability-Adjusted Life Years),217,Sierra Leone,3,Both,27,Age-standardized,543,Alzheimer's disease and other dementias,169,All risk factors,3,Rate,2019,173.56731167931488,416.3336283696245,53.05440497184904
1,All Population,2,DALYs (Disability-Adjusted Life Years),210,Liberia,3,Both,27,Age-standardized,543,Alzheimer's disease and other dementias,169,All risk factors,2,Percent,2023,0.5276740138108441,0.7241970661718731,0.25253748937428716
1,All Population,2,DALYs (Disability-Adjusted Life Years),210,Liberia,3,Both,27,Age-standardized,543,Alzheimer's disease and other dementias,169,All risk factors,3,Rate,2023,177.73692072360583,454.890415463938,54.51880502606974
1,All Population,2,DALYs (Disability-Adjusted Life Years),214,Nigeria,3,Both,27,Age-standardized,543,Alzheimer's disease and other dementias,169,All risk factors,2,Percent,2021,0.50866762167847,0.7096093895931874,0.24708061744072715
1,All Population,2,DALYs (Disability-Adjusted Life Years),214,Nigeria,3,Both,27,Age-standardized,543,Alzheimer's disease and other dementias,169,All risk factors,3,Rate,2021,154.6476249480345,390.3425966711491,46.55274815941939
1,All Population,2,DALYs (Disability-Adjusted Life Years),213,Niger,3,Both,27,Age-standardized,543,Alzheimer's disease and other dementias,169,All risk factors,2,Percent,2021,0.5156371457126336,0.7233300192600551,0.2436785548610232
1,All Population,2,DALYs (Disability-Adjusted Life Years),213,Niger,3,Both,27,Age-standardized,543,Alzheimer's disease and other dementias,169,All risk factors,3,Rate,2021,181.23360257261925,447.7947399177402,56.21194227222808
1,All Population,2,DALYs (Disability-Adjusted Life Years),216,Senegal,3,Both,27,Age-standardized,543,Alzheimer's disease and other dementias,169,All risk factors,2,Percent,2023,0.5470182422100123,0.7310468590018124,0.30468834038045634
1,All Population,2,DALYs (Disability-Adjusted Life Years),216,Senegal,3,Both,27,Age-standardized,543,Alzheimer's disease and other dementias,169,All risk factors,3,Rate,2023,184.07521908863228,427.68563308261736,59.81716718435105
1,All Population,2,DALYs (Disability-Adjusted Life Years),200,Benin,3,Both,27,Age-standardized,543,Alzheimer's disease and other dementias,169,All risk factors,2,Percent,2023,0.4895180950458836,0.7066840688275824,0.20748014779928556
1,All Population,2,DALYs (Disability-Adjusted Life Years),200,Benin,3,Both,27,Age-standardized,543,Alzheimer's disease and other dementias,169,All risk factors,3,Rate,2023,154.46990874522777,375.0336051402995,48.644877048261705
1,All Population,2,DALYs (Disability-Adjusted Life Years),204,Chad,3,Both,27,Age-standardized,543,Alzheimer's disease and other dementias,169,All risk factors,2,Percent,2023,0.5348305868909184,0.7336088399867143,0.27480379705731783
1,All Population,2,DALYs (Disability-Adjusted Life Years),204,Chad,3,Both,27,Age-standardized,543,Alzheimer's disease and other dementias,169,All risk factors,3,Rate,2023,168.77022557198015,401.2442753316376,57.14826445911771
1,All Population,2,DALYs (Disability-Adjusted Life Years),217,Sierra Leone,3,Both,27,Age-standardized,543,Alzheimer's disease and other dementias,169,All risk factors,2,Percent,2021,0.5103464709871054,0.7177846661256936,0.24368948173342228
1,All Population,2,DALYs (Disability-Adjusted Life Years),217,Sierra Leone,3,Both,27,Age-standardized,543,Alzheimer's disease and other dementias,169,All risk factors,3,Rate,2021,174.85736246112117,422.32628444120735,54.22216786646402
1,All Population,2,DALYs (Disability-Adjusted Life Years),208,Guinea,3,Both,27,Age-standardized,543,Alzheimer's disease and other dementias,169,All risk factors,2,Percent,2023,0.5005925879407989,0.7100086619786555,0.2305791130486298
1,All Population,2,DALYs (Disability-Adjusted Life Years),208,Guinea,3,Both,27,Age-standardized,543,Alzheimer's disease and other dementias,169,All risk factors,3,Rate,2023,153.68485370375154,373.88192099960156,47.69018637874278
1,All Population,2,DALYs (Disability-Adjusted Life Years),205,Côte d'Ivoire,3,Both,27,Age-standardized,543,Alzheimer's disease and other dementias,169,All risk factors,2,Percent,2021,0.47518667976023105,0.680535599575038,0.22414688131269256
1,All Population,2,DALYs (Disability-Adjusted Life Years),205,Côte d'Ivoire,3,Both,27,Age-standardized,543,Alzheimer's disease and other dementias,169,All risk factors,3,Rate,2021,144.00508718803678,352.3656907589096,43.95458676517427
1,All Population,2,DALYs (Disability-Adjusted Life Years),212,Mauritania,3,Both,27,Age-standardized,543,Alzheimer's disease and other dementias,169,All risk factors,2,Percent,2023,0.577137859141998,0.7470353259790307,0.34227895763917665
1,All Population,2,DALYs (Disability-Adjusted Life Years),212,Mauritania,3,Both,27,Age-standardized,543,Alzheimer's disease and other dementias,169,All risk factors,3,Rate,2023,205.85156674561665,481.2229719958796,68.43974529389035
1,All Population,2,DALYs (Disability-Adjusted Life Years),209,Guinea-Bissau,3,Both,27,Age-standardized,543,Alzheimer's disease and other dementias,169,All risk factors,2,Percent,2021,0.5094385278237225,0.715048177871705,0.2363293042418112
1,All Population,2,DALYs (Disability-Adjusted Life Years),209,Guinea-Bissau,3,Both,27,Age-standardized,543,Alzheimer's disease and other dementias,169,All risk factors,3,Rate,2021,175.87237901316098,436.31970516598824,51.71930530067006
1,All Population,2,DALYs (Disability-Adjusted Life Years),210,Liberia,3,Both,27,Age-standardized,543,Alzheimer's disease and other dementias,169,All risk factors,2,Percent,2022,0.5262371284855554,0.721304241036838,0.24920119429708937
1,All Population,2,DALYs (Disability-Adjusted Life Years),210,Liberia,3,Both,27,Age-standardized,543,Alzheimer's disease and other dementias,169,All risk factors,3,Rate,2022,175.13223108748014,424.39556003680894,54.140928243577655
1,All Population,2,DALYs (Disability-Adjusted Life Years),201,Burkina Faso,3,Both,27,Age-standardized,543,Alzheimer's disease and other dementias,169,All risk factors,2,Percent,2021,0.45462165911080893,0.6901072368853554,0.16106813217268387
1,All Population,2,DALYs (Disability-Adjusted Life Years),201,Burkina Faso,3,Both,27,Age-standardized,543,Alzheimer's disease and other dementias,169,All risk factors,3,Rate,2021,178.017830933935,442.9953625311034,42.0913163717326
1,All Population,2,DALYs (Disability-Adjusted Life Years),205,Côte d'Ivoire,3,Both,27,Age-standardized,543,Alzheimer's disease and other dementias,169,All risk factors,2,Percent,2022,0.4749933279801911,0.6811184275952842,0.22504154037865537
1,All Population,2,DALYs (Disability-Adjusted Life Years),205,Côte d'Ivoire,3,Both,27,Age-standardized,543,Alzheimer's disease and other dementias,169,All risk factors,3,Rate,2022,139.11291439693608,344.7656308741915,44.01276152913614
1,All Population,2,DALYs (Disability-Adjusted Life Years),201,Burkina Faso,3,Both,27,Age-standardized,543,Alzheimer's disease and other dementias,169,All risk factors,2,Percent,2022,0.4548858830089697,0.6907811349075446,0.16111282338318175
1,All Population,2,DALYs (Disability-Adjusted Life Years),201,Burkina Faso,3,Both,27,Age-standardized,543,Alzheimer's disease and other dementias,169,All risk factors,3,Rate,2022,172.46721822004181,429.206512407771,41.21445442807375
1,All Population,2,DALYs (Disability-Adjusted Life Years),209,Guinea-Bissau,3,Both,27,Age-standardized,543,Alzheimer's disease and other dementias,169,All risk factors,2,Percent,2022,0.5100007989874622,0.7146659877608686,0.23603787602905485
1,All Population,2,DALYs (Disability-Adjusted Life Years),209,Guinea-Bissau,3,Both,27,Age-standardized,543,Alzheimer's disease and other dementias,169,All risk factors,3,Rate,2022,168.53598331648126,415.3712752033944,50.91361051329729
1,All Population,2,DALYs (Disability-Adjusted Life Years),218,Togo,3,Both,27,Age-standardized,543,Alzheimer's disease and other dementias,169,All risk factors,2,Percent,2023,0.519721047274318,0.7186212823121563,0.25139965604743597
1,All Population,2,DALYs (Disability-Adjusted Life Years),218,Togo,3,Both,27,Age-standardized,543,Alzheimer's disease and other dementias,169,All risk factors,3,Rate,2023,168.37720627751227,398.14329329899135,53.184072350631475
1,All Population,2,DALYs (Disability-Adjusted Life Years),214,Nigeria,3,Both,27,Age-standardized,543,Alzheimer's disease and other dementias,169,All risk factors,2,Percent,2023,0.5131622937579057,0.7128111119334483,0.25077194163253547
1,All Population,2,DALYs (Disability-Adjusted Life Years),214,Nigeria,3,Both,27,Age-standardized,543,Alzheimer's disease and other dementias,169,All risk factors,3,Rate,2023,148.0969271543274,358.52016075737436,46.04080705282978
1,All Population,2,DALYs (Disability-Adjusted Life Years),202,Cameroon,3,Both,27,Age-standardized,543,Alzheimer's disease and other dementias,169,All risk factors,2,Percent,2023,0.5419005692280366,0.7343537750514345,0.26747765650065114
1,All Population,2,DALYs (Disability-Adjusted Life Years),202,Cameroon,3,Both,27,Age-standardized,543,Alzheimer's disease and other dementias,169,All risk factors,3,Rate,2023,194.13336664093956,483.00177971078404,55.97159248439088
1,All Population,2,DALYs (Disability-Adjusted Life Years),206,Gambia,3,Both,27,Age-standardized,543,Alzheimer's disease and other dementias,169,All risk factors,2,Percent,2023,0.5433228085019148,0.7357851042853212,0.2878359607876783
1,All Population,2,DALYs (Disability-Adjusted Life Years),206,Gambia,3,Both,27,Age-standardized,543,Alzheimer's disease and other dementias,169,All risk factors,3,Rate,2023,157.61096978671998,362.70243596048994,52.392425468889044
1,All Population,2,DALYs (Disability-Adjusted Life Years),200,Benin,3,Both,27,Age-standardized,543,Alzheimer's disease and other dementias,169,All risk factors,2,Percent,2013,0.4813898752982302,0.702815271121582,0.2079800188850902
1,All Population,2,DALYs (Disability-Adjusted Life Years),200,Benin,3,Both,27,Age-standardized,543,Alzheimer's disease and other dementias,169,All risk factors,3,Rate,2013,146.80304794673242,362.30995173378744,43.49682248446526
1,All Population,2,DALYs (Disability-Adjusted Life Years),212,Mauritania,3,Both,27,Age-standardized,543,Alzheimer's disease and other dementias,169,All risk factors,2,Percent,2013,0.5720881407158134,0.7447473835615551,0.3452371804485494
1,All Population,2,DALYs (Disability-Adjusted Life Years),212,Mauritania,3,Both,27,Age-standardized,543,Alzheimer's disease and other dementias,169,All risk factors,3,Rate,2013,204.6364366955909,497.8338817121011,68.36365120180812
1,All Population,2,DALYs (Disability-Adjusted Life Years),216,Senegal,3,Both,27,Age-standardized,543,Alzheimer's disease and other dementias,169,All risk factors,2,Percent,2013,0.5455472521967586,0.7312543214811797,0.3171213794419684
1,All Population,2,DALYs (Disability-Adjusted Life Years),216,Senegal,3,Both,27,Age-standardized,543,Alzheimer's disease and other dementias,169,All risk factors,3,Rate,2013,180.48337836584247,440.4951065330411,61.941818656581084
1,All Population,2,DALYs (Disability-Adjusted Life Years),208,Guinea,3,Both,27,Age-standardized,543,Alzheimer's disease and other dementias,169,All risk factors,2,Percent,2013,0.4977806398857177,0.7112216686075024,0.23265794111044175
1,All Population,2,DALYs (Disability-Adjusted Life Years),208,Guinea,3,Both,27,Age-standardized,543,Alzheimer's disease and other dementias,169,All risk factors,3,Rate,2013,158.49518832212107,401.3640829795364,49.56926272661434
1,All Population,2,DALYs (Disability-Adjusted Life Years),213,Niger,3,Both,27,Age-standardized,543,Alzheimer's disease and other dementias,169,All risk factors,2,Percent,2022,0.5161047894242454,0.7249742759626698,0.24388996730426005
1,All Population,2,DALYs (Disability-Adjusted Life Years),213,Niger,3,Both,27,Age-standardized,543,Alzheimer's disease and other dementias,169,All risk factors,3,Rate,2022,181.16560228114045,447.7847955608631,56.16011846352533
1,All Population,2,DALYs (Disability-Adjusted Life Years),218,Togo,3,Both,27,Age-standardized,543,Alzheimer's disease and other dementias,169,All risk factors,2,Percent,2022,0.5180721466236676,0.717181907322692,0.2508578602217279
1,All Population,2,DALYs (Disability-Adjusted Life Years),218,Togo,3,Both,27,Age-standardized,543,Alzheimer's disease and other dementias,169,All risk factors,3,Rate,2022,168.9534390032075,415.38289624982224,53.09302183081567
1,All Population,2,DALYs (Disability-Adjusted Life Years),204,Chad,3,Both,27,Age-standardized,543,Alzheimer's disease and other dementias,169,All risk factors,2,Percent,2013,0.5286116456587633,0.7298233870577081,0.279349483017038
1,All Population,2,DALYs (Disability-Adjusted Life Years),204,Chad,3,Both,27,Age-standardized,543,Alzheimer's disease and other dementias,169,All risk factors,3,Rate,2013,177.45176127225304,439.25585116882235,56.86938721783208
1,All Population,2,DALYs (Disability-Adjusted Life Years),214,Nigeria,3,Both,27,Age-standardized,543,Alzheimer's disease and other dementias,169,All risk factors,2,Percent,2022,0.5112056781910972,0.7110617526576194,0.2491736437944689
1,All Population,2,DALYs (Disability-Adjusted Life Years),214,Nigeria,3,Both,27,Age-standardized,543,Alzheimer's disease and other dementias,169,All risk factors,3,Rate,2022,149.89767564679676,372.01060750881106,46.1570302825464
1,All Population,2,DALYs (Disability-Adjusted Life Years),202,Cameroon,3,Both,27,Age-standardized,543,Alzheimer's disease and other dementias,169,All risk factors,2,Percent,2022,0.5399078751658634,0.7311174424909007,0.2658158288110579
1,All Population,2,DALYs (Disability-Adjusted Life Years),202,Cameroon,3,Both,27,Age-standardized,543,Alzheimer's disease and other dementias,169,All risk factors,3,Rate,2022,194.54841389325915,488.5387948359205,55.76421635279351
1,All Population,2,DALYs (Disability-Adjusted Life Years),217,Sierra Leone,3,Both,27,Age-standardized,543,Alzheimer's disease and other dementias,169,All risk factors,2,Percent,2022,0.5111606972932923,0.7172633755312309,0.24406958784149152
1,All Population,2,DALYs (Disability-Adjusted Life Years),217,Sierra Leone,3,Both,27,Age-standardized,543,Alzheimer's disease and other dementias,169,All risk factors,3,Rate,2022,171.6781699665402,406.59051355174114,53.743494353754535
1,All Population,2,DALYs (Disability-Adjusted Life Years),213,Niger,3,Both,27,Age-standardized,543,Alzheimer's disease and other dementias,169,All risk factors,2,Percent,2023,0.5162442477679549,0.7238155211018266,0.24429518194446065
1,All Population,2,DALYs (Disability-Adjusted Life Years),213,Niger,3,Both,27,Age-standardized,543,Alzheimer's disease and other dementias,169,All risk factors,3,Rate,2023,176.79871613700243,439.821784364728,55.59194085095993
1,All Population,2,DALYs (Disability-Adjusted Life Years),201,Burkina Faso,3,Both,27,Age-standardized,543,Alzheimer's disease and other dementias,169,All risk factors,2,Percent,2023,0.45504977886935977,0.6904420134587594,0.16282269939343633
1,All Population,2,DALYs (Disability-Adjusted Life Years),201,Burkina Faso,3,Both,27,Age-standardized,543,Alzheimer's disease and other dementias,169,All risk factors,3,Rate,2023,172.8923634831483,448.4260821640657,42.34335225551106
1,All Population,2,DALYs (Disability-Adjusted Life Years),205,Côte d'Ivoire,3,Both,27,Age-standardized,543,Alzheimer's disease and other dementias,169,All risk factors,2,Percent,2023,0.47694595365450176,0.6828537474916162,0.22653543896288275
1,All Population,2,DALYs (Disability-Adjusted Life Years),205,Côte d'Ivoire,3,Both,27,Age-standardized,543,Alzheimer's disease and other dementias,169,All risk factors,3,Rate,2023,138.501909459457,339.51589417649285,45.35733462482838
1,All Population,2,DALYs (Disability-Adjusted Life Years),218,Togo,3,Both,27,Age-standardized,543,Alzheimer's disease and other dementias,169,All risk factors,2,Percent,2013,0.5137496279724317,0.7154766658199765,0.2598224096155243
1,All Population,2,DALYs (Disability-Adjusted Life Years),218,Togo,3,Both,27,Age-standardized,543,Alzheimer's disease and other dementias,169,All risk factors,3,Rate,2013,163.4071611852601,404.0534738818667,50.867678865136014
1,All Population,2,DALYs (Disability-Adjusted Life Years),206,Gambia,3,Both,27,Age-standardized,543,Alzheimer's disease and other dementias,169,All risk factors,2,Percent,2013,0.5362356816036141,0.729859673649153,0.2840906320500018
1,All Population,2,DALYs (Disability-Adjusted Life Years),206,Gambia,3,Both,27,Age-standardized,543,Alzheimer's disease and other dementias,169,All risk factors,3,Rate,2013,153.54982000634934,362.1404804008763,52.80944913020282
1,All Population,2,DALYs (Disability-Adjusted Life Years),214,Nigeria,3,Both,27,Age-standardized,543,Alzheimer's disease and other dementias,169,All risk factors,2,Percent,2013,0.49975795607556406,0.7047646738599569,0.24752793543030877
1,All Population,2,DALYs (Disability-Adjusted Life Years),214,Nigeria,3,Both,27,Age-standardized,543,Alzheimer's disease and other dementias,169,All risk factors,3,Rate,2013,146.49433644365797,355.37042268893714,44.17070878328898
1,All Population,2,DALYs (Disability-Adjusted Life Years),210,Liberia,3,Both,27,Age-standardized,543,Alzheimer's disease and other dementias,169,All risk factors,2,Percent,2013,0.5173222197206031,0.7182232193046056,0.2538628318140666
1,All Population,2,DALYs (Disability-Adjusted Life Years),210,Liberia,3,Both,27,Age-standardized,543,Alzheimer's disease and other dementias,169,All risk factors,3,Rate,2013,190.38143085637554,473.8202579540933,56.0398790631956
1,All Population,2,DALYs (Disability-Adjusted Life Years),209,Guinea-Bissau,3,Both,27,Age-standardized,543,Alzheimer's disease and other dementias,169,All risk factors,2,Percent,2023,0.5110407985559982,0.7150936870294042,0.2371161635599378
1,All Population,2,DALYs (Disability-Adjusted Life Years),209,Guinea-Bissau,3,Both,27,Age-standardized,543,Alzheimer's disease and other dementias,169,All risk factors,3,Rate,2023,170.27537513545872,430.17925925770095,50.6797139417761
1,All Population,2,DALYs (Disability-Adjusted Life Years),217,Sierra Leone,3,Both,27,Age-standardized,543,Alzheimer's disease and other dementias,169,All risk factors,2,Percent,2023,0.511753530054557,0.7168997800002855,0.24640081145403048
1,All Population,2,DALYs (Disability-Adjusted Life Years),217,Sierra Leone,3,Both,27,Age-standardized,543,Alzheimer's disease and other dementias,169,All risk factors,3,Rate,2023,169.936332999546,414.4861614352836,53.311795418888956
1,All Population,2,DALYs (Disability-Adjusted Life Years),202,Cameroon,3,Both,27,Age-standardized,543,Alzheimer's disease and other dementias,169,All risk factors,2,Percent,2013,0.5265466674601679,0.7236300102551071,0.2554987935293107
1,All Population,2,DALYs (Disability-Adjusted Life Years),202,Cameroon,3,Both,27,Age-standardized,543,Alzheimer's disease and other dementias,169,All risk factors,3,Rate,2013,185.03766565256134,468.0227649712295,53.23471725805337
1,All Population,2,DALYs (Disability-Adjusted Life Years),201,Burkina Faso,3,Both,27,Age-standardized,543,Alzheimer's disease and other dementias,169,All risk factors,2,Percent,2013,0.45264960898665824,0.6929601321891757,0.1627841240891159
1,All Population,2,DALYs (Disability-Adjusted Life Years),201,Burkina Faso,3,Both,27,Age-standardized,543,Alzheimer's disease and other dementias,169,All risk factors,3,Rate,2013,179.97325185658235,450.995989136781,43.26164665558412
1,All Population,2,DALYs (Disability-Adjusted Life Years),205,Côte d'Ivoire,3,Both,27,Age-standardized,543,Alzheimer's disease and other dementias,169,All risk factors,2,Percent,2013,0.4826549602771969,0.6968053254113216,0.23530814495182265
1,All Population,2,DALYs (Disability-Adjusted Life Years),205,Côte d'Ivoire,3,Both,27,Age-standardized,543,Alzheimer's disease and other dementias,169,All risk factors,3,Rate,2013,146.05504740009152,353.84638178203033,45.561655620415756
1,All Population,2,DALYs (Disability-Adjusted Life Years),213,Niger,3,Both,27,Age-standardized,543,Alzheimer's disease and other dementias,169,All risk factors,2,Percent,2013,0.5144445735109517,0.7237006057926901,0.2461454319935303
1,All Population,2,DALYs (Disability-Adjusted Life Years),213,Niger,3,Both,27,Age-standardized,543,Alzheimer's disease and other dementias,169,All risk factors,3,Rate,2013,183.2589850844897,445.6500061773345,58.010704931023064
1,All Population,2,DALYs (Disability-Adjusted Life Years),217,Sierra Leone,3,Both,27,Age-standardized,543,Alzheimer's disease and other dementias,169,All risk factors,2,Percent,2013,0.5072303272819253,0.7172461188189279,0.2435239086438763
1,All Population,2,DALYs (Disability-Adjusted Life Years),217,Sierra Leone,3,Both,27,Age-standardized,543,Alzheimer's disease and other dementias,169,All risk factors,3,Rate,2013,171.403445976903,433.17541692486543,52.54056422120903
1,All Population,2,DALYs (Disability-Adjusted Life Years),209,Guinea-Bissau,3,Both,27,Age-standardized,543,Alzheimer's disease and other dementias,169,All risk factors,2,Percent,2013,0.5060486309407166,0.7142543503145075,0.24323178856434574
1,All Population,2,DALYs (Disability-Adjusted Life Years),209,Guinea-Bissau,3,Both,27,Age-standardized,543,Alzheimer's disease and other dementias,169,All risk factors,3,Rate,2013,172.595641601133,430.8681373697022,50.39999094389066
