population_group_id,population_group_name,measure_id,measure_name,location_id,location_name,sex_id,sex_name,age_id,age_name,cause_id,cause_name,metric_id,metric_name,year,val,upper,lower
1,All Population,1,Deaths,207,Ghana,3,Both,27,Age-standardized,543,Alzheimer's disease and other dementias,3,Rate,1981,15.818894060053932,42.880114738215866,3.5317132763767156
1,All Population,1,Deaths,206,Gambia,3,Both,27,Age-standardized,543,Alzheimer's disease and other dementias,3,Rate,1980,15.389759359766753,39.37413365894689,3.6516776584264545
1,All Population,1,Deaths,208,Guinea,3,Both,27,Age-standardized,543,Alzheimer's disease and other dementias,3,Rate,1981,19.0866978724705,51.43004885098254,4.378455012228866
1,All Population,1,Deaths,207,Ghana,3,Both,27,Age-standardized,543,Alzheimer's disease and other dementias,3,Rate,1980,15.76681970898126,43.4755793072175,3.55179469573667
1,All Population,1,Deaths,208,Guinea,3,Both,27,Age-standardized,543,Alzheimer's disease and other dementias,3,Rate,1980,19.08658779395276,51.88440862475339,4.451687687031368
1,All Population,1,Deaths,209,Guinea-Bissau,3,Both,27,Age-standardized,543,Alzheimer's disease and other dementias,3,Rate,1981,18.17214250839267,49.46471176438057,3.9084116829960602
1,All Population,1,Deaths,210,Liberia,3,Both,27,Age-standardized,543,Alzheimer's disease and other dementias,3,Rate,1981,20.126489196359117,54.91156683395644,4.659614298070325
1,All Population,1,Deaths,209,Guinea-Bissau,3,Both,27,Age-standardized,543,Alzheimer's disease and other dementias,3,Rate,1980,18.252172166769935,48.783443035984256,3.9770908442723223
1,All Population,1,Deaths,210,Liberia,3,Both,27,Age-standardized,543,Alzheimer's disease and other dementias,3,Rate,1980,20.075631731988334,55.41097068234913,4.610945728269451
1,All Population,1,Deaths,211,Mali,3,Both,27,Age-standardized,543,Alzheimer's disease and other dementias,3,Rate,1980,17.833375885734146,48.391663953457524,4.121852784974252
1,All Population,1,Deaths,214,Nigeria,3,Both,27,Age-standardized,543,Alzheimer's disease and other dementias,3,Rate,1981,15.388624848139445,41.97583225202537,3.383609696557388
1,All Population,1,Deaths,214,Nigeria,3,Both,27,Age-standardized,543,Alzheimer's disease and other dementias,3,Rate,1980,15.390378706386368,42.24741296411207,3.377199043040705
1,All Population,1,Deaths,215,Sao Tome and Principe,3,Both,27,Age-standardized,543,Alzheimer's disease and other dementias,3,Rate,1980,16.415746147483844,42.396017417585206,3.939060082972409
1,All Population,1,Deaths,200,Benin,3,Both,27,Age-standardized,543,Alzheimer's disease and other dementias,3,Rate,1981,17.303513935512154,48.75539521197646,4.007455956761024
1,All Population,1,Deaths,212,Mauritania,3,Both,27,Age-standardized,543,Alzheimer's disease and other dementias,3,Rate,1980,18.469846937445123,46.05028063520142,4.46743959308896
1,All Population,1,Deaths,216,Senegal,3,Both,27,Age-standardized,543,Alzheimer's disease and other dementias,3,Rate,1981,15.29667685984952,39.8295299431204,3.2962838433559174
1,All Population,1,Deaths,215,Sao Tome and Principe,3,Both,27,Age-standardized,543,Alzheimer's disease and other dementias,3,Rate,1981,16.533116154539925,42.87320124313611,3.9557958302908416
1,All Population,1,Deaths,216,Senegal,3,Both,27,Age-standardized,543,Alzheimer's disease and other dementias,3,Rate,1980,15.242302557320201,39.74111197301044,3.268781432425745
1,All Population,1,Deaths,201,Burkina Faso,3,Both,27,Age-standardized,543,Alzheimer's disease and other dementias,3,Rate,1981,25.019177800419104,63.45213803661107,5.862918015241499
1,All Population,1,Deaths,213,Niger,3,Both,27,Age-standardized,543,Alzheimer's disease and other dementias,3,Rate,1980,21.800123527541462,58.71754759258494,5.017663436020626
1,All Population,1,Deaths,205,Côte d'Ivoire,3,Both,27,Age-standardized,543,Alzheimer's disease and other dementias,3,Rate,1981,18.98831362282138,50.80734579676946,4.363940752977434
1,All Population,1,Deaths,217,Sierra Leone,3,Both,27,Age-standardized,543,Alzheimer's disease and other dementias,3,Rate,1980,15.83788605133558,42.89269329136173,3.6512655119225137
1,All Population,1,Deaths,217,Sierra Leone,3,Both,27,Age-standardized,543,Alzheimer's disease and other dementias,3,Rate,1981,15.884725419419405,42.4577360099593,3.691648110860718
1,All Population,1,Deaths,218,Togo,3,Both,27,Age-standardized,543,Alzheimer's disease and other dementias,3,Rate,1981,18.554220643767014,49.922460141344644,4.171786545837192
1,All Population,1,Deaths,206,Gambia,3,Both,27,Age-standardized,543,Alzheimer's disease and other dementias,3,Rate,1981,15.301750577889807,39.135818481201916,3.660550681992448
1,All Population,1,Deaths,205,Côte d'Ivoire,3,Both,27,Age-standardized,543,Alzheimer's disease and other dementias,3,Rate,1980,19.182411186272525,51.31698128263333,4.372149361036005
1,All Population,1,Deaths,218,Togo,3,Both,27,Age-standardized,543,Alzheimer's disease and other dementias,3,Rate,1980,18.56335141138564,50.44718183334041,4.182863791033394
1,All Population,1,Deaths,211,Mali,3,Both,27,Age-standardized,543,Alzheimer's disease and other dementias,3,Rate,1981,17.53446927185886,47.14712493564834,4.10195077863118
1,All Population,1,Deaths,202,Cameroon,3,Both,27,Age-standardized,543,Alzheimer's disease and other dementias,3,Rate,1981,21.28396815137788,54.93684030940035,4.799614004888197
1,All Population,1,Deaths,207,Ghana,3,Both,27,Age-standardized,543,Alzheimer's disease and other dementias,3,Rate,1984,15.928657530445617,42.483470819676256,3.480041622344367
1,All Population,1,Deaths,208,Guinea,3,Both,27,Age-standardized,543,Alzheimer's disease and other dementias,3,Rate,1984,18.899762148729526,51.04221802739616,4.1347549199573885
1,All Population,1,Deaths,200,Benin,3,Both,27,Age-standardized,543,Alzheimer's disease and other dementias,3,Rate,1980,17.347032218212608,48.39576369835128,4.024444101998014
1,All Population,1,Deaths,200,Benin,3,Both,27,Age-standardized,543,Alzheimer's disease and other dementias,3,Rate,1982,17.265787093889177,48.073465960648456,3.9838381219752805
1,All Population,1,Deaths,209,Guinea-Bissau,3,Both,27,Age-standardized,543,Alzheimer's disease and other dementias,3,Rate,1982,18.01909365335294,50.60830066105308,3.8071843449996834
1,All Population,1,Deaths,203,Cabo Verde,3,Both,27,Age-standardized,543,Alzheimer's disease and other dementias,3,Rate,1981,17.657493291739595,47.49304436101573,4.1633443895590245
1,All Population,1,Deaths,211,Mali,3,Both,27,Age-standardized,543,Alzheimer's disease and other dementias,3,Rate,1982,17.68141895123087,46.88250746735248,4.070624731379365
1,All Population,1,Deaths,211,Mali,3,Both,27,Age-standardized,543,Alzheimer's disease and other dementias,3,Rate,1983,17.600905217112253,45.80874414436146,3.9965568086191743
1,All Population,1,Deaths,212,Mauritania,3,Both,27,Age-standardized,543,Alzheimer's disease and other dementias,3,Rate,1981,18.610351021128622,45.97132674172478,4.577503532788877
1,All Population,1,Deaths,202,Cameroon,3,Both,27,Age-standardized,543,Alzheimer's disease and other dementias,3,Rate,1983,21.16995681021645,53.799673860352385,4.816078316077259
1,All Population,1,Deaths,213,Niger,3,Both,27,Age-standardized,543,Alzheimer's disease and other dementias,3,Rate,1981,21.83211570281413,59.01302816865094,5.007787369685689
1,All Population,1,Deaths,202,Cameroon,3,Both,27,Age-standardized,543,Alzheimer's disease and other dementias,3,Rate,1982,21.250387341261813,54.63516976220129,4.822520357719403
1,All Population,1,Deaths,200,Benin,3,Both,27,Age-standardized,543,Alzheimer's disease and other dementias,3,Rate,1984,17.159209774812222,47.89538783879647,3.911829858441413
1,All Population,1,Deaths,216,Senegal,3,Both,27,Age-standardized,543,Alzheimer's disease and other dementias,3,Rate,1983,15.287595999190163,39.13315035206212,3.2857174981174095
1,All Population,1,Deaths,207,Ghana,3,Both,27,Age-standardized,543,Alzheimer's disease and other dementias,3,Rate,1983,15.865757154551831,42.166264027868834,3.4503015325203013
1,All Population,1,Deaths,201,Burkina Faso,3,Both,27,Age-standardized,543,Alzheimer's disease and other dementias,3,Rate,1980,24.96804606711937,63.59273835365113,5.7913646314084755
1,All Population,1,Deaths,218,Togo,3,Both,27,Age-standardized,543,Alzheimer's disease and other dementias,3,Rate,1983,18.554505174462516,50.20180606915969,4.115008215137532
1,All Population,1,Deaths,200,Benin,3,Both,27,Age-standardized,543,Alzheimer's disease and other dementias,3,Rate,1983,17.196987977501532,47.580291322125575,4.002360120823623
1,All Population,1,Deaths,202,Cameroon,3,Both,27,Age-standardized,543,Alzheimer's disease and other dementias,3,Rate,1984,21.19481176460395,53.953912670011604,4.86380041281662
1,All Population,1,Deaths,207,Ghana,3,Both,27,Age-standardized,543,Alzheimer's disease and other dementias,3,Rate,1982,15.86948385292674,42.35355353648203,3.516283447616336
1,All Population,1,Deaths,200,Benin,3,Both,27,Age-standardized,543,Alzheimer's disease and other dementias,3,Rate,1985,17.161101040540462,48.360117270883045,3.9194160395570963
1,All Population,1,Deaths,218,Togo,3,Both,27,Age-standardized,543,Alzheimer's disease and other dementias,3,Rate,1985,18.57472150474081,49.29667277455228,4.183434228498625
1,All Population,1,Deaths,200,Benin,3,Both,27,Age-standardized,543,Alzheimer's disease and other dementias,3,Rate,1986,17.172135647687117,48.13382593012747,3.916938624342894
1,All Population,1,Deaths,201,Burkina Faso,3,Both,27,Age-standardized,543,Alzheimer's disease and other dementias,3,Rate,1982,25.09603486301009,63.45809979812028,5.816695577520614
1,All Population,1,Deaths,218,Togo,3,Both,27,Age-standardized,543,Alzheimer's disease and other dementias,3,Rate,1987,18.815481086119316,49.27318023488722,4.197021115010808
1,All Population,1,Deaths,210,Liberia,3,Both,27,Age-standardized,543,Alzheimer's disease and other dementias,3,Rate,1982,20.15971867794975,54.12006888060372,4.569086250243445
1,All Population,1,Deaths,207,Ghana,3,Both,27,Age-standardized,543,Alzheimer's disease and other dementias,3,Rate,1986,16.149047651415945,43.56243510949242,3.499043314372918
1,All Population,1,Deaths,216,Senegal,3,Both,27,Age-standardized,543,Alzheimer's disease and other dementias,3,Rate,1985,15.493813845876483,38.86643891662172,3.38195403483179
1,All Population,1,Deaths,202,Cameroon,3,Both,27,Age-standardized,543,Alzheimer's disease and other dementias,3,Rate,1980,21.284863164339036,54.10591156054699,4.87118857004058
1,All Population,1,Deaths,201,Burkina Faso,3,Both,27,Age-standardized,543,Alzheimer's disease and other dementias,3,Rate,1984,25.311334706861178,63.6991098820653,5.8750884940516475
1,All Population,1,Deaths,200,Benin,3,Both,27,Age-standardized,543,Alzheimer's disease and other dementias,3,Rate,1987,17.059164390215436,47.511606092479994,3.8407276276419684
1,All Population,1,Deaths,202,Cameroon,3,Both,27,Age-standardized,543,Alzheimer's disease and other dementias,3,Rate,1985,21.322885984080724,55.09399117265414,4.990540624691387
1,All Population,1,Deaths,207,Ghana,3,Both,27,Age-standardized,543,Alzheimer's disease and other dementias,3,Rate,1985,16.033710613625043,42.36847929512114,3.5032759654374397
1,All Population,1,Deaths,203,Cabo Verde,3,Both,27,Age-standardized,543,Alzheimer's disease and other dementias,3,Rate,1983,18.591043348000778,48.5261143781608,4.395590090721748
1,All Population,1,Deaths,202,Cameroon,3,Both,27,Age-standardized,543,Alzheimer's disease and other dementias,3,Rate,1986,21.475047425354187,57.13254822063266,4.981658219506802
1,All Population,1,Deaths,201,Burkina Faso,3,Both,27,Age-standardized,543,Alzheimer's disease and other dementias,3,Rate,1985,25.4711005902315,64.76755021942819,5.8966558878907875
1,All Population,1,Deaths,201,Burkina Faso,3,Both,27,Age-standardized,543,Alzheimer's disease and other dementias,3,Rate,1986,25.759709350488308,66.21833982291788,5.884031176672456
1,All Population,1,Deaths,209,Guinea-Bissau,3,Both,27,Age-standardized,543,Alzheimer's disease and other dementias,3,Rate,1988,17.738786105463525,47.07498089435929,3.9627788531418253
1,All Population,1,Deaths,203,Cabo Verde,3,Both,27,Age-standardized,543,Alzheimer's disease and other dementias,3,Rate,1982,18.55467654277576,49.15143309986997,4.359439515964159
1,All Population,1,Deaths,212,Mauritania,3,Both,27,Age-standardized,543,Alzheimer's disease and other dementias,3,Rate,1983,18.70074769156858,46.224028181231475,4.46907106483261
1,All Population,1,Deaths,204,Chad,3,Both,27,Age-standardized,543,Alzheimer's disease and other dementias,3,Rate,1981,21.168370500839575,55.423803180348884,4.606893012881786
1,All Population,1,Deaths,217,Sierra Leone,3,Both,27,Age-standardized,543,Alzheimer's disease and other dementias,3,Rate,1987,16.250019216798233,44.130450634727126,3.479833421976469
1,All Population,1,Deaths,212,Mauritania,3,Both,27,Age-standardized,543,Alzheimer's disease and other dementias,3,Rate,1984,18.99465537469281,47.27830956503912,4.5836564863164835
1,All Population,1,Deaths,203,Cabo Verde,3,Both,27,Age-standardized,543,Alzheimer's disease and other dementias,3,Rate,1984,18.719235213134983,48.32662208704002,4.512401894888613
1,All Population,1,Deaths,212,Mauritania,3,Both,27,Age-standardized,543,Alzheimer's disease and other dementias,3,Rate,1982,18.739418765840135,46.07460513063456,4.520900705691194
1,All Population,1,Deaths,209,Guinea-Bissau,3,Both,27,Age-standardized,543,Alzheimer's disease and other dementias,3,Rate,1990,18.10404298067312,49.68395558926723,4.027822857214735
1,All Population,1,Deaths,218,Togo,3,Both,27,Age-standardized,543,Alzheimer's disease and other dementias,3,Rate,1984,18.558820937981164,49.38981373819973,4.137770660625833
1,All Population,1,Deaths,202,Cameroon,3,Both,27,Age-standardized,543,Alzheimer's disease and other dementias,3,Rate,1987,21.604908760059086,59.02493917480096,4.9638286120238195
1,All Population,1,Deaths,200,Benin,3,Both,27,Age-standardized,543,Alzheimer's disease and other dementias,3,Rate,1988,17.000042523985258,45.86828946010538,3.825241873486693
1,All Population,1,Deaths,215,Sao Tome and Principe,3,Both,27,Age-standardized,543,Alzheimer's disease and other dementias,3,Rate,1986,17.209237371971117,44.694340844931354,4.151169964893922
1,All Population,1,Deaths,207,Ghana,3,Both,27,Age-standardized,543,Alzheimer's disease and other dementias,3,Rate,1987,16.24978641223338,44.8011900212514,3.537672520126
1,All Population,1,Deaths,208,Guinea,3,Both,27,Age-standardized,543,Alzheimer's disease and other dementias,3,Rate,1983,18.92347214428232,50.191315103401884,4.239524983062459
1,All Population,1,Deaths,208,Guinea,3,Both,27,Age-standardized,543,Alzheimer's disease and other dementias,3,Rate,1982,19.073102818240837,51.39984756168493,4.342433651282664
1,All Population,1,Deaths,207,Ghana,3,Both,27,Age-standardized,543,Alzheimer's disease and other dementias,3,Rate,1990,16.737932570434346,44.46259761801606,3.9764103250538296
1,All Population,1,Deaths,207,Ghana,3,Both,27,Age-standardized,543,Alzheimer's disease and other dementias,3,Rate,1991,16.80767971391668,43.22844002541281,4.1293426908705815
1,All Population,1,Deaths,217,Sierra Leone,3,Both,27,Age-standardized,543,Alzheimer's disease and other dementias,3,Rate,1985,16.161066974739214,41.619792409782704,3.5151391448277907
1,All Population,1,Deaths,217,Sierra Leone,3,Both,27,Age-standardized,543,Alzheimer's disease and other dementias,3,Rate,1983,15.949554908843892,41.1190665101523,3.590758378900571
1,All Population,1,Deaths,207,Ghana,3,Both,27,Age-standardized,543,Alzheimer's disease and other dementias,3,Rate,1988,16.423460268903614,44.499516256845624,3.666616457185572
1,All Population,1,Deaths,214,Nigeria,3,Both,27,Age-standardized,543,Alzheimer's disease and other dementias,3,Rate,1985,15.149588846975249,39.79384713325195,3.600361818773709
1,All Population,1,Deaths,216,Senegal,3,Both,27,Age-standardized,543,Alzheimer's disease and other dementias,3,Rate,1982,15.286225562324738,39.477753422956525,3.299040194567249
1,All Population,1,Deaths,201,Burkina Faso,3,Both,27,Age-standardized,543,Alzheimer's disease and other dementias,3,Rate,1983,25.169688919297975,63.54229248307082,5.813027307096942
1,All Population,1,Deaths,216,Senegal,3,Both,27,Age-standardized,543,Alzheimer's disease and other dementias,3,Rate,1984,15.364640284936925,39.003479143211536,3.3041300185412967
1,All Population,1,Deaths,208,Guinea,3,Both,27,Age-standardized,543,Alzheimer's disease and other dementias,3,Rate,1986,19.082215954573947,50.67488596066955,4.112616387988744
1,All Population,1,Deaths,203,Cabo Verde,3,Both,27,Age-standardized,543,Alzheimer's disease and other dementias,3,Rate,1985,18.654913294129408,49.027078826229726,4.6180789318078155
1,All Population,1,Deaths,203,Cabo Verde,3,Both,27,Age-standardized,543,Alzheimer's disease and other dementias,3,Rate,1986,18.626961704591885,50.65589314938372,4.5464287897548195
1,All Population,1,Deaths,208,Guinea,3,Both,27,Age-standardized,543,Alzheimer's disease and other dementias,3,Rate,1985,18.950553288999796,51.36320213389461,4.093232648041783
1,All Population,1,Deaths,200,Benin,3,Both,27,Age-standardized,543,Alzheimer's disease and other dementias,3,Rate,1989,17.016066162439934,45.05206493733599,3.8528838863333674
1,All Population,1,Deaths,203,Cabo Verde,3,Both,27,Age-standardized,543,Alzheimer's disease and other dementias,3,Rate,1989,18.602722036075463,51.49386533876433,4.409921060112894
1,All Population,1,Deaths,214,Nigeria,3,Both,27,Age-standardized,543,Alzheimer's disease and other dementias,3,Rate,1984,15.146670175020697,40.25508955727141,3.567894786917434
1,All Population,1,Deaths,205,Côte d'Ivoire,3,Both,27,Age-standardized,543,Alzheimer's disease and other dementias,3,Rate,1985,18.114512928760544,47.51914959515807,4.072724296212378
1,All Population,1,Deaths,205,Côte d'Ivoire,3,Both,27,Age-standardized,543,Alzheimer's disease and other dementias,3,Rate,1988,17.796496982464358,50.59798453750439,4.1107229901072255
1,All Population,1,Deaths,201,Burkina Faso,3,Both,27,Age-standardized,543,Alzheimer's disease and other dementias,3,Rate,1987,25.568970196713227,66.70184067432827,5.77568531753188
1,All Population,1,Deaths,214,Nigeria,3,Both,27,Age-standardized,543,Alzheimer's disease and other dementias,3,Rate,1982,15.284156295848394,41.79721196365772,3.4198573306715647
1,All Population,1,Deaths,205,Côte d'Ivoire,3,Both,27,Age-standardized,543,Alzheimer's disease and other dementias,3,Rate,1982,18.79127460430951,49.959372895553926,4.345713266975911
1,All Population,1,Deaths,208,Guinea,3,Both,27,Age-standardized,543,Alzheimer's disease and other dementias,3,Rate,1992,19.66567146636309,54.555473993039655,4.374561470859237
1,All Population,1,Deaths,210,Liberia,3,Both,27,Age-standardized,543,Alzheimer's disease and other dementias,3,Rate,1988,20.306657400836116,54.3752982137701,4.641976721849043
1,All Population,1,Deaths,209,Guinea-Bissau,3,Both,27,Age-standardized,543,Alzheimer's disease and other dementias,3,Rate,1991,18.11886775502164,49.01263021675925,4.112539080768371
1,All Population,1,Deaths,200,Benin,3,Both,27,Age-standardized,543,Alzheimer's disease and other dementias,3,Rate,1990,17.18829455118428,44.91003682895226,3.867725960941017
1,All Population,1,Deaths,207,Ghana,3,Both,27,Age-standardized,543,Alzheimer's disease and other dementias,3,Rate,1992,16.955109947771316,43.503167682789396,4.2209682460625215
1,All Population,1,Deaths,204,Chad,3,Both,27,Age-standardized,543,Alzheimer's disease and other dementias,3,Rate,1983,21.06692796423024,54.957453380349634,4.465984032748064
1,All Population,1,Deaths,213,Niger,3,Both,27,Age-standardized,543,Alzheimer's disease and other dementias,3,Rate,1983,21.694982015964676,58.633090338402276,5.038945277353806
1,All Population,1,Deaths,204,Chad,3,Both,27,Age-standardized,543,Alzheimer's disease and other dementias,3,Rate,1982,21.105376797387876,55.35923828360095,4.5222905445327255
1,All Population,1,Deaths,202,Cameroon,3,Both,27,Age-standardized,543,Alzheimer's disease and other dementias,3,Rate,1988,21.76345220407564,59.209852436379315,5.001929421023392
1,All Population,1,Deaths,204,Chad,3,Both,27,Age-standardized,543,Alzheimer's disease and other dementias,3,Rate,1984,21.058666913508354,55.67389085120006,4.622302827686509
1,All Population,1,Deaths,203,Cabo Verde,3,Both,27,Age-standardized,543,Alzheimer's disease and other dementias,3,Rate,1987,18.582868736395938,51.2871768498527,4.400841491785827
1,All Population,1,Deaths,202,Cameroon,3,Both,27,Age-standardized,543,Alzheimer's disease and other dementias,3,Rate,1989,21.919924264374234,59.999317856516086,4.968853887456538
1,All Population,1,Deaths,213,Niger,3,Both,27,Age-standardized,543,Alzheimer's disease and other dementias,3,Rate,1982,21.793556588878072,59.10319778357295,5.017396669418578
1,All Population,1,Deaths,209,Guinea-Bissau,3,Both,27,Age-standardized,543,Alzheimer's disease and other dementias,3,Rate,1985,17.644712740243175,48.8157374572378,3.783035361439695
1,All Population,1,Deaths,209,Guinea-Bissau,3,Both,27,Age-standardized,543,Alzheimer's disease and other dementias,3,Rate,1984,17.73585589177198,49.80735082030271,3.7652609471477785
1,All Population,1,Deaths,205,Côte d'Ivoire,3,Both,27,Age-standardized,543,Alzheimer's disease and other dementias,3,Rate,1986,18.077299144520264,48.65568634656589,4.083865984520495
1,All Population,1,Deaths,205,Côte d'Ivoire,3,Both,27,Age-standardized,543,Alzheimer's disease and other dementias,3,Rate,1987,17.78565319439299,50.00416905266519,4.052242447765168
1,All Population,1,Deaths,206,Gambia,3,Both,27,Age-standardized,543,Alzheimer's disease and other dementias,3,Rate,1991,15.82310008227398,44.06897641571262,3.6872937523609983
1,All Population,1,Deaths,214,Nigeria,3,Both,27,Age-standardized,543,Alzheimer's disease and other dementias,3,Rate,1995,15.75002313441577,42.15113681825323,3.8432210239230695
1,All Population,1,Deaths,208,Guinea,3,Both,27,Age-standardized,543,Alzheimer's disease and other dementias,3,Rate,1987,19.12607598547734,51.019599236218035,4.1270179602471835
1,All Population,1,Deaths,208,Guinea,3,Both,27,Age-standardized,543,Alzheimer's disease and other dementias,3,Rate,1991,19.493932339260326,53.6758373800771,4.341901034493351
1,All Population,1,Deaths,208,Guinea,3,Both,27,Age-standardized,543,Alzheimer's disease and other dementias,3,Rate,1988,19.214295519658318,52.02179908112625,4.085405544813484
1,All Population,1,Deaths,207,Ghana,3,Both,27,Age-standardized,543,Alzheimer's disease and other dementias,3,Rate,1994,17.136297307822375,43.14671613967335,4.2739784207188505
1,All Population,1,Deaths,216,Senegal,3,Both,27,Age-standardized,543,Alzheimer's disease and other dementias,3,Rate,1994,16.413124664174713,45.033214185869724,4.002176488947143
1,All Population,1,Deaths,208,Guinea,3,Both,27,Age-standardized,543,Alzheimer's disease and other dementias,3,Rate,1990,19.387628059169273,53.71201284947351,4.239336960932957
1,All Population,1,Deaths,207,Ghana,3,Both,27,Age-standardized,543,Alzheimer's disease and other dementias,3,Rate,1995,17.164085225946323,43.68615595045789,4.037123418023134
1,All Population,1,Deaths,218,Togo,3,Both,27,Age-standardized,543,Alzheimer's disease and other dementias,3,Rate,1982,18.548147132929284,50.015662513365925,4.118039028076027
1,All Population,1,Deaths,217,Sierra Leone,3,Both,27,Age-standardized,543,Alzheimer's disease and other dementias,3,Rate,1984,16.06048699649475,41.31011201589542,3.5416942945207244
1,All Population,1,Deaths,211,Mali,3,Both,27,Age-standardized,543,Alzheimer's disease and other dementias,3,Rate,1993,17.994509251666603,48.46742530380866,4.313425707796394
1,All Population,1,Deaths,202,Cameroon,3,Both,27,Age-standardized,543,Alzheimer's disease and other dementias,3,Rate,1991,22.043531844093717,61.034875512200024,4.843535996793345
1,All Population,1,Deaths,204,Chad,3,Both,27,Age-standardized,543,Alzheimer's disease and other dementias,3,Rate,1985,21.09204618303873,56.848981537229086,4.696051141769188
1,All Population,1,Deaths,204,Chad,3,Both,27,Age-standardized,543,Alzheimer's disease and other dementias,3,Rate,1986,21.228554169429906,56.845461409292625,4.677324345799275
1,All Population,1,Deaths,206,Gambia,3,Both,27,Age-standardized,543,Alzheimer's disease and other dementias,3,Rate,1988,15.155214949908865,40.496400400607214,3.6500262972002613
1,All Population,1,Deaths,203,Cabo Verde,3,Both,27,Age-standardized,543,Alzheimer's disease and other dementias,3,Rate,1980,17.674118640908674,47.571243729078205,4.162871989824972
1,All Population,1,Deaths,206,Gambia,3,Both,27,Age-standardized,543,Alzheimer's disease and other dementias,3,Rate,1985,14.959391136262502,37.617312346650074,3.638495751155313
1,All Population,1,Deaths,210,Liberia,3,Both,27,Age-standardized,543,Alzheimer's disease and other dementias,3,Rate,1990,20.26821597324865,56.08627555337691,4.673071824598375
1,All Population,1,Deaths,209,Guinea-Bissau,3,Both,27,Age-standardized,543,Alzheimer's disease and other dementias,3,Rate,1986,17.642591050290804,48.07337512268947,3.8550846926106574
1,All Population,1,Deaths,201,Burkina Faso,3,Both,27,Age-standardized,543,Alzheimer's disease and other dementias,3,Rate,1988,25.600865429886948,69.01256390062483,5.660826668126855
1,All Population,1,Deaths,205,Côte d'Ivoire,3,Both,27,Age-standardized,543,Alzheimer's disease and other dementias,3,Rate,1993,17.43826085691772,46.818129569516344,4.128932540395183
1,All Population,1,Deaths,214,Nigeria,3,Both,27,Age-standardized,543,Alzheimer's disease and other dementias,3,Rate,1983,15.189601040980374,41.10986626569862,3.5042342290818183
1,All Population,1,Deaths,214,Nigeria,3,Both,27,Age-standardized,543,Alzheimer's disease and other dementias,3,Rate,1996,15.842372225904022,41.57533256100819,3.819070891692868
1,All Population,1,Deaths,204,Chad,3,Both,27,Age-standardized,543,Alzheimer's disease and other dementias,3,Rate,1989,21.32855776392109,56.7455472126515,4.54468578118529
1,All Population,1,Deaths,213,Niger,3,Both,27,Age-standardized,543,Alzheimer's disease and other dementias,3,Rate,1995,21.576606301261087,59.10954463144983,4.71261588177082
1,All Population,1,Deaths,205,Côte d'Ivoire,3,Both,27,Age-standardized,543,Alzheimer's disease and other dementias,3,Rate,1996,16.930424805974987,46.48414892900128,4.080480333479329
1,All Population,1,Deaths,215,Sao Tome and Principe,3,Both,27,Age-standardized,543,Alzheimer's disease and other dementias,3,Rate,1984,16.995108423425307,42.002593169794416,3.9386614961734914
1,All Population,1,Deaths,205,Côte d'Ivoire,3,Both,27,Age-standardized,543,Alzheimer's disease and other dementias,3,Rate,2001,16.64092504130077,44.930773197871524,4.073360567769051
1,All Population,1,Deaths,213,Niger,3,Both,27,Age-standardized,543,Alzheimer's disease and other dementias,3,Rate,1984,21.59080697479293,58.540101284794694,4.908411826953149
1,All Population,1,Deaths,202,Cameroon,3,Both,27,Age-standardized,543,Alzheimer's disease and other dementias,3,Rate,1996,21.458991037017036,56.84161477208697,5.096484903646793
1,All Population,1,Deaths,211,Mali,3,Both,27,Age-standardized,543,Alzheimer's disease and other dementias,3,Rate,1984,17.5410145679417,45.875733414524206,3.9525706550805695
1,All Population,1,Deaths,204,Chad,3,Both,27,Age-standardized,543,Alzheimer's disease and other dementias,3,Rate,1987,21.191229425265405,56.93124959305886,4.5720711826637865
1,All Population,1,Deaths,207,Ghana,3,Both,27,Age-standardized,543,Alzheimer's disease and other dementias,3,Rate,1993,17.023977175856757,43.17819149123296,4.299411014041643
1,All Population,1,Deaths,217,Sierra Leone,3,Both,27,Age-standardized,543,Alzheimer's disease and other dementias,3,Rate,1982,15.925854450208845,41.59565687042497,3.6399269548467483
1,All Population,1,Deaths,215,Sao Tome and Principe,3,Both,27,Age-standardized,543,Alzheimer's disease and other dementias,3,Rate,1985,17.099671327712336,43.35795365193261,4.078654572576928
1,All Population,1,Deaths,205,Côte d'Ivoire,3,Both,27,Age-standardized,543,Alzheimer's disease and other dementias,3,Rate,2000,16.954544395050945,45.842820391981626,4.172998417079723
1,All Population,1,Deaths,205,Côte d'Ivoire,3,Both,27,Age-standardized,543,Alzheimer's disease and other dementias,3,Rate,1991,17.702236351118096,49.66398548042015,4.172380441760503
1,All Population,1,Deaths,206,Gambia,3,Both,27,Age-standardized,543,Alzheimer's disease and other dementias,3,Rate,1982,15.219198340377945,39.259615796593714,3.6731575732548385
1,All Population,1,Deaths,215,Sao Tome and Principe,3,Both,27,Age-standardized,543,Alzheimer's disease and other dementias,3,Rate,1982,16.852619219796438,43.16800546504912,4.024098910209571
1,All Population,1,Deaths,205,Côte d'Ivoire,3,Both,27,Age-standardized,543,Alzheimer's disease and other dementias,3,Rate,1998,16.837373568834103,46.009912489334376,4.089628983570894
1,All Population,1,Deaths,205,Côte d'Ivoire,3,Both,27,Age-standardized,543,Alzheimer's disease and other dementias,3,Rate,1983,18.56251350298348,48.48187391591022,4.244032361154776
1,All Population,1,Deaths,217,Sierra Leone,3,Both,27,Age-standardized,543,Alzheimer's disease and other dementias,3,Rate,1998,16.438403141911543,44.14235910559588,3.745245663406611
1,All Population,1,Deaths,207,Ghana,3,Both,27,Age-standardized,543,Alzheimer's disease and other dementias,3,Rate,1998,17.07830490454509,46.086761419444,4.022840857556796
1,All Population,1,Deaths,216,Senegal,3,Both,27,Age-standardized,543,Alzheimer's disease and other dementias,3,Rate,1996,16.487760443514812,44.18065381584719,4.1504071155763835
1,All Population,1,Deaths,218,Togo,3,Both,27,Age-standardized,543,Alzheimer's disease and other dementias,3,Rate,1997,18.461487678433752,49.748919009527185,4.68212158215923
1,All Population,1,Deaths,218,Togo,3,Both,27,Age-standardized,543,Alzheimer's disease and other dementias,3,Rate,1996,18.604586060705916,50.33064952273603,4.6615133830221165
1,All Population,1,Deaths,201,Burkina Faso,3,Both,27,Age-standardized,543,Alzheimer's disease and other dementias,3,Rate,1990,25.694763380464625,72.23501249242702,5.724057287254805
1,All Population,1,Deaths,218,Togo,3,Both,27,Age-standardized,543,Alzheimer's disease and other dementias,3,Rate,1995,18.75202427846556,51.22978303297582,4.573648105232245
1,All Population,1,Deaths,200,Benin,3,Both,27,Age-standardized,543,Alzheimer's disease and other dementias,3,Rate,1996,17.882718973501508,46.178715726547736,3.999643789463522
1,All Population,1,Deaths,214,Nigeria,3,Both,27,Age-standardized,543,Alzheimer's disease and other dementias,3,Rate,1991,15.682258450084174,40.951174933083124,3.7039041551348375
1,All Population,1,Deaths,206,Gambia,3,Both,27,Age-standardized,543,Alzheimer's disease and other dementias,3,Rate,1986,15.121746447855426,38.63021713787037,3.6546427607006517
1,All Population,1,Deaths,203,Cabo Verde,3,Both,27,Age-standardized,543,Alzheimer's disease and other dementias,3,Rate,1988,18.59077030108054,51.47628607988138,4.376411194275309
1,All Population,1,Deaths,212,Mauritania,3,Both,27,Age-standardized,543,Alzheimer's disease and other dementias,3,Rate,1993,20.202323588860526,55.97617321331826,5.009502898934075
1,All Population,1,Deaths,211,Mali,3,Both,27,Age-standardized,543,Alzheimer's disease and other dementias,3,Rate,1985,17.54529263376334,46.025906703066084,4.014873717843255
1,All Population,1,Deaths,201,Burkina Faso,3,Both,27,Age-standardized,543,Alzheimer's disease and other dementias,3,Rate,1989,25.510451629878094,70.71206007033115,5.639730984499108
1,All Population,1,Deaths,218,Togo,3,Both,27,Age-standardized,543,Alzheimer's disease and other dementias,3,Rate,1988,18.924769389729033,51.41876415067448,4.124612233845724
1,All Population,1,Deaths,203,Cabo Verde,3,Both,27,Age-standardized,543,Alzheimer's disease and other dementias,3,Rate,1991,18.579552890752357,51.956679293173686,4.56696018760091
1,All Population,1,Deaths,218,Togo,3,Both,27,Age-standardized,543,Alzheimer's disease and other dementias,3,Rate,1986,18.749657075472136,49.2092754364205,4.243980666529926
1,All Population,1,Deaths,210,Liberia,3,Both,27,Age-standardized,543,Alzheimer's disease and other dementias,3,Rate,1985,20.32399592418921,52.92301241213049,4.683221401041511
1,All Population,1,Deaths,209,Guinea-Bissau,3,Both,27,Age-standardized,543,Alzheimer's disease and other dementias,3,Rate,1987,17.625028028919083,46.769206726163894,4.006256821885678
1,All Population,1,Deaths,200,Benin,3,Both,27,Age-standardized,543,Alzheimer's disease and other dementias,3,Rate,1998,17.79703409393712,45.52181152741411,4.091200807860119
1,All Population,1,Deaths,206,Gambia,3,Both,27,Age-standardized,543,Alzheimer's disease and other dementias,3,Rate,1987,15.01807752495791,38.99357955772627,3.6583462283037016
1,All Population,1,Deaths,205,Côte d'Ivoire,3,Both,27,Age-standardized,543,Alzheimer's disease and other dementias,3,Rate,2005,16.534410837443133,42.99998809978226,4.0510052846579265
1,All Population,1,Deaths,214,Nigeria,3,Both,27,Age-standardized,543,Alzheimer's disease and other dementias,3,Rate,2005,16.701372247043537,43.97348650580333,3.8027312696338793
1,All Population,1,Deaths,215,Sao Tome and Principe,3,Both,27,Age-standardized,543,Alzheimer's disease and other dementias,3,Rate,1995,18.25677167651001,49.46121550357435,4.385290648999024
1,All Population,1,Deaths,214,Nigeria,3,Both,27,Age-standardized,543,Alzheimer's disease and other dementias,3,Rate,2004,16.544135721164988,43.268769966486666,3.72097381520625
1,All Population,1,Deaths,210,Liberia,3,Both,27,Age-standardized,543,Alzheimer's disease and other dementias,3,Rate,1991,20.469516934857904,57.20157673902349,4.710851950162863
1,All Population,1,Deaths,216,Senegal,3,Both,27,Age-standardized,543,Alzheimer's disease and other dementias,3,Rate,1992,16.28346981624451,45.10607090957933,3.6525639238423886
1,All Population,1,Deaths,207,Ghana,3,Both,27,Age-standardized,543,Alzheimer's disease and other dementias,3,Rate,1999,16.985756043772355,45.190409987251485,3.94580628676807
1,All Population,1,Deaths,207,Ghana,3,Both,27,Age-standardized,543,Alzheimer's disease and other dementias,3,Rate,1996,17.172116710481752,44.57143854474652,4.069664017752796
1,All Population,1,Deaths,217,Sierra Leone,3,Both,27,Age-standardized,543,Alzheimer's disease and other dementias,3,Rate,1994,16.576028949175484,45.498329647454476,3.8054637937415916
1,All Population,1,Deaths,210,Liberia,3,Both,27,Age-standardized,543,Alzheimer's disease and other dementias,3,Rate,1984,20.257072734679,53.476882583119014,4.567505568476461
1,All Population,1,Deaths,208,Guinea,3,Both,27,Age-standardized,543,Alzheimer's disease and other dementias,3,Rate,1994,19.96121996535132,56.192723230897926,4.410295119823155
1,All Population,1,Deaths,200,Benin,3,Both,27,Age-standardized,543,Alzheimer's disease and other dementias,3,Rate,1991,17.356657509450184,45.10997151299582,3.9247794590866056
1,All Population,1,Deaths,207,Ghana,3,Both,27,Age-standardized,543,Alzheimer's disease and other dementias,3,Rate,2000,17.11569342512943,45.437411438354225,3.9323812191752117
1,All Population,1,Deaths,207,Ghana,3,Both,27,Age-standardized,543,Alzheimer's disease and other dementias,3,Rate,2001,17.190301950192037,46.367637798533224,3.9359379099295473
1,All Population,1,Deaths,216,Senegal,3,Both,27,Age-standardized,543,Alzheimer's disease and other dementias,3,Rate,1986,15.667863568473296,40.46360689098772,3.4439571068346786
1,All Population,1,Deaths,218,Togo,3,Both,27,Age-standardized,543,Alzheimer's disease and other dementias,3,Rate,1990,19.103398634493622,52.45424376866153,4.261238062449881
1,All Population,1,Deaths,211,Mali,3,Both,27,Age-standardized,543,Alzheimer's disease and other dementias,3,Rate,1992,17.894084880263257,48.99028099661955,4.183718770880028
1,All Population,1,Deaths,211,Mali,3,Both,27,Age-standardized,543,Alzheimer's disease and other dementias,3,Rate,1987,17.52507783104089,46.78225663279573,3.927123470887603
1,All Population,1,Deaths,203,Cabo Verde,3,Both,27,Age-standardized,543,Alzheimer's disease and other dementias,3,Rate,1996,17.706083133307853,46.1103077040842,4.327202898011015
1,All Population,1,Deaths,204,Chad,3,Both,27,Age-standardized,543,Alzheimer's disease and other dementias,3,Rate,1980,21.223528761299907,54.777292737687695,4.605902575279407
1,All Population,1,Deaths,215,Sao Tome and Principe,3,Both,27,Age-standardized,543,Alzheimer's disease and other dementias,3,Rate,1996,18.46380404859311,50.668991795561304,4.252757496594246
1,All Population,1,Deaths,206,Gambia,3,Both,27,Age-standardized,543,Alzheimer's disease and other dementias,3,Rate,1993,15.943281847451903,42.99371706998612,3.9444762546139565
1,All Population,1,Deaths,214,Nigeria,3,Both,27,Age-standardized,543,Alzheimer's disease and other dementias,3,Rate,1988,15.27258167321137,40.2422883994394,3.4468226090882417
1,All Population,1,Deaths,210,Liberia,3,Both,27,Age-standardized,543,Alzheimer's disease and other dementias,3,Rate,1986,20.473798782230734,52.09185903475795,4.709715202019987
1,All Population,1,Deaths,202,Cameroon,3,Both,27,Age-standardized,543,Alzheimer's disease and other dementias,3,Rate,1992,21.960354638250923,58.37050945431667,4.945682035808724
1,All Population,1,Deaths,211,Mali,3,Both,27,Age-standardized,543,Alzheimer's disease and other dementias,3,Rate,1986,17.602833206760867,46.07730772001796,3.9994113947346728
1,All Population,1,Deaths,208,Guinea,3,Both,27,Age-standardized,543,Alzheimer's disease and other dementias,3,Rate,1995,20.055432383380115,56.359248503150596,4.570219599926349
1,All Population,1,Deaths,216,Senegal,3,Both,27,Age-standardized,543,Alzheimer's disease and other dementias,3,Rate,2004,18.55458225747646,48.47067023798616,4.4793367242966395
1,All Population,1,Deaths,216,Senegal,3,Both,27,Age-standardized,543,Alzheimer's disease and other dementias,3,Rate,1987,15.591643988589773,40.63472340077012,3.378694204386249
1,All Population,1,Deaths,216,Senegal,3,Both,27,Age-standardized,543,Alzheimer's disease and other dementias,3,Rate,1988,15.734910847689575,41.074155925323744,3.4308015793425457
1,All Population,1,Deaths,216,Senegal,3,Both,27,Age-standardized,543,Alzheimer's disease and other dementias,3,Rate,1991,16.209658576347053,45.337702675783625,3.6054082689444082
1,All Population,1,Deaths,207,Ghana,3,Both,27,Age-standardized,543,Alzheimer's disease and other dementias,3,Rate,2002,17.563115548561264,47.074360262990844,4.000419526103733
1,All Population,1,Deaths,216,Senegal,3,Both,27,Age-standardized,543,Alzheimer's disease and other dementias,3,Rate,1990,16.14996952096778,43.840253563989066,3.572079858570718
1,All Population,1,Deaths,211,Mali,3,Both,27,Age-standardized,543,Alzheimer's disease and other dementias,3,Rate,2002,17.9341012967042,47.634551293047686,4.516584884908006
1,All Population,1,Deaths,209,Guinea-Bissau,3,Both,27,Age-standardized,543,Alzheimer's disease and other dementias,3,Rate,1983,17.843566384248724,50.035235749758996,3.79926387046092
1,All Population,1,Deaths,218,Togo,3,Both,27,Age-standardized,543,Alzheimer's disease and other dementias,3,Rate,2008,18.081050375672074,47.199634551036745,4.584235777862436
1,All Population,1,Deaths,211,Mali,3,Both,27,Age-standardized,543,Alzheimer's disease and other dementias,3,Rate,1989,17.65327965267325,49.59846017434938,3.9836704068809183
1,All Population,1,Deaths,206,Gambia,3,Both,27,Age-standardized,543,Alzheimer's disease and other dementias,3,Rate,2001,15.97284971737122,43.210420969767,4.065896148991678
1,All Population,1,Deaths,208,Guinea,3,Both,27,Age-standardized,543,Alzheimer's disease and other dementias,3,Rate,1993,19.787465095568418,55.50698814644821,4.363070464334019
1,All Population,1,Deaths,200,Benin,3,Both,27,Age-standardized,543,Alzheimer's disease and other dementias,3,Rate,2020,18.221156905696837,49.21195561308205,4.345164756445862
1,All Population,1,Deaths,201,Burkina Faso,3,Both,27,Age-standardized,543,Alzheimer's disease and other dementias,3,Rate,2020,25.842856976666706,64.85317711425718,6.601537301050825
1,All Population,1,Deaths,206,Gambia,3,Both,27,Age-standardized,543,Alzheimer's disease and other dementias,3,Rate,1996,15.941846939559404,43.66840956425301,4.115371434579079
1,All Population,1,Deaths,209,Guinea-Bissau,3,Both,27,Age-standardized,543,Alzheimer's disease and other dementias,3,Rate,2020,21.929963070365837,58.9330401266516,5.397452071522443
1,All Population,1,Deaths,210,Liberia,3,Both,27,Age-standardized,543,Alzheimer's disease and other dementias,3,Rate,2020,20.817405082134208,57.013787519288904,4.968521762088316
1,All Population,1,Deaths,214,Nigeria,3,Both,27,Age-standardized,543,Alzheimer's disease and other dementias,3,Rate,2002,16.50473069173954,42.99597617093505,3.8215413321216216
1,All Population,1,Deaths,212,Mauritania,3,Both,27,Age-standardized,543,Alzheimer's disease and other dementias,3,Rate,1985,19.185499342106613,48.619184468483255,4.7204597695618915
1,All Population,1,Deaths,218,Togo,3,Both,27,Age-standardized,543,Alzheimer's disease and other dementias,3,Rate,2020,20.533586397957027,56.69572918394711,5.0466521571416045
1,All Population,1,Deaths,214,Nigeria,3,Both,27,Age-standardized,543,Alzheimer's disease and other dementias,3,Rate,1993,15.623597898738938,42.247911945091516,3.73428422966192
1,All Population,1,Deaths,200,Benin,3,Both,27,Age-standardized,543,Alzheimer's disease and other dementias,3,Rate,2021,18.619347912749287,50.09354343134024,4.41760793956765
1,All Population,1,Deaths,201,Burkina Faso,3,Both,27,Age-standardized,543,Alzheimer's disease and other dementias,3,Rate,2021,26.25015367229271,66.29551820570886,6.44677573612803
1,All Population,1,Deaths,209,Guinea-Bissau,3,Both,27,Age-standardized,543,Alzheimer's disease and other dementias,3,Rate,2021,21.540486338006986,59.05500859571339,5.20449468978771
1,All Population,1,Deaths,210,Liberia,3,Both,27,Age-standardized,543,Alzheimer's disease and other dementias,3,Rate,2021,17.938748669233878,49.4159540831277,4.199426006168883
1,All Population,1,Deaths,218,Togo,3,Both,27,Age-standardized,543,Alzheimer's disease and other dementias,3,Rate,2021,20.662524657047076,56.70273708923734,4.869238552886033
1,All Population,1,Deaths,213,Niger,3,Both,27,Age-standardized,543,Alzheimer's disease and other dementias,3,Rate,1993,21.34974898579919,57.277677037458304,4.762589563673685
1,All Population,1,Deaths,204,Chad,3,Both,27,Age-standardized,543,Alzheimer's disease and other dementias,3,Rate,1991,21.74091912968996,58.92041046869547,4.7288650264109835
1,All Population,1,Deaths,207,Ghana,3,Both,27,Age-standardized,543,Alzheimer's disease and other dementias,3,Rate,2020,21.31535432792049,58.10285541540927,5.302973276878792
1,All Population,1,Deaths,207,Ghana,3,Both,27,Age-standardized,543,Alzheimer's disease and other dementias,3,Rate,2004,17.650794376646235,46.314010439233876,4.248659323980464
1,All Population,1,Deaths,208,Guinea,3,Both,27,Age-standardized,543,Alzheimer's disease and other dementias,3,Rate,1998,19.960532718672432,54.32582463857089,4.83201391513898
1,All Population,1,Deaths,207,Ghana,3,Both,27,Age-standardized,543,Alzheimer's disease and other dementias,3,Rate,2010,18.03668510843182,45.84796543255193,4.188457724237834
1,All Population,1,Deaths,205,Côte d'Ivoire,3,Both,27,Age-standardized,543,Alzheimer's disease and other dementias,3,Rate,2021,18.130381949391225,50.55798096709617,4.4344891625030405
1,All Population,1,Deaths,212,Mauritania,3,Both,27,Age-standardized,543,Alzheimer's disease and other dementias,3,Rate,1987,19.414469761779444,52.61001593566336,4.741165472577399
1,All Population,1,Deaths,204,Chad,3,Both,27,Age-standardized,543,Alzheimer's disease and other dementias,3,Rate,1996,21.204000651037614,57.27857720076178,4.778406816789349
1,All Population,1,Deaths,202,Cameroon,3,Both,27,Age-standardized,543,Alzheimer's disease and other dementias,3,Rate,2002,21.55161730683918,57.21679437466252,5.216879011441539
1,All Population,1,Deaths,206,Gambia,3,Both,27,Age-standardized,543,Alzheimer's disease and other dementias,3,Rate,2000,16.418867816951376,45.29482741005071,4.204257614293093
1,All Population,1,Deaths,212,Mauritania,3,Both,27,Age-standardized,543,Alzheimer's disease and other dementias,3,Rate,1986,19.332314725076742,50.47388796551001,4.756187657641569
1,All Population,1,Deaths,211,Mali,3,Both,27,Age-standardized,543,Alzheimer's disease and other dementias,3,Rate,2004,17.58588288350615,45.23850642946086,4.427498836256648
1,All Population,1,Deaths,211,Mali,3,Both,27,Age-standardized,543,Alzheimer's disease and other dementias,3,Rate,1994,18.033462064201768,48.34048886461771,4.418061284775896
1,All Population,1,Deaths,205,Côte d'Ivoire,3,Both,27,Age-standardized,543,Alzheimer's disease and other dementias,3,Rate,2020,18.545767597161728,50.63407271377008,4.515677239509471
1,All Population,1,Deaths,205,Côte d'Ivoire,3,Both,27,Age-standardized,543,Alzheimer's disease and other dementias,3,Rate,2002,16.840826614410503,45.198031954949506,4.078069047834608
1,All Population,1,Deaths,204,Chad,3,Both,27,Age-standardized,543,Alzheimer's disease and other dementias,3,Rate,1988,21.195113604425764,56.05755029648967,4.516981720320648
1,All Population,1,Deaths,212,Mauritania,3,Both,27,Age-standardized,543,Alzheimer's disease and other dementias,3,Rate,2002,21.16460270831512,55.58654149487893,5.164716724525921
1,All Population,1,Deaths,201,Burkina Faso,3,Both,27,Age-standardized,543,Alzheimer's disease and other dementias,3,Rate,1996,24.520164742615563,64.9074243396778,5.947572262071558
1,All Population,1,Deaths,210,Liberia,3,Both,27,Age-standardized,543,Alzheimer's disease and other dementias,3,Rate,2004,21.016485209799725,54.95284363905491,5.094111441227593
1,All Population,1,Deaths,210,Liberia,3,Both,27,Age-standardized,543,Alzheimer's disease and other dementias,3,Rate,1993,20.358556353088126,57.11943284850894,4.823857022891798
1,All Population,1,Deaths,205,Côte d'Ivoire,3,Both,27,Age-standardized,543,Alzheimer's disease and other dementias,3,Rate,1984,18.322659490762234,47.66570443474685,4.166859356213043
1,All Population,1,Deaths,200,Benin,3,Both,27,Age-standardized,543,Alzheimer's disease and other dementias,3,Rate,2002,17.648358668629786,46.40804632563452,4.199513901140916
1,All Population,1,Deaths,210,Liberia,3,Both,27,Age-standardized,543,Alzheimer's disease and other dementias,3,Rate,1987,20.340892820807337,52.94264178894105,4.642248846624529
1,All Population,1,Deaths,218,Togo,3,Both,27,Age-standardized,543,Alzheimer's disease and other dementias,3,Rate,1994,18.954678889790863,53.11583370352296,4.566338172007746
1,All Population,1,Deaths,209,Guinea-Bissau,3,Both,27,Age-standardized,543,Alzheimer's disease and other dementias,3,Rate,2002,18.747551900454866,50.6726341626793,4.365147622425419
1,All Population,1,Deaths,215,Sao Tome and Principe,3,Both,27,Age-standardized,543,Alzheimer's disease and other dementias,3,Rate,1991,18.11872125730251,50.84290553016527,4.20363017364972
1,All Population,1,Deaths,208,Guinea,3,Both,27,Age-standardized,543,Alzheimer's disease and other dementias,3,Rate,2020,20.093571186572404,53.544465773446966,4.688192920261431
1,All Population,1,Deaths,208,Guinea,3,Both,27,Age-standardized,543,Alzheimer's disease and other dementias,3,Rate,1999,19.869284554192507,53.22727733569905,4.806144154237626
1,All Population,1,Deaths,217,Sierra Leone,3,Both,27,Age-standardized,543,Alzheimer's disease and other dementias,3,Rate,1992,16.334271866078193,43.55587017782071,3.651882671347742
1,All Population,1,Deaths,217,Sierra Leone,3,Both,27,Age-standardized,543,Alzheimer's disease and other dementias,3,Rate,1996,16.454767922463947,44.9224882994947,3.8616701286585693
1,All Population,1,Deaths,216,Senegal,3,Both,27,Age-standardized,543,Alzheimer's disease and other dementias,3,Rate,1997,16.371164028308982,42.953550067287125,4.038568681623842
1,All Population,1,Deaths,208,Guinea,3,Both,27,Age-standardized,543,Alzheimer's disease and other dementias,3,Rate,2001,19.58950480945423,51.714437704781794,4.675777580988365
1,All Population,1,Deaths,216,Senegal,3,Both,27,Age-standardized,543,Alzheimer's disease and other dementias,3,Rate,2005,18.75729490693073,49.01590398435261,4.5246382216078675
1,All Population,1,Deaths,200,Benin,3,Both,27,Age-standardized,543,Alzheimer's disease and other dementias,3,Rate,1994,17.64223835798236,46.45991929617689,3.9803042302080303
1,All Population,1,Deaths,209,Guinea-Bissau,3,Both,27,Age-standardized,543,Alzheimer's disease and other dementias,3,Rate,2011,20.257457678195003,52.703444290596096,4.828927075810507
1,All Population,1,Deaths,200,Benin,3,Both,27,Age-standardized,543,Alzheimer's disease and other dementias,3,Rate,2005,17.232903258513566,44.34030543942891,4.171228279564231
1,All Population,1,Deaths,209,Guinea-Bissau,3,Both,27,Age-standardized,543,Alzheimer's disease and other dementias,3,Rate,2000,18.658181022415842,50.19403661495062,4.509379465882277
1,All Population,1,Deaths,200,Benin,3,Both,27,Age-standardized,543,Alzheimer's disease and other dementias,3,Rate,2008,17.658108303827174,45.107397413632924,4.228991933525971
1,All Population,1,Deaths,218,Togo,3,Both,27,Age-standardized,543,Alzheimer's disease and other dementias,3,Rate,2005,17.747602754184786,46.91307757522277,4.26296267414356
1,All Population,1,Deaths,207,Ghana,3,Both,27,Age-standardized,543,Alzheimer's disease and other dementias,3,Rate,2005,17.70106720216531,46.00531991975957,4.213179830268838
1,All Population,1,Deaths,205,Côte d'Ivoire,3,Both,27,Age-standardized,543,Alzheimer's disease and other dementias,3,Rate,2022,17.353863436219005,49.83772404655681,4.322653540963282
1,All Population,1,Deaths,212,Mauritania,3,Both,27,Age-standardized,543,Alzheimer's disease and other dementias,3,Rate,1989,19.805813512026997,55.25346328426219,4.807823668635725
1,All Population,1,Deaths,215,Sao Tome and Principe,3,Both,27,Age-standardized,543,Alzheimer's disease and other dementias,3,Rate,1983,16.92235935111012,42.41193874435306,4.000811109840912
1,All Population,1,Deaths,206,Gambia,3,Both,27,Age-standardized,543,Alzheimer's disease and other dementias,3,Rate,1998,16.26518489791345,44.98526370255545,4.206678607369121
1,All Population,1,Deaths,206,Gambia,3,Both,27,Age-standardized,543,Alzheimer's disease and other dementias,3,Rate,2020,18.66660497125279,50.38295318342743,4.40132861463532
1,All Population,1,Deaths,200,Benin,3,Both,27,Age-standardized,543,Alzheimer's disease and other dementias,3,Rate,2019,17.993449493031118,48.76236718757182,4.339574689229551
1,All Population,1,Deaths,218,Togo,3,Both,27,Age-standardized,543,Alzheimer's disease and other dementias,3,Rate,1991,19.056865140358266,52.177577729061014,4.29125725248625
1,All Population,1,Deaths,209,Guinea-Bissau,3,Both,27,Age-standardized,543,Alzheimer's disease and other dementias,3,Rate,2014,20.840351193478377,55.05526273479948,4.87898715949999
1,All Population,1,Deaths,200,Benin,3,Both,27,Age-standardized,543,Alzheimer's disease and other dementias,3,Rate,2017,17.446587675478664,47.38941706897122,4.223032498083081
1,All Population,1,Deaths,206,Gambia,3,Both,27,Age-standardized,543,Alzheimer's disease and other dementias,3,Rate,2005,17.142313440827383,45.850042973548646,4.3469659277562105
1,All Population,1,Deaths,214,Nigeria,3,Both,27,Age-standardized,543,Alzheimer's disease and other dementias,3,Rate,1986,15.218038741399601,40.084426400081846,3.5017593642649176
1,All Population,1,Deaths,202,Cameroon,3,Both,27,Age-standardized,543,Alzheimer's disease and other dementias,3,Rate,2020,22.4491226287719,62.438448723729856,5.003618035666468
1,All Population,1,Deaths,203,Cabo Verde,3,Both,27,Age-standardized,543,Alzheimer's disease and other dementias,3,Rate,2020,20.013798577823845,54.621409435388514,4.859284086528999
1,All Population,1,Deaths,206,Gambia,3,Both,27,Age-standardized,543,Alzheimer's disease and other dementias,3,Rate,2021,17.402186614816607,45.118004845996396,4.043284961090285
1,All Population,1,Deaths,204,Chad,3,Both,27,Age-standardized,543,Alzheimer's disease and other dementias,3,Rate,2020,21.614985845415237,59.864371891887835,5.10530552317889
1,All Population,1,Deaths,200,Benin,3,Both,27,Age-standardized,543,Alzheimer's disease and other dementias,3,Rate,2014,17.871959923811026,46.921119267056106,4.0648026082747775
1,All Population,1,Deaths,215,Sao Tome and Principe,3,Both,27,Age-standardized,543,Alzheimer's disease and other dementias,3,Rate,2005,20.44309689301543,54.62673994465313,4.820108096905408
1,All Population,1,Deaths,205,Côte d'Ivoire,3,Both,27,Age-standardized,543,Alzheimer's disease and other dementias,3,Rate,2008,17.241046259060052,45.24945335890824,4.112653559696383
1,All Population,1,Deaths,200,Benin,3,Both,27,Age-standardized,543,Alzheimer's disease and other dementias,3,Rate,2011,18.026753673135502,46.729430112744254,4.224344792206325
1,All Population,1,Deaths,213,Niger,3,Both,27,Age-standardized,543,Alzheimer's disease and other dementias,3,Rate,1985,21.531880901766232,58.80720717378247,4.781916751495121
1,All Population,1,Deaths,200,Benin,3,Both,27,Age-standardized,543,Alzheimer's disease and other dementias,3,Rate,2006,17.50732318944146,45.483909767483176,4.19794658873984
1,All Population,1,Deaths,212,Mauritania,3,Both,27,Age-standardized,543,Alzheimer's disease and other dementias,3,Rate,1992,19.946968672054727,56.03877046585492,4.96744437112811
1,All Population,1,Deaths,202,Cameroon,3,Both,27,Age-standardized,543,Alzheimer's disease and other dementias,3,Rate,2008,20.955564928026213,55.52221184526174,4.985170149478663
1,All Population,1,Deaths,211,Mali,3,Both,27,Age-standardized,543,Alzheimer's disease and other dementias,3,Rate,2001,17.897711199889322,47.33300049371509,4.504917571563055
1,All Population,1,Deaths,211,Mali,3,Both,27,Age-standardized,543,Alzheimer's disease and other dementias,3,Rate,2020,17.357019571116055,46.242144035145536,4.23288315830134
1,All Population,1,Deaths,215,Sao Tome and Principe,3,Both,27,Age-standardized,543,Alzheimer's disease and other dementias,3,Rate,1988,17.529601248434368,46.93598217068822,4.289445088774619
1,All Population,1,Deaths,212,Mauritania,3,Both,27,Age-standardized,543,Alzheimer's disease and other dementias,3,Rate,2020,23.07749768456223,61.539593650933774,5.564287612767602
1,All Population,1,Deaths,214,Nigeria,3,Both,27,Age-standardized,543,Alzheimer's disease and other dementias,3,Rate,1987,15.187138669307805,39.956932912899745,3.4099490943584585
1,All Population,1,Deaths,205,Côte d'Ivoire,3,Both,27,Age-standardized,543,Alzheimer's disease and other dementias,3,Rate,2011,17.10425207659366,43.65781535492849,4.010588440341121
1,All Population,1,Deaths,213,Niger,3,Both,27,Age-standardized,543,Alzheimer's disease and other dementias,3,Rate,2020,22.672506116092645,60.81045568238576,5.096502551498123
1,All Population,1,Deaths,208,Guinea,3,Both,27,Age-standardized,543,Alzheimer's disease and other dementias,3,Rate,1996,19.982332801742984,55.01859766224658,4.681413237860618
1,All Population,1,Deaths,217,Sierra Leone,3,Both,27,Age-standardized,543,Alzheimer's disease and other dementias,3,Rate,1991,16.21148672423175,43.39106655476725,3.5830885939692045
1,All Population,1,Deaths,207,Ghana,3,Both,27,Age-standardized,543,Alzheimer's disease and other dementias,3,Rate,2011,18.10943339433922,45.99172536618314,4.258496802369522
1,All Population,1,Deaths,207,Ghana,3,Both,27,Age-standardized,543,Alzheimer's disease and other dementias,3,Rate,2014,18.71012582471071,49.03270706451342,4.209975750206048
1,All Population,1,Deaths,216,Senegal,3,Both,27,Age-standardized,543,Alzheimer's disease and other dementias,3,Rate,2014,20.615273771518137,54.10912001718839,4.805400830679925
1,All Population,1,Deaths,217,Sierra Leone,3,Both,27,Age-standardized,543,Alzheimer's disease and other dementias,3,Rate,2004,17.32654268777358,46.72723548758866,3.975103428418278
1,All Population,1,Deaths,202,Cameroon,3,Both,27,Age-standardized,543,Alzheimer's disease and other dementias,3,Rate,2001,21.1358507090557,57.75853003384023,5.056454231991594
1,All Population,1,Deaths,212,Mauritania,3,Both,27,Age-standardized,543,Alzheimer's disease and other dementias,3,Rate,2005,21.168308287801562,54.02388158759589,5.357832815751657
1,All Population,1,Deaths,216,Senegal,3,Both,27,Age-standardized,543,Alzheimer's disease and other dementias,3,Rate,2006,18.851080980320624,49.08237259494741,4.616576395111502
1,All Population,1,Deaths,216,Senegal,3,Both,27,Age-standardized,543,Alzheimer's disease and other dementias,3,Rate,2008,19.36287038666196,49.096096761313675,4.700788196391276
1,All Population,1,Deaths,216,Senegal,3,Both,27,Age-standardized,543,Alzheimer's disease and other dementias,3,Rate,2020,20.747136856999514,55.584736185415366,5.094972888980948
1,All Population,1,Deaths,207,Ghana,3,Both,27,Age-standardized,543,Alzheimer's disease and other dementias,3,Rate,2008,17.780970025299844,47.003314262778275,4.192370248743613
1,All Population,1,Deaths,207,Ghana,3,Both,27,Age-standardized,543,Alzheimer's disease and other dementias,3,Rate,2017,19.070773682723292,50.35199121454762,4.705206137801285
1,All Population,1,Deaths,217,Sierra Leone,3,Both,27,Age-standardized,543,Alzheimer's disease and other dementias,3,Rate,1990,16.346899907352785,44.49412567986445,3.6346982226569597
1,All Population,1,Deaths,206,Gambia,3,Both,27,Age-standardized,543,Alzheimer's disease and other dementias,3,Rate,2022,17.024597659163117,46.24853060960962,4.151077996177379
1,All Population,1,Deaths,214,Nigeria,3,Both,27,Age-standardized,543,Alzheimer's disease and other dementias,3,Rate,2020,18.596867571741296,49.578024724277675,3.975214787551933
1,All Population,1,Deaths,205,Côte d'Ivoire,3,Both,27,Age-standardized,543,Alzheimer's disease and other dementias,3,Rate,2012,17.212658001253157,44.753414586808184,3.9863792815876398
1,All Population,1,Deaths,214,Nigeria,3,Both,27,Age-standardized,543,Alzheimer's disease and other dementias,3,Rate,2001,16.215644950726396,41.91551647266587,3.8443944718670036
1,All Population,1,Deaths,215,Sao Tome and Principe,3,Both,27,Age-standardized,543,Alzheimer's disease and other dementias,3,Rate,2004,19.968815893580384,53.73809246825699,4.645424589420721
1,All Population,1,Deaths,214,Nigeria,3,Both,27,Age-standardized,543,Alzheimer's disease and other dementias,3,Rate,2021,19.185536393536704,50.46712979169674,4.117419281517078
1,All Population,1,Deaths,205,Côte d'Ivoire,3,Both,27,Age-standardized,543,Alzheimer's disease and other dementias,3,Rate,2019,18.54015536569445,50.28581727098225,4.474739949773329
1,All Population,1,Deaths,208,Guinea,3,Both,27,Age-standardized,543,Alzheimer's disease and other dementias,3,Rate,2000,19.804341727427975,52.48510804811211,4.7571187520828175
1,All Population,1,Deaths,208,Guinea,3,Both,27,Age-standardized,543,Alzheimer's disease and other dementias,3,Rate,2010,18.947802683168284,51.10316224969776,4.211867300331205
1,All Population,1,Deaths,209,Guinea-Bissau,3,Both,27,Age-standardized,543,Alzheimer's disease and other dementias,3,Rate,2022,20.43208158072107,55.541841779218295,4.873074312490423
1,All Population,1,Deaths,210,Liberia,3,Both,27,Age-standardized,543,Alzheimer's disease and other dementias,3,Rate,1983,20.197010825919747,53.99439300847076,4.56084540303079
1,All Population,1,Deaths,217,Sierra Leone,3,Both,27,Age-standardized,543,Alzheimer's disease and other dementias,3,Rate,2020,21.464154203357396,59.43635958751397,5.134018954102306
1,All Population,1,Deaths,209,Guinea-Bissau,3,Both,27,Age-standardized,543,Alzheimer's disease and other dementias,3,Rate,1996,19.681307811725624,52.501112939255975,4.754672464062634
1,All Population,1,Deaths,213,Niger,3,Both,27,Age-standardized,543,Alzheimer's disease and other dementias,3,Rate,1987,21.38477188978204,58.61512323355144,4.642699742691561
1,All Population,1,Deaths,202,Cameroon,3,Both,27,Age-standardized,543,Alzheimer's disease and other dementias,3,Rate,1999,21.318567456778382,56.4653568218157,4.874759196411968
1,All Population,1,Deaths,202,Cameroon,3,Both,27,Age-standardized,543,Alzheimer's disease and other dementias,3,Rate,2005,20.864490888030794,54.46483665563184,4.961066927318526
1,All Population,1,Deaths,204,Chad,3,Both,27,Age-standardized,543,Alzheimer's disease and other dementias,3,Rate,2011,20.615436252285985,54.326667838100484,4.663518493125102
1,All Population,1,Deaths,211,Mali,3,Both,27,Age-standardized,543,Alzheimer's disease and other dementias,3,Rate,1996,18.261280780463846,49.55603956803756,4.516270714434953
1,All Population,1,Deaths,213,Niger,3,Both,27,Age-standardized,543,Alzheimer's disease and other dementias,3,Rate,1986,21.576964699901584,59.19350971890707,4.739527510257163
1,All Population,1,Deaths,212,Mauritania,3,Both,27,Age-standardized,543,Alzheimer's disease and other dementias,3,Rate,2004,21.104248533390095,54.63687051275929,5.232085871742581
1,All Population,1,Deaths,202,Cameroon,3,Both,27,Age-standardized,543,Alzheimer's disease and other dementias,3,Rate,2011,21.461668999164125,57.378600511310665,4.965579288283345
1,All Population,1,Deaths,213,Niger,3,Both,27,Age-standardized,543,Alzheimer's disease and other dementias,3,Rate,1989,21.25884010567907,56.41256332201272,4.594051180153095
1,All Population,1,Deaths,203,Cabo Verde,3,Both,27,Age-standardized,543,Alzheimer's disease and other dementias,3,Rate,1992,18.394813850928212,51.173863525133726,4.632323245039559
1,All Population,1,Deaths,213,Niger,3,Both,27,Age-standardized,543,Alzheimer's disease and other dementias,3,Rate,2002,21.388380161020073,58.74223799575994,4.761346975149923
1,All Population,1,Deaths,200,Benin,3,Both,27,Age-standardized,543,Alzheimer's disease and other dementias,3,Rate,2022,19.452823354117992,49.280320741273684,4.549640295083936
1,All Population,1,Deaths,200,Benin,3,Both,27,Age-standardized,543,Alzheimer's disease and other dementias,3,Rate,2003,17.36300687416647,44.8941356535827,4.21494355940768
1,All Population,1,Deaths,216,Senegal,3,Both,27,Age-standardized,543,Alzheimer's disease and other dementias,3,Rate,1998,16.533037547619045,43.223221626654336,4.022242612955101
1,All Population,1,Deaths,216,Senegal,3,Both,27,Age-standardized,543,Alzheimer's disease and other dementias,3,Rate,1999,16.592653297680332,44.192610813671905,3.992830498336339
1,All Population,1,Deaths,217,Sierra Leone,3,Both,27,Age-standardized,543,Alzheimer's disease and other dementias,3,Rate,1988,16.249364855032688,44.76000586280664,3.511589224491833
1,All Population,1,Deaths,208,Guinea,3,Both,27,Age-standardized,543,Alzheimer's disease and other dementias,3,Rate,2004,19.056298931162818,49.463304575784385,4.449825045542267
1,All Population,1,Deaths,208,Guinea,3,Both,27,Age-standardized,543,Alzheimer's disease and other dementias,3,Rate,2002,19.62201648247409,51.04418774144849,4.6659247533360695
1,All Population,1,Deaths,215,Sao Tome and Principe,3,Both,27,Age-standardized,543,Alzheimer's disease and other dementias,3,Rate,2020,22.81171442950736,62.12469606154665,5.686617581715645
1,All Population,1,Deaths,214,Nigeria,3,Both,27,Age-standardized,543,Alzheimer's disease and other dementias,3,Rate,2022,18.208436464372255,46.78172180290698,4.100498347527668
1,All Population,1,Deaths,207,Ghana,3,Both,27,Age-standardized,543,Alzheimer's disease and other dementias,3,Rate,2021,21.935767787686686,59.36232704175877,5.174021261418563
1,All Population,1,Deaths,217,Sierra Leone,3,Both,27,Age-standardized,543,Alzheimer's disease and other dementias,3,Rate,2006,18.29944113063967,50.55823404331736,4.343216133091908
1,All Population,1,Deaths,217,Sierra Leone,3,Both,27,Age-standardized,543,Alzheimer's disease and other dementias,3,Rate,1986,16.33601603847873,43.15378838055175,3.5053644578643315
1,All Population,1,Deaths,211,Mali,3,Both,27,Age-standardized,543,Alzheimer's disease and other dementias,3,Rate,1988,17.593095848482623,48.505847026530596,3.85873675697365
1,All Population,1,Deaths,205,Côte d'Ivoire,3,Both,27,Age-standardized,543,Alzheimer's disease and other dementias,3,Rate,2014,17.74876166469189,46.38233737811317,4.330060224562717
1,All Population,1,Deaths,215,Sao Tome and Principe,3,Both,27,Age-standardized,543,Alzheimer's disease and other dementias,3,Rate,2007,21.331942060425032,57.25943769006621,5.149900691213108
1,All Population,1,Deaths,214,Nigeria,3,Both,27,Age-standardized,543,Alzheimer's disease and other dementias,3,Rate,2000,16.2361255353654,41.82939485050205,3.912233291106588
1,All Population,1,Deaths,214,Nigeria,3,Both,27,Age-standardized,543,Alzheimer's disease and other dementias,3,Rate,2014,17.900446007098875,48.65814279785748,3.838683118996986
1,All Population,1,Deaths,200,Benin,3,Both,27,Age-standardized,543,Alzheimer's disease and other dementias,3,Rate,2001,17.57293003338657,46.28771854752562,4.124767122652265
1,All Population,1,Deaths,201,Burkina Faso,3,Both,27,Age-standardized,543,Alzheimer's disease and other dementias,3,Rate,2019,26.556940052273532,66.08891187266121,6.627516561229989
1,All Population,1,Deaths,209,Guinea-Bissau,3,Both,27,Age-standardized,543,Alzheimer's disease and other dementias,3,Rate,2023,20.630289817236378,57.14873551576901,4.857461804073128
1,All Population,1,Deaths,209,Guinea-Bissau,3,Both,27,Age-standardized,543,Alzheimer's disease and other dementias,3,Rate,2003,18.730890594896735,50.4016952257943,4.363756852384444
1,All Population,1,Deaths,200,Benin,3,Both,27,Age-standardized,543,Alzheimer's disease and other dementias,3,Rate,2012,17.87808662777877,45.1119508400435,4.157633856136328
1,All Population,1,Deaths,209,Guinea-Bissau,3,Both,27,Age-standardized,543,Alzheimer's disease and other dementias,3,Rate,2012,20.347962030311745,53.79854343306064,4.845784330648973
1,All Population,1,Deaths,206,Gambia,3,Both,27,Age-standardized,543,Alzheimer's disease and other dementias,3,Rate,2023,17.214610662207107,48.49220026041965,3.982860637565547
1,All Population,1,Deaths,215,Sao Tome and Principe,3,Both,27,Age-standardized,543,Alzheimer's disease and other dementias,3,Rate,2022,21.96472213124721,60.41557241516323,5.42968208486557
1,All Population,1,Deaths,205,Côte d'Ivoire,3,Both,27,Age-standardized,543,Alzheimer's disease and other dementias,3,Rate,2017,18.07621706906936,47.534421362104545,4.324662969617463
1,All Population,1,Deaths,215,Sao Tome and Principe,3,Both,27,Age-standardized,543,Alzheimer's disease and other dementias,3,Rate,2021,21.121109953930503,57.548034638771675,5.143900547188584
1,All Population,1,Deaths,211,Mali,3,Both,27,Age-standardized,543,Alzheimer's disease and other dementias,3,Rate,2014,17.514162677292923,42.767385922508126,4.1165683558817525
1,All Population,1,Deaths,215,Sao Tome and Principe,3,Both,27,Age-standardized,543,Alzheimer's disease and other dementias,3,Rate,2018,24.760457628172613,64.03153656992482,5.82467160400634
1,All Population,1,Deaths,205,Côte d'Ivoire,3,Both,27,Age-standardized,543,Alzheimer's disease and other dementias,3,Rate,2018,18.230584175780447,48.72555563721449,4.382714664317522
1,All Population,1,Deaths,202,Cameroon,3,Both,27,Age-standardized,543,Alzheimer's disease and other dementias,3,Rate,2014,21.277899304452028,55.52935337900374,4.797558961496667
1,All Population,1,Deaths,202,Cameroon,3,Both,27,Age-standardized,543,Alzheimer's disease and other dementias,3,Rate,2021,23.364843803436266,64.04950473772367,5.2370628298222766
1,All Population,1,Deaths,202,Cameroon,3,Both,27,Age-standardized,543,Alzheimer's disease and other dementias,3,Rate,1990,22.13834454720046,61.5322858901566,4.918700997725789
1,All Population,1,Deaths,211,Mali,3,Both,27,Age-standardized,543,Alzheimer's disease and other dementias,3,Rate,1990,17.782220477035427,50.12128263321823,4.055920919685305
1,All Population,1,Deaths,214,Nigeria,3,Both,27,Age-standardized,543,Alzheimer's disease and other dementias,3,Rate,2015,17.562286523997283,48.04980842586389,3.793199262360507
1,All Population,1,Deaths,216,Senegal,3,Both,27,Age-standardized,543,Alzheimer's disease and other dementias,3,Rate,2001,18.333580256748952,48.54922373738772,4.357090051472389
1,All Population,1,Deaths,207,Ghana,3,Both,27,Age-standardized,543,Alzheimer's disease and other dementias,3,Rate,1989,16.5651285543879,44.47668046105568,3.835304115371885
1,All Population,1,Deaths,208,Guinea,3,Both,27,Age-standardized,543,Alzheimer's disease and other dementias,3,Rate,2014,19.0328597981863,50.18757058655483,4.347213489105446
1,All Population,1,Deaths,217,Sierra Leone,3,Both,27,Age-standardized,543,Alzheimer's disease and other dementias,3,Rate,2014,20.414544478400305,52.21000679936083,4.677470445700415
1,All Population,1,Deaths,215,Sao Tome and Principe,3,Both,27,Age-standardized,543,Alzheimer's disease and other dementias,3,Rate,2001,19.320571582549185,52.45644983032787,4.469279762306056
1,All Population,1,Deaths,205,Côte d'Ivoire,3,Both,27,Age-standardized,543,Alzheimer's disease and other dementias,3,Rate,2009,17.259504806248955,44.001132334183524,4.090214239261761
1,All Population,1,Deaths,206,Gambia,3,Both,27,Age-standardized,543,Alzheimer's disease and other dementias,3,Rate,1983,15.098173206834703,38.47493064746695,3.586659587311206
1,All Population,1,Deaths,208,Guinea,3,Both,27,Age-standardized,543,Alzheimer's disease and other dementias,3,Rate,2017,19.02813940501213,51.29840487619515,4.3989719047552125
1,All Population,1,Deaths,207,Ghana,3,Both,27,Age-standardized,543,Alzheimer's disease and other dementias,3,Rate,2013,18.649237455142078,48.090556656505754,4.191489750840665
1,All Population,1,Deaths,200,Benin,3,Both,27,Age-standardized,543,Alzheimer's disease and other dementias,3,Rate,2023,19.267986561364058,51.30656589078925,4.779325696391074
1,All Population,1,Deaths,218,Togo,3,Both,27,Age-standardized,543,Alzheimer's disease and other dementias,3,Rate,2004,17.874519885372827,47.52602986576855,4.302657158378291
1,All Population,1,Deaths,209,Guinea-Bissau,3,Both,27,Age-standardized,543,Alzheimer's disease and other dementias,3,Rate,1989,17.931037177345374,48.642557390534876,3.97232655809348
1,All Population,1,Deaths,209,Guinea-Bissau,3,Both,27,Age-standardized,543,Alzheimer's disease and other dementias,3,Rate,2013,20.82910050135366,54.428889776861865,4.895677066876442
1,All Population,1,Deaths,215,Sao Tome and Principe,3,Both,27,Age-standardized,543,Alzheimer's disease and other dementias,3,Rate,2002,19.641202484845905,53.37575181892382,4.54922367611919
1,All Population,1,Deaths,205,Côte d'Ivoire,3,Both,27,Age-standardized,543,Alzheimer's disease and other dementias,3,Rate,2023,17.166030238853352,46.79482629780039,3.983793320529413
1,All Population,1,Deaths,206,Gambia,3,Both,27,Age-standardized,543,Alzheimer's disease and other dementias,3,Rate,2002,16.231122195488435,42.23880489843922,4.162112031399966
1,All Population,1,Deaths,206,Gambia,3,Both,27,Age-standardized,543,Alzheimer's disease and other dementias,3,Rate,2019,19.153685732304787,51.91083208317254,4.6002943099867375
1,All Population,1,Deaths,208,Guinea,3,Both,27,Age-standardized,543,Alzheimer's disease and other dementias,3,Rate,2003,19.33253923114492,50.56851804041182,4.52694616751131
1,All Population,1,Deaths,203,Cabo Verde,3,Both,27,Age-standardized,543,Alzheimer's disease and other dementias,3,Rate,2021,19.08191404047738,51.8039571929771,4.412627227593066
1,All Population,1,Deaths,203,Cabo Verde,3,Both,27,Age-standardized,543,Alzheimer's disease and other dementias,3,Rate,2002,17.126621395109968,43.84458891401522,4.173123292255829
1,All Population,1,Deaths,201,Burkina Faso,3,Both,27,Age-standardized,543,Alzheimer's disease and other dementias,3,Rate,2002,24.87871259116015,65.14097192068063,6.200287877535583
1,All Population,1,Deaths,211,Mali,3,Both,27,Age-standardized,543,Alzheimer's disease and other dementias,3,Rate,2015,17.45171925084821,42.60363037972896,4.156681722887459
1,All Population,1,Deaths,202,Cameroon,3,Both,27,Age-standardized,543,Alzheimer's disease and other dementias,3,Rate,2006,21.030364599841377,55.96618477580188,5.107054574100106
1,All Population,1,Deaths,202,Cameroon,3,Both,27,Age-standardized,543,Alzheimer's disease and other dementias,3,Rate,2022,22.640036079909564,60.700155237643216,5.012551329691984
1,All Population,1,Deaths,202,Cameroon,3,Both,27,Age-standardized,543,Alzheimer's disease and other dementias,3,Rate,2017,21.902268526774527,60.75137876809937,5.003742685867338
1,All Population,1,Deaths,216,Senegal,3,Both,27,Age-standardized,543,Alzheimer's disease and other dementias,3,Rate,2010,19.49872180306882,48.04750203844145,4.688372550282027
1,All Population,1,Deaths,206,Gambia,3,Both,27,Age-standardized,543,Alzheimer's disease and other dementias,3,Rate,2012,15.841675063111175,42.200423954275365,3.7464019671698088
1,All Population,1,Deaths,214,Nigeria,3,Both,27,Age-standardized,543,Alzheimer's disease and other dementias,3,Rate,1998,15.979760301049273,40.45131343311396,3.7535424980468637
1,All Population,1,Deaths,210,Liberia,3,Both,27,Age-standardized,543,Alzheimer's disease and other dementias,3,Rate,2022,20.961330493821404,56.26003139242042,4.962166809527778
1,All Population,1,Deaths,215,Sao Tome and Principe,3,Both,27,Age-standardized,543,Alzheimer's disease and other dementias,3,Rate,1987,17.333236116492348,46.1537454103055,4.191451195331037
1,All Population,1,Deaths,215,Sao Tome and Principe,3,Both,27,Age-standardized,543,Alzheimer's disease and other dementias,3,Rate,2000,18.94917312516421,50.77798934638377,4.3412411792955705
1,All Population,1,Deaths,214,Nigeria,3,Both,27,Age-standardized,543,Alzheimer's disease and other dementias,3,Rate,2023,17.838627245320357,46.49218220820194,4.031269229723887
1,All Population,1,Deaths,210,Liberia,3,Both,27,Age-standardized,543,Alzheimer's disease and other dementias,3,Rate,2011,22.95513770684273,60.1084683578914,5.573508002992429
1,All Population,1,Deaths,200,Benin,3,Both,27,Age-standardized,543,Alzheimer's disease and other dementias,3,Rate,2016,17.433064266530536,46.54515609397328,3.9957443303605302
1,All Population,1,Deaths,207,Ghana,3,Both,27,Age-standardized,543,Alzheimer's disease and other dementias,3,Rate,2022,21.66250871720277,58.24909207423186,5.08797157094659
1,All Population,1,Deaths,217,Sierra Leone,3,Both,27,Age-standardized,543,Alzheimer's disease and other dementias,3,Rate,1999,16.366452563530057,43.839778310084576,3.7591411804883177
1,All Population,1,Deaths,218,Togo,3,Both,27,Age-standardized,543,Alzheimer's disease and other dementias,3,Rate,2016,18.849587096581143,47.68707868418436,4.627630185626284
1,All Population,1,Deaths,212,Mauritania,3,Both,27,Age-standardized,543,Alzheimer's disease and other dementias,3,Rate,1996,20.506265630015157,55.329403011379476,5.155630558572378
1,All Population,1,Deaths,218,Togo,3,Both,27,Age-standardized,543,Alzheimer's disease and other dementias,3,Rate,2018,19.586752148425788,52.70421458241567,4.88148860485679
1,All Population,1,Deaths,213,Niger,3,Both,27,Age-standardized,543,Alzheimer's disease and other dementias,3,Rate,2006,21.51029681080443,59.421956522194044,4.991242516190752
1,All Population,1,Deaths,211,Mali,3,Both,27,Age-standardized,543,Alzheimer's disease and other dementias,3,Rate,2022,16.402726704589043,43.87210655523861,4.084644153638653
1,All Population,1,Deaths,206,Gambia,3,Both,27,Age-standardized,543,Alzheimer's disease and other dementias,3,Rate,1984,14.987231462788902,37.74319478961882,3.56777419129104
1,All Population,1,Deaths,206,Gambia,3,Both,27,Age-standardized,543,Alzheimer's disease and other dementias,3,Rate,2011,15.8683038225647,43.065839941870685,3.6902543556671583
1,All Population,1,Deaths,215,Sao Tome and Principe,3,Both,27,Age-standardized,543,Alzheimer's disease and other dementias,3,Rate,2015,23.85209806789712,59.5870028449927,5.52799103501721
1,All Population,1,Deaths,205,Côte d'Ivoire,3,Both,27,Age-standardized,543,Alzheimer's disease and other dementias,3,Rate,1999,16.753207608695746,45.83087705221899,4.103154873218847
1,All Population,1,Deaths,214,Nigeria,3,Both,27,Age-standardized,543,Alzheimer's disease and other dementias,3,Rate,2016,17.93281779302612,49.0849156773984,3.9402754574843466
1,All Population,1,Deaths,215,Sao Tome and Principe,3,Both,27,Age-standardized,543,Alzheimer's disease and other dementias,3,Rate,2014,23.713560008565498,59.51113298731275,5.466394342682204
1,All Population,1,Deaths,207,Ghana,3,Both,27,Age-standardized,543,Alzheimer's disease and other dementias,3,Rate,2023,21.442820953869532,57.73624373116223,4.971697448199682
1,All Population,1,Deaths,208,Guinea,3,Both,27,Age-standardized,543,Alzheimer's disease and other dementias,3,Rate,2011,18.894459947648606,50.812178376289175,4.256443174842317
1,All Population,1,Deaths,216,Senegal,3,Both,27,Age-standardized,543,Alzheimer's disease and other dementias,3,Rate,2000,16.410232482117785,43.745578993454316,3.890044650991955
1,All Population,1,Deaths,208,Guinea,3,Both,27,Age-standardized,543,Alzheimer's disease and other dementias,3,Rate,2008,18.935618301215566,50.383603337719016,4.254740380580944
1,All Population,1,Deaths,217,Sierra Leone,3,Both,27,Age-standardized,543,Alzheimer's disease and other dementias,3,Rate,2019,21.21830734440648,58.317442847344495,5.149472175111069
1,All Population,1,Deaths,205,Côte d'Ivoire,3,Both,27,Age-standardized,543,Alzheimer's disease and other dementias,3,Rate,2016,17.818945860497656,46.14154377038881,4.3950574659070725
1,All Population,1,Deaths,203,Cabo Verde,3,Both,27,Age-standardized,543,Alzheimer's disease and other dementias,3,Rate,2001,17.03193865684089,43.86886170169332,4.104909642595964
1,All Population,1,Deaths,213,Niger,3,Both,27,Age-standardized,543,Alzheimer's disease and other dementias,3,Rate,1992,21.20866363906098,56.79346199938849,4.803140007818264
1,All Population,1,Deaths,210,Liberia,3,Both,27,Age-standardized,543,Alzheimer's disease and other dementias,3,Rate,2000,21.447543302277644,58.155913854401085,5.093246144084096
1,All Population,1,Deaths,200,Benin,3,Both,27,Age-standardized,543,Alzheimer's disease and other dementias,3,Rate,2018,17.49217784787367,48.00394254658648,4.266660988092848
1,All Population,1,Deaths,210,Liberia,3,Both,27,Age-standardized,543,Alzheimer's disease and other dementias,3,Rate,2002,21.452649841202923,56.8699124151745,4.96626196661125
1,All Population,1,Deaths,200,Benin,3,Both,27,Age-standardized,543,Alzheimer's disease and other dementias,3,Rate,1995,17.747310572794017,46.77106179020216,4.055067230251953
1,All Population,1,Deaths,210,Liberia,3,Both,27,Age-standardized,543,Alzheimer's disease and other dementias,3,Rate,1996,21.449632177170677,58.43354950035844,5.220728279306669
1,All Population,1,Deaths,209,Guinea-Bissau,3,Both,27,Age-standardized,543,Alzheimer's disease and other dementias,3,Rate,2001,18.64076658908795,51.0035712280241,4.424076576726844
1,All Population,1,Deaths,208,Guinea,3,Both,27,Age-standardized,543,Alzheimer's disease and other dementias,3,Rate,2021,19.945452885386967,52.61460925286525,4.614227926223227
1,All Population,1,Deaths,206,Gambia,3,Both,27,Age-standardized,543,Alzheimer's disease and other dementias,3,Rate,2018,18.279542430184737,50.05506405954221,4.452638678108612
1,All Population,1,Deaths,206,Gambia,3,Both,27,Age-standardized,543,Alzheimer's disease and other dementias,3,Rate,2017,18.203939895855864,51.104210712312565,4.3819803612803145
1,All Population,1,Deaths,205,Côte d'Ivoire,3,Both,27,Age-standardized,543,Alzheimer's disease and other dementias,3,Rate,2007,16.906863405962714,44.911606460623744,4.034325337381694
1,All Population,1,Deaths,206,Gambia,3,Both,27,Age-standardized,543,Alzheimer's disease and other dementias,3,Rate,2008,16.48474345290852,45.531924837722876,3.85584960233312
1,All Population,1,Deaths,215,Sao Tome and Principe,3,Both,27,Age-standardized,543,Alzheimer's disease and other dementias,3,Rate,1993,18.262922397697846,49.38111139225255,4.314267990435885
1,All Population,1,Deaths,206,Gambia,3,Both,27,Age-standardized,543,Alzheimer's disease and other dementias,3,Rate,2014,16.97391105277511,45.222068352349815,4.101432634955018
1,All Population,1,Deaths,201,Burkina Faso,3,Both,27,Age-standardized,543,Alzheimer's disease and other dementias,3,Rate,1994,24.569108322255495,66.56278806268078,5.820490128419277
1,All Population,1,Deaths,217,Sierra Leone,3,Both,27,Age-standardized,543,Alzheimer's disease and other dementias,3,Rate,2005,17.59753929946313,48.43249595635112,4.043163974328755
1,All Population,1,Deaths,217,Sierra Leone,3,Both,27,Age-standardized,543,Alzheimer's disease and other dementias,3,Rate,2008,18.806615492510666,50.26410736980697,4.333258878478963
1,All Population,1,Deaths,217,Sierra Leone,3,Both,27,Age-standardized,543,Alzheimer's disease and other dementias,3,Rate,1997,16.36303204530858,44.01840137799442,3.784631828486891
1,All Population,1,Deaths,217,Sierra Leone,3,Both,27,Age-standardized,543,Alzheimer's disease and other dementias,3,Rate,2001,16.560718903858028,43.95148433185936,3.745151119187179
1,All Population,1,Deaths,207,Ghana,3,Both,27,Age-standardized,543,Alzheimer's disease and other dementias,3,Rate,2019,20.59814587690099,55.60057388310762,5.047961333140262
1,All Population,1,Deaths,208,Guinea,3,Both,27,Age-standardized,543,Alzheimer's disease and other dementias,3,Rate,2005,18.95235399947624,48.75552864645072,4.426867715628155
1,All Population,1,Deaths,207,Ghana,3,Both,27,Age-standardized,543,Alzheimer's disease and other dementias,3,Rate,2012,18.118702567231885,45.88541784451531,4.254315740274352
1,All Population,1,Deaths,211,Mali,3,Both,27,Age-standardized,543,Alzheimer's disease and other dementias,3,Rate,2011,17.757382193215985,42.78227399729558,4.533297054456883
1,All Population,1,Deaths,212,Mauritania,3,Both,27,Age-standardized,543,Alzheimer's disease and other dementias,3,Rate,2001,21.011096590254418,55.50867145845568,5.056748211422656
1,All Population,1,Deaths,202,Cameroon,3,Both,27,Age-standardized,543,Alzheimer's disease and other dementias,3,Rate,2023,22.413135882107955,59.64131000436955,5.19167951157242
1,All Population,1,Deaths,213,Niger,3,Both,27,Age-standardized,543,Alzheimer's disease and other dementias,3,Rate,2004,21.04531082377892,58.69747181519777,4.841802614550017
1,All Population,1,Deaths,203,Cabo Verde,3,Both,27,Age-standardized,543,Alzheimer's disease and other dementias,3,Rate,2008,17.84137377491235,44.757881474076235,4.246799217488295
1,All Population,1,Deaths,217,Sierra Leone,3,Both,27,Age-standardized,543,Alzheimer's disease and other dementias,3,Rate,2010,19.595599354735185,48.95785129913006,4.4706576853947535
1,All Population,1,Deaths,216,Senegal,3,Both,27,Age-standardized,543,Alzheimer's disease and other dementias,3,Rate,2002,18.66547054314329,49.181460623954656,4.420846357901152
1,All Population,1,Deaths,214,Nigeria,3,Both,27,Age-standardized,543,Alzheimer's disease and other dementias,3,Rate,2012,17.508498494451107,46.62932666493382,3.76535073983996
1,All Population,1,Deaths,202,Cameroon,3,Both,27,Age-standardized,543,Alzheimer's disease and other dementias,3,Rate,2016,21.589061859165707,58.79563418663474,4.8734920792720695
1,All Population,1,Deaths,213,Niger,3,Both,27,Age-standardized,543,Alzheimer's disease and other dementias,3,Rate,2005,21.028018898689965,58.179407576499926,4.884195200211882
1,All Population,1,Deaths,212,Mauritania,3,Both,27,Age-standardized,543,Alzheimer's disease and other dementias,3,Rate,2016,22.06919494814767,56.52775857767746,5.4077673251576694
1,All Population,1,Deaths,203,Cabo Verde,3,Both,27,Age-standardized,543,Alzheimer's disease and other dementias,3,Rate,2011,18.34189147723922,45.91121956888892,4.189130045375848
1,All Population,1,Deaths,218,Togo,3,Both,27,Age-standardized,543,Alzheimer's disease and other dementias,3,Rate,1993,19.09021999973151,52.979469987898085,4.556378601504497
1,All Population,1,Deaths,201,Burkina Faso,3,Both,27,Age-standardized,543,Alzheimer's disease and other dementias,3,Rate,2022,24.956405929992712,66.06683937383471,5.988822849412681
1,All Population,1,Deaths,210,Liberia,3,Both,27,Age-standardized,543,Alzheimer's disease and other dementias,3,Rate,2014,22.904440063620356,60.021657023665604,5.602022951488544
1,All Population,1,Deaths,201,Burkina Faso,3,Both,27,Age-standardized,543,Alzheimer's disease and other dementias,3,Rate,2014,25.40560209542648,66.56354366643936,6.239679657267933
1,All Population,1,Deaths,201,Burkina Faso,3,Both,27,Age-standardized,543,Alzheimer's disease and other dementias,3,Rate,2017,26.328617022501405,67.4825168332903,6.765342190784747
1,All Population,1,Deaths,218,Togo,3,Both,27,Age-standardized,543,Alzheimer's disease and other dementias,3,Rate,2017,19.284166438964565,49.980730756293475,4.761967134441634
1,All Population,1,Deaths,201,Burkina Faso,3,Both,27,Age-standardized,543,Alzheimer's disease and other dementias,3,Rate,2005,24.74416519168549,65.23229719536717,6.228439022534686
1,All Population,1,Deaths,201,Burkina Faso,3,Both,27,Age-standardized,543,Alzheimer's disease and other dementias,3,Rate,2011,25.796560526062578,67.29757688165408,6.304534237076942
1,All Population,1,Deaths,201,Burkina Faso,3,Both,27,Age-standardized,543,Alzheimer's disease and other dementias,3,Rate,2008,25.615130551573493,70.12282011681454,6.303388060211631
1,All Population,1,Deaths,214,Nigeria,3,Both,27,Age-standardized,543,Alzheimer's disease and other dementias,3,Rate,2019,18.894486393089593,50.218304350422734,4.051657752428976
1,All Population,1,Deaths,215,Sao Tome and Principe,3,Both,27,Age-standardized,543,Alzheimer's disease and other dementias,3,Rate,2023,22.55315157724121,59.456739606743376,5.84673799275236
1,All Population,1,Deaths,204,Chad,3,Both,27,Age-standardized,543,Alzheimer's disease and other dementias,3,Rate,2021,21.41757094677742,59.76042644963514,5.155758134159599
1,All Population,1,Deaths,203,Cabo Verde,3,Both,27,Age-standardized,543,Alzheimer's disease and other dementias,3,Rate,2005,17.48023990952328,44.227032847520256,4.141760516173034
1,All Population,1,Deaths,218,Togo,3,Both,27,Age-standardized,543,Alzheimer's disease and other dementias,3,Rate,2019,20.160701114946818,55.40303781677464,5.009141023158147
1,All Population,1,Deaths,212,Mauritania,3,Both,27,Age-standardized,543,Alzheimer's disease and other dementias,3,Rate,1988,19.578776792445314,54.577642373180005,4.748265421592631
1,All Population,1,Deaths,209,Guinea-Bissau,3,Both,27,Age-standardized,543,Alzheimer's disease and other dementias,3,Rate,2019,22.1673847505606,60.11521274969513,5.460497294433926
1,All Population,1,Deaths,206,Gambia,3,Both,27,Age-standardized,543,Alzheimer's disease and other dementias,3,Rate,2009,16.692320630135594,45.361248307599865,3.9198276144141118
1,All Population,1,Deaths,217,Sierra Leone,3,Both,27,Age-standardized,543,Alzheimer's disease and other dementias,3,Rate,2000,16.603656181801522,44.14721978376921,3.7905153281377157
1,All Population,1,Deaths,206,Gambia,3,Both,27,Age-standardized,543,Alzheimer's disease and other dementias,3,Rate,2016,17.208205329022842,48.03989534451399,4.099052127004749
1,All Population,1,Deaths,215,Sao Tome and Principe,3,Both,27,Age-standardized,543,Alzheimer's disease and other dementias,3,Rate,2016,24.202086079040264,60.547055368483655,5.5757331244225625
1,All Population,1,Deaths,208,Guinea,3,Both,27,Age-standardized,543,Alzheimer's disease and other dementias,3,Rate,2012,18.885853192033874,49.425361487490626,4.217721704247032
1,All Population,1,Deaths,215,Sao Tome and Principe,3,Both,27,Age-standardized,543,Alzheimer's disease and other dementias,3,Rate,1998,18.904806217759038,50.19020351961159,4.315626558097329
1,All Population,1,Deaths,216,Senegal,3,Both,27,Age-standardized,543,Alzheimer's disease and other dementias,3,Rate,2011,19.75278467645668,48.34769340104839,4.624881633693498
1,All Population,1,Deaths,206,Gambia,3,Both,27,Age-standardized,543,Alzheimer's disease and other dementias,3,Rate,1999,16.86717251351166,47.194580884377025,4.369610663765116
1,All Population,1,Deaths,216,Senegal,3,Both,27,Age-standardized,543,Alzheimer's disease and other dementias,3,Rate,2021,20.67831917509177,55.81923645177569,4.92701470252547
1,All Population,1,Deaths,214,Nigeria,3,Both,27,Age-standardized,543,Alzheimer's disease and other dementias,3,Rate,2011,17.49600954605635,46.72780522359756,3.8033761857383723
1,All Population,1,Deaths,200,Benin,3,Both,27,Age-standardized,543,Alzheimer's disease and other dementias,3,Rate,1992,17.445147147958245,44.61124512770062,3.9514253081360278
1,All Population,1,Deaths,208,Guinea,3,Both,27,Age-standardized,543,Alzheimer's disease and other dementias,3,Rate,1989,19.285356257092776,52.89935767543476,4.156010769602773
1,All Population,1,Deaths,216,Senegal,3,Both,27,Age-standardized,543,Alzheimer's disease and other dementias,3,Rate,1993,16.351651063849587,44.6524533569787,3.8240754570452244
1,All Population,1,Deaths,201,Burkina Faso,3,Both,27,Age-standardized,543,Alzheimer's disease and other dementias,3,Rate,2006,25.527361572292527,69.14520508905878,6.391539511282881
1,All Population,1,Deaths,200,Benin,3,Both,27,Age-standardized,543,Alzheimer's disease and other dementias,3,Rate,1997,17.79393975857006,45.20683564143089,4.046090130052019
1,All Population,1,Deaths,212,Mauritania,3,Both,27,Age-standardized,543,Alzheimer's disease and other dementias,3,Rate,2015,22.08271344727959,55.49255177781009,5.176810420741919
1,All Population,1,Deaths,212,Mauritania,3,Both,27,Age-standardized,543,Alzheimer's disease and other dementias,3,Rate,2014,22.177405574725114,55.73151572677295,5.158706382501955
1,All Population,1,Deaths,211,Mali,3,Both,27,Age-standardized,543,Alzheimer's disease and other dementias,3,Rate,1991,17.7839971054957,49.620788443017666,4.108355117318816
1,All Population,1,Deaths,211,Mali,3,Both,27,Age-standardized,543,Alzheimer's disease and other dementias,3,Rate,2023,16.660046518427787,46.13483996744185,3.8425341070444166
1,All Population,1,Deaths,203,Cabo Verde,3,Both,27,Age-standardized,543,Alzheimer's disease and other dementias,3,Rate,2022,20.031378584497364,53.07591228006061,4.757935411414572
1,All Population,1,Deaths,205,Côte d'Ivoire,3,Both,27,Age-standardized,543,Alzheimer's disease and other dementias,3,Rate,1989,17.828916370826914,51.34375317854443,4.186350319692662
1,All Population,1,Deaths,215,Sao Tome and Principe,3,Both,27,Age-standardized,543,Alzheimer's disease and other dementias,3,Rate,2012,22.744011528193063,56.80271151141784,5.25760681128552
1,All Population,1,Deaths,214,Nigeria,3,Both,27,Age-standardized,543,Alzheimer's disease and other dementias,3,Rate,2018,18.502801963034617,49.02780531676808,3.998106763419729
1,All Population,1,Deaths,208,Guinea,3,Both,27,Age-standardized,543,Alzheimer's disease and other dementias,3,Rate,2023,18.549467133612005,50.295797578218135,4.237223454073255
1,All Population,1,Deaths,208,Guinea,3,Both,27,Age-standardized,543,Alzheimer's disease and other dementias,3,Rate,2013,19.150393982435226,50.05003014850238,4.258990925820543
1,All Population,1,Deaths,207,Ghana,3,Both,27,Age-standardized,543,Alzheimer's disease and other dementias,3,Rate,2015,18.4813392504049,48.06035511153321,4.304042624312426
1,All Population,1,Deaths,210,Liberia,3,Both,27,Age-standardized,543,Alzheimer's disease and other dementias,3,Rate,2023,21.339160540821467,58.41782892895764,5.091192870563467
1,All Population,1,Deaths,201,Burkina Faso,3,Both,27,Age-standardized,543,Alzheimer's disease and other dementias,3,Rate,2023,25.017979188616017,64.99323250779896,6.350180035268839
1,All Population,1,Deaths,201,Burkina Faso,3,Both,27,Age-standardized,543,Alzheimer's disease and other dementias,3,Rate,1991,25.193049790763546,71.24474762578558,5.587184099802764
1,All Population,1,Deaths,200,Benin,3,Both,27,Age-standardized,543,Alzheimer's disease and other dementias,3,Rate,1993,17.560554714219293,45.241179593656604,3.9280372698973216
1,All Population,1,Deaths,202,Cameroon,3,Both,27,Age-standardized,543,Alzheimer's disease and other dementias,3,Rate,2019,22.303652028857055,61.61281777981904,5.152860512350035
1,All Population,1,Deaths,212,Mauritania,3,Both,27,Age-standardized,543,Alzheimer's disease and other dementias,3,Rate,2022,21.589764933894685,58.38157457824717,5.518068767919435
1,All Population,1,Deaths,213,Niger,3,Both,27,Age-standardized,543,Alzheimer's disease and other dementias,3,Rate,1996,21.506158975038876,57.880675342838074,4.803582786073313
1,All Population,1,Deaths,202,Cameroon,3,Both,27,Age-standardized,543,Alzheimer's disease and other dementias,3,Rate,2018,22.147717102156456,61.58427355086337,5.119639959253758
1,All Population,1,Deaths,204,Chad,3,Both,27,Age-standardized,543,Alzheimer's disease and other dementias,3,Rate,1992,21.635417532992378,59.14358591202304,4.754993198804046
1,All Population,1,Deaths,206,Gambia,3,Both,27,Age-standardized,543,Alzheimer's disease and other dementias,3,Rate,2007,16.826528432222172,47.0224098892647,4.065110124183225
1,All Population,1,Deaths,215,Sao Tome and Principe,3,Both,27,Age-standardized,543,Alzheimer's disease and other dementias,3,Rate,2019,24.712391905337363,64.63931924708213,5.977372510903984
1,All Population,1,Deaths,200,Benin,3,Both,27,Age-standardized,543,Alzheimer's disease and other dementias,3,Rate,1999,17.69583776809129,45.53823519156766,4.084548311272064
1,All Population,1,Deaths,218,Togo,3,Both,27,Age-standardized,543,Alzheimer's disease and other dementias,3,Rate,2022,19.9968981108323,53.67574612600611,4.74667239950993
1,All Population,1,Deaths,217,Sierra Leone,3,Both,27,Age-standardized,543,Alzheimer's disease and other dementias,3,Rate,2002,17.024341639901536,44.8468673377897,3.845171156398223
1,All Population,1,Deaths,205,Côte d'Ivoire,3,Both,27,Age-standardized,543,Alzheimer's disease and other dementias,3,Rate,1992,17.59172546230917,47.975303061111205,4.183278398594674
1,All Population,1,Deaths,208,Guinea,3,Both,27,Age-standardized,543,Alzheimer's disease and other dementias,3,Rate,2019,19.525969738342084,53.78448726277601,4.489837481790127
1,All Population,1,Deaths,214,Nigeria,3,Both,27,Age-standardized,543,Alzheimer's disease and other dementias,3,Rate,1992,15.55827477653475,40.74962914182569,3.7146098691102445
1,All Population,1,Deaths,208,Guinea,3,Both,27,Age-standardized,543,Alzheimer's disease and other dementias,3,Rate,2022,18.795359437482954,50.208035397077076,4.412235203447661
1,All Population,1,Deaths,200,Benin,3,Both,27,Age-standardized,543,Alzheimer's disease and other dementias,3,Rate,2000,17.9010576155144,46.6079202032986,4.12084985802793
1,All Population,1,Deaths,203,Cabo Verde,3,Both,27,Age-standardized,543,Alzheimer's disease and other dementias,3,Rate,2014,20.36737818815047,52.45563924340373,4.903106804277624
1,All Population,1,Deaths,203,Cabo Verde,3,Both,27,Age-standardized,543,Alzheimer's disease and other dementias,3,Rate,1990,18.535897387440976,51.55101135476053,4.485234082529699
1,All Population,1,Deaths,215,Sao Tome and Principe,3,Both,27,Age-standardized,543,Alzheimer's disease and other dementias,3,Rate,2011,22.631380858685375,57.484930510359625,5.358411274252912
1,All Population,1,Deaths,214,Nigeria,3,Both,27,Age-standardized,543,Alzheimer's disease and other dementias,3,Rate,2008,17.08321680458806,46.20131418432888,3.8176126111238937
1,All Population,1,Deaths,205,Côte d'Ivoire,3,Both,27,Age-standardized,543,Alzheimer's disease and other dementias,3,Rate,1990,17.935641869738824,51.45040837476289,4.228497963959007
1,All Population,1,Deaths,216,Senegal,3,Both,27,Age-standardized,543,Alzheimer's disease and other dementias,3,Rate,2012,19.35503021963491,47.86745817189623,4.450539270565176
1,All Population,1,Deaths,201,Burkina Faso,3,Both,27,Age-standardized,543,Alzheimer's disease and other dementias,3,Rate,2003,24.258997641184912,64.17647523187632,6.051029954407494
1,All Population,1,Deaths,216,Senegal,3,Both,27,Age-standardized,543,Alzheimer's disease and other dementias,3,Rate,1989,16.114842324253758,42.41849939936328,3.5788709194136947
1,All Population,1,Deaths,217,Sierra Leone,3,Both,27,Age-standardized,543,Alzheimer's disease and other dementias,3,Rate,2021,21.49329745612945,60.121069096013635,4.894396095627209
1,All Population,1,Deaths,211,Mali,3,Both,27,Age-standardized,543,Alzheimer's disease and other dementias,3,Rate,2021,16.913008923057756,45.56557569593695,4.131691575463204
1,All Population,1,Deaths,212,Mauritania,3,Both,27,Age-standardized,543,Alzheimer's disease and other dementias,3,Rate,1990,19.97046723511189,55.24634415730743,4.88920161756163
1,All Population,1,Deaths,203,Cabo Verde,3,Both,27,Age-standardized,543,Alzheimer's disease and other dementias,3,Rate,2023,20.54040594130467,54.24470323906887,5.022398578775974
1,All Population,1,Deaths,203,Cabo Verde,3,Both,27,Age-standardized,543,Alzheimer's disease and other dementias,3,Rate,2017,21.42986202238858,54.15416518418392,5.1007372585942266
1,All Population,1,Deaths,212,Mauritania,3,Both,27,Age-standardized,543,Alzheimer's disease and other dementias,3,Rate,2011,21.762072149792118,55.24402623751593,5.327235985062368
1,All Population,1,Deaths,214,Nigeria,3,Both,27,Age-standardized,543,Alzheimer's disease and other dementias,3,Rate,1999,16.0077604943618,41.596618915782265,3.8216762573402234
1,All Population,1,Deaths,214,Nigeria,3,Both,27,Age-standardized,543,Alzheimer's disease and other dementias,3,Rate,2009,17.255845919066168,46.63491609630768,3.7868671879087334
1,All Population,1,Deaths,217,Sierra Leone,3,Both,27,Age-standardized,543,Alzheimer's disease and other dementias,3,Rate,1993,16.384458032882687,44.30903144567346,3.6684776698182193
1,All Population,1,Deaths,217,Sierra Leone,3,Both,27,Age-standardized,543,Alzheimer's disease and other dementias,3,Rate,2011,19.7570007947963,50.86194849988414,4.596218254712872
1,All Population,1,Deaths,210,Liberia,3,Both,27,Age-standardized,543,Alzheimer's disease and other dementias,3,Rate,2013,23.567203394129933,61.507765173130025,5.7432649024767874
1,All Population,1,Deaths,201,Burkina Faso,3,Both,27,Age-standardized,543,Alzheimer's disease and other dementias,3,Rate,2001,24.1696586721197,61.35871589917933,6.044897747870995
1,All Population,1,Deaths,210,Liberia,3,Both,27,Age-standardized,543,Alzheimer's disease and other dementias,3,Rate,1989,20.15196321257098,55.070559919580504,4.647111116437838
1,All Population,1,Deaths,210,Liberia,3,Both,27,Age-standardized,543,Alzheimer's disease and other dementias,3,Rate,2003,20.907270976392287,54.854546014823114,4.926814534711434
1,All Population,1,Deaths,214,Nigeria,3,Both,27,Age-standardized,543,Alzheimer's disease and other dementias,3,Rate,2007,16.80772971770305,45.12857599127657,3.850090635333341
1,All Population,1,Deaths,206,Gambia,3,Both,27,Age-standardized,543,Alzheimer's disease and other dementias,3,Rate,1989,15.313909874003102,41.52346347035678,3.642733601595512
1,All Population,1,Deaths,208,Guinea,3,Both,27,Age-standardized,543,Alzheimer's disease and other dementias,3,Rate,2015,18.828151534161464,50.12428552579967,4.32475477777775
1,All Population,1,Deaths,201,Burkina Faso,3,Both,27,Age-standardized,543,Alzheimer's disease and other dementias,3,Rate,2012,25.62135187534075,67.05056337182845,6.268541299586546
1,All Population,1,Deaths,210,Liberia,3,Both,27,Age-standardized,543,Alzheimer's disease and other dementias,3,Rate,2012,23.31263870516215,61.03848648496692,5.726060512115337
1,All Population,1,Deaths,216,Senegal,3,Both,27,Age-standardized,543,Alzheimer's disease and other dementias,3,Rate,2013,20.255170992163595,52.17616581512948,4.741155584713729
1,All Population,1,Deaths,216,Senegal,3,Both,27,Age-standardized,543,Alzheimer's disease and other dementias,3,Rate,2023,21.240439083016557,57.17924423212364,5.080579949204708
1,All Population,1,Deaths,204,Chad,3,Both,27,Age-standardized,543,Alzheimer's disease and other dementias,3,Rate,2002,20.66716771548964,53.754667102455585,4.706455100089148
1,All Population,1,Deaths,213,Niger,3,Both,27,Age-standardized,543,Alzheimer's disease and other dementias,3,Rate,2015,21.78453552599327,56.323013227944244,4.893192467756225
1,All Population,1,Deaths,200,Benin,3,Both,27,Age-standardized,543,Alzheimer's disease and other dementias,3,Rate,2004,17.18856308451439,44.01521105097006,4.210328806511836
1,All Population,1,Deaths,200,Benin,3,Both,27,Age-standardized,543,Alzheimer's disease and other dementias,3,Rate,2007,17.30261641817517,45.050435426425516,4.170806546692485
1,All Population,1,Deaths,218,Togo,3,Both,27,Age-standardized,543,Alzheimer's disease and other dementias,3,Rate,2011,18.678559362999817,49.39483127394098,4.6783860351648805
1,All Population,1,Deaths,203,Cabo Verde,3,Both,27,Age-standardized,543,Alzheimer's disease and other dementias,3,Rate,2006,17.450453675614185,43.24222919636011,4.134522743711455
1,All Population,1,Deaths,212,Mauritania,3,Both,27,Age-standardized,543,Alzheimer's disease and other dementias,3,Rate,2023,22.89540069459577,60.67900501378478,5.717861292996333
1,All Population,1,Deaths,213,Niger,3,Both,27,Age-standardized,543,Alzheimer's disease and other dementias,3,Rate,1988,21.319904507711918,56.89827501229487,4.5559834468904645
1,All Population,1,Deaths,216,Senegal,3,Both,27,Age-standardized,543,Alzheimer's disease and other dementias,3,Rate,2022,20.437383484282332,57.156360713421215,5.086090785074285
1,All Population,1,Deaths,217,Sierra Leone,3,Both,27,Age-standardized,543,Alzheimer's disease and other dementias,3,Rate,2012,20.22598062632354,51.80332877515032,4.7606299845145275
1,All Population,1,Deaths,216,Senegal,3,Both,27,Age-standardized,543,Alzheimer's disease and other dementias,3,Rate,2019,21.930179840622035,57.255584295617446,5.558794953216158
1,All Population,1,Deaths,216,Senegal,3,Both,27,Age-standardized,543,Alzheimer's disease and other dementias,3,Rate,1995,16.27123078243658,43.94522104490091,4.053950089162881
1,All Population,1,Deaths,201,Burkina Faso,3,Both,27,Age-standardized,543,Alzheimer's disease and other dementias,3,Rate,2018,26.29008401718945,67.29652239605713,6.722228070518995
1,All Population,1,Deaths,217,Sierra Leone,3,Both,27,Age-standardized,543,Alzheimer's disease and other dementias,3,Rate,1989,16.268777333672734,44.18240464386657,3.5672910567772043
1,All Population,1,Deaths,218,Togo,3,Both,27,Age-standardized,543,Alzheimer's disease and other dementias,3,Rate,2000,18.257266033165465,49.497982492433415,4.516075216486973
1,All Population,1,Deaths,210,Liberia,3,Both,27,Age-standardized,543,Alzheimer's disease and other dementias,3,Rate,2019,22.87015045774271,60.94441580710279,5.360209302711518
1,All Population,1,Deaths,200,Benin,3,Both,27,Age-standardized,543,Alzheimer's disease and other dementias,3,Rate,2009,17.877207529091447,46.12296831130786,4.274180700861771
1,All Population,1,Deaths,205,Côte d'Ivoire,3,Both,27,Age-standardized,543,Alzheimer's disease and other dementias,3,Rate,1995,17.140515692551826,46.8334610192636,4.106875614274503
1,All Population,1,Deaths,215,Sao Tome and Principe,3,Both,27,Age-standardized,543,Alzheimer's disease and other dementias,3,Rate,1992,18.3291827202955,50.7637236551906,4.292917399367232
1,All Population,1,Deaths,206,Gambia,3,Both,27,Age-standardized,543,Alzheimer's disease and other dementias,3,Rate,1992,16.15192937546761,44.94797610222162,3.84808028572176
1,All Population,1,Deaths,204,Chad,3,Both,27,Age-standardized,543,Alzheimer's disease and other dementias,3,Rate,2022,19.973978276244488,55.45692972521313,4.726641712303375
1,All Population,1,Deaths,215,Sao Tome and Principe,3,Both,27,Age-standardized,543,Alzheimer's disease and other dementias,3,Rate,2008,21.562515831888792,57.55925789745098,5.17514870585121
1,All Population,1,Deaths,206,Gambia,3,Both,27,Age-standardized,543,Alzheimer's disease and other dementias,3,Rate,1990,15.76542817764413,43.52021879859059,3.6534873424231744
1,All Population,1,Deaths,215,Sao Tome and Principe,3,Both,27,Age-standardized,543,Alzheimer's disease and other dementias,3,Rate,2009,21.93967486576282,58.05994678727796,5.260736405620075
1,All Population,1,Deaths,204,Chad,3,Both,27,Age-standardized,543,Alzheimer's disease and other dementias,3,Rate,2001,20.598623567548824,54.25476038539317,4.714887747681793
1,All Population,1,Deaths,213,Niger,3,Both,27,Age-standardized,543,Alzheimer's disease and other dementias,3,Rate,2001,21.1829501256993,57.62986191071345,4.686633153668126
1,All Population,1,Deaths,213,Niger,3,Both,27,Age-standardized,543,Alzheimer's disease and other dementias,3,Rate,2022,22.51013021755797,60.25136090340991,5.177526407849506
1,All Population,1,Deaths,217,Sierra Leone,3,Both,27,Age-standardized,543,Alzheimer's disease and other dementias,3,Rate,2013,20.536290167381644,52.49614533221925,4.694036325796024
1,All Population,1,Deaths,201,Burkina Faso,3,Both,27,Age-standardized,543,Alzheimer's disease and other dementias,3,Rate,2016,25.99636304711931,66.53342084160977,6.640625043502944
1,All Population,1,Deaths,210,Liberia,3,Both,27,Age-standardized,543,Alzheimer's disease and other dementias,3,Rate,2001,21.016322503543282,55.91521305518127,4.88659721825726
1,All Population,1,Deaths,217,Sierra Leone,3,Both,27,Age-standardized,543,Alzheimer's disease and other dementias,3,Rate,2023,20.722594595007976,55.587886305218085,5.129218648641802
1,All Population,1,Deaths,215,Sao Tome and Principe,3,Both,27,Age-standardized,543,Alzheimer's disease and other dementias,3,Rate,1999,19.208828406784786,50.8130647332437,4.411049413466136
1,All Population,1,Deaths,217,Sierra Leone,3,Both,27,Age-standardized,543,Alzheimer's disease and other dementias,3,Rate,2022,20.995672995619227,58.06157286852622,4.736986930785891
1,All Population,1,Deaths,200,Benin,3,Both,27,Age-standardized,543,Alzheimer's disease and other dementias,3,Rate,2013,18.101789851259706,47.940506782564874,4.118133148363694
1,All Population,1,Deaths,200,Benin,3,Both,27,Age-standardized,543,Alzheimer's disease and other dementias,3,Rate,2010,17.967695255445943,46.6158524714913,4.275127204007564
1,All Population,1,Deaths,214,Nigeria,3,Both,27,Age-standardized,543,Alzheimer's disease and other dementias,3,Rate,2017,18.139263591976096,49.560978983061325,4.000882981676222
1,All Population,1,Deaths,214,Nigeria,3,Both,27,Age-standardized,543,Alzheimer's disease and other dementias,3,Rate,1994,15.664226482795693,42.107508306995086,3.7908183056748923
1,All Population,1,Deaths,212,Mauritania,3,Both,27,Age-standardized,543,Alzheimer's disease and other dementias,3,Rate,2021,21.592429937915966,57.13140910503455,5.19390212158444
1,All Population,1,Deaths,204,Chad,3,Both,27,Age-standardized,543,Alzheimer's disease and other dementias,3,Rate,2008,20.225795433025997,54.10445413265507,4.699110516278972
1,All Population,1,Deaths,213,Niger,3,Both,27,Age-standardized,543,Alzheimer's disease and other dementias,3,Rate,2014,22.397051653183432,59.32388075086233,4.875352809514943
1,All Population,1,Deaths,218,Togo,3,Both,27,Age-standardized,543,Alzheimer's disease and other dementias,3,Rate,2014,18.669461759754096,48.29162698487626,4.525908454122109
1,All Population,1,Deaths,218,Togo,3,Both,27,Age-standardized,543,Alzheimer's disease and other dementias,3,Rate,2009,18.318461635961302,48.72637093894221,4.58256609938598
1,All Population,1,Deaths,203,Cabo Verde,3,Both,27,Age-standardized,543,Alzheimer's disease and other dementias,3,Rate,2016,21.782763365511816,55.10631358543133,5.208708499138914
1,All Population,1,Deaths,218,Togo,3,Both,27,Age-standardized,543,Alzheimer's disease and other dementias,3,Rate,2002,18.382702090827802,49.27965847168094,4.394822718553456
1,All Population,1,Deaths,205,Côte d'Ivoire,3,Both,27,Age-standardized,543,Alzheimer's disease and other dementias,3,Rate,1994,17.282638136562497,47.254601771193684,4.14861379938474
1,All Population,1,Deaths,214,Nigeria,3,Both,27,Age-standardized,543,Alzheimer's disease and other dementias,3,Rate,1989,15.362171323268548,40.633478085714195,3.535680548087976
1,All Population,1,Deaths,218,Togo,3,Both,27,Age-standardized,543,Alzheimer's disease and other dementias,3,Rate,2023,19.82287202857244,53.30604540571799,4.560114897292371
1,All Population,1,Deaths,200,Benin,3,Both,27,Age-standardized,543,Alzheimer's disease and other dementias,3,Rate,2015,17.482515164407136,45.600608750938676,4.034327833741879
1,All Population,1,Deaths,201,Burkina Faso,3,Both,27,Age-standardized,543,Alzheimer's disease and other dementias,3,Rate,2009,25.745113266000544,70.28393653969995,6.302765923453458
1,All Population,1,Deaths,207,Ghana,3,Both,27,Age-standardized,543,Alzheimer's disease and other dementias,3,Rate,1997,17.150671861409037,46.194169964586905,4.132679823577601
1,All Population,1,Deaths,209,Guinea-Bissau,3,Both,27,Age-standardized,543,Alzheimer's disease and other dementias,3,Rate,2017,21.411674518952534,57.39690507694442,5.043803206767013
1,All Population,1,Deaths,217,Sierra Leone,3,Both,27,Age-standardized,543,Alzheimer's disease and other dementias,3,Rate,1995,16.556420049735717,45.818988438483935,3.8456069346006325
1,All Population,1,Deaths,213,Niger,3,Both,27,Age-standardized,543,Alzheimer's disease and other dementias,3,Rate,2016,21.692953679811232,57.86906911752798,4.919154998833092
1,All Population,1,Deaths,204,Chad,3,Both,27,Age-standardized,543,Alzheimer's disease and other dementias,3,Rate,2005,20.32117326779232,52.90128732811679,4.728275260754418
1,All Population,1,Deaths,204,Chad,3,Both,27,Age-standardized,543,Alzheimer's disease and other dementias,3,Rate,2014,20.832305213697907,53.49528913008195,4.675144277950007
1,All Population,1,Deaths,206,Gambia,3,Both,27,Age-standardized,543,Alzheimer's disease and other dementias,3,Rate,1995,16.552818104921165,45.27490437062311,4.215842627010709
1,All Population,1,Deaths,208,Guinea,3,Both,27,Age-standardized,543,Alzheimer's disease and other dementias,3,Rate,1997,19.960631942037626,54.433361181768475,4.788684492012168
1,All Population,1,Deaths,214,Nigeria,3,Both,27,Age-standardized,543,Alzheimer's disease and other dementias,3,Rate,1990,15.53572513108294,41.070618563748255,3.6040207024789246
1,All Population,1,Deaths,214,Nigeria,3,Both,27,Age-standardized,543,Alzheimer's disease and other dementias,3,Rate,2013,17.980091855096003,48.56789904536093,3.8468563793463106
1,All Population,1,Deaths,204,Chad,3,Both,27,Age-standardized,543,Alzheimer's disease and other dementias,3,Rate,2023,19.655434779130804,54.796771805998944,4.527997997055691
1,All Population,1,Deaths,213,Niger,3,Both,27,Age-standardized,543,Alzheimer's disease and other dementias,3,Rate,2011,22.172508185768873,57.00070346833608,4.917986904199466
1,All Population,1,Deaths,212,Mauritania,3,Both,27,Age-standardized,543,Alzheimer's disease and other dementias,3,Rate,1991,19.840429434323454,54.80927512924892,4.935540645276143
1,All Population,1,Deaths,215,Sao Tome and Principe,3,Both,27,Age-standardized,543,Alzheimer's disease and other dementias,3,Rate,1994,18.483544012866815,50.7103414787805,4.432238930237706
1,All Population,1,Deaths,204,Chad,3,Both,27,Age-standardized,543,Alzheimer's disease and other dementias,3,Rate,1990,21.65301954774844,58.104346462531744,4.566284397951921
1,All Population,1,Deaths,203,Cabo Verde,3,Both,27,Age-standardized,543,Alzheimer's disease and other dementias,3,Rate,2018,23.3657551657874,59.80430952774091,5.647173487627188
1,All Population,1,Deaths,203,Cabo Verde,3,Both,27,Age-standardized,543,Alzheimer's disease and other dementias,3,Rate,2019,22.97496091528692,59.565236373942625,5.600753661313713
1,All Population,1,Deaths,216,Senegal,3,Both,27,Age-standardized,543,Alzheimer's disease and other dementias,3,Rate,2018,20.922781305422248,54.65710190529252,5.200122902733945
1,All Population,1,Deaths,206,Gambia,3,Both,27,Age-standardized,543,Alzheimer's disease and other dementias,3,Rate,1994,15.68428374213541,42.61505333596732,3.97673333157557
1,All Population,1,Deaths,209,Guinea-Bissau,3,Both,27,Age-standardized,543,Alzheimer's disease and other dementias,3,Rate,1994,18.593858630033115,50.11553687079042,4.409412898703688
1,All Population,1,Deaths,218,Togo,3,Both,27,Age-standardized,543,Alzheimer's disease and other dementias,3,Rate,1989,18.979500398369172,52.31410407534095,4.173221339722531
1,All Population,1,Deaths,216,Senegal,3,Both,27,Age-standardized,543,Alzheimer's disease and other dementias,3,Rate,2007,18.948698676947537,48.112844132119484,4.621294587239357
1,All Population,1,Deaths,215,Sao Tome and Principe,3,Both,27,Age-standardized,543,Alzheimer's disease and other dementias,3,Rate,2013,22.97795908640306,57.04489225980047,5.231493219918062
1,All Population,1,Deaths,213,Niger,3,Both,27,Age-standardized,543,Alzheimer's disease and other dementias,3,Rate,2021,22.64264802560291,62.13489044478644,5.2274168322158205
1,All Population,1,Deaths,213,Niger,3,Both,27,Age-standardized,543,Alzheimer's disease and other dementias,3,Rate,1990,21.253193286338,56.6127137095589,4.81488732739863
1,All Population,1,Deaths,213,Niger,3,Both,27,Age-standardized,543,Alzheimer's disease and other dementias,3,Rate,2023,21.858857943505228,59.698714863293766,5.051068079117236
1,All Population,1,Deaths,204,Chad,3,Both,27,Age-standardized,543,Alzheimer's disease and other dementias,3,Rate,2017,20.83099144763473,54.40011170262422,4.951374117942177
1,All Population,1,Deaths,215,Sao Tome and Principe,3,Both,27,Age-standardized,543,Alzheimer's disease and other dementias,3,Rate,1990,18.082011129492052,50.32122832759544,4.270858942977755
1,All Population,1,Deaths,205,Côte d'Ivoire,3,Both,27,Age-standardized,543,Alzheimer's disease and other dementias,3,Rate,1997,16.84252778550631,45.95185344639659,4.098587588153602
1,All Population,1,Deaths,204,Chad,3,Both,27,Age-standardized,543,Alzheimer's disease and other dementias,3,Rate,2000,20.68492618417663,54.089235505622334,4.708688822111325
1,All Population,1,Deaths,209,Guinea-Bissau,3,Both,27,Age-standardized,543,Alzheimer's disease and other dementias,3,Rate,2005,19.468298353301893,51.97305442622733,4.598613882931071
1,All Population,1,Deaths,214,Nigeria,3,Both,27,Age-standardized,543,Alzheimer's disease and other dementias,3,Rate,2006,16.940063218603537,44.196503442378685,3.9072741056501354
1,All Population,1,Deaths,207,Ghana,3,Both,27,Age-standardized,543,Alzheimer's disease and other dementias,3,Rate,2006,17.863174663377116,46.6570958069835,4.168418637996968
1,All Population,1,Deaths,218,Togo,3,Both,27,Age-standardized,543,Alzheimer's disease and other dementias,3,Rate,2012,18.574854974746394,48.28304819436839,4.5731419557680315
1,All Population,1,Deaths,209,Guinea-Bissau,3,Both,27,Age-standardized,543,Alzheimer's disease and other dementias,3,Rate,2008,19.754324606954903,51.25836187406909,4.683156853630385
1,All Population,1,Deaths,209,Guinea-Bissau,3,Both,27,Age-standardized,543,Alzheimer's disease and other dementias,3,Rate,2006,19.213889598309834,50.697721446155,4.539043247634631
1,All Population,1,Deaths,208,Guinea,3,Both,27,Age-standardized,543,Alzheimer's disease and other dementias,3,Rate,2006,19.122655521699134,50.12220435989522,4.417034107909835
1,All Population,1,Deaths,218,Togo,3,Both,27,Age-standardized,543,Alzheimer's disease and other dementias,3,Rate,2003,18.070799427425353,48.13671692714687,4.355904571113707
1,All Population,1,Deaths,209,Guinea-Bissau,3,Both,27,Age-standardized,543,Alzheimer's disease and other dementias,3,Rate,1992,18.15681717047522,48.0395375828449,4.281449904536246
1,All Population,1,Deaths,206,Gambia,3,Both,27,Age-standardized,543,Alzheimer's disease and other dementias,3,Rate,1997,15.806735400585033,43.20023610525706,4.045239169919973
1,All Population,1,Deaths,209,Guinea-Bissau,3,Both,27,Age-standardized,543,Alzheimer's disease and other dementias,3,Rate,2018,21.700191199004795,58.94143287104958,5.304511254094321
1,All Population,1,Deaths,201,Burkina Faso,3,Both,27,Age-standardized,543,Alzheimer's disease and other dementias,3,Rate,1992,24.92530239074497,69.31718350993036,5.659350030836909
1,All Population,1,Deaths,218,Togo,3,Both,27,Age-standardized,543,Alzheimer's disease and other dementias,3,Rate,2013,18.89014901943007,49.84411608453973,4.493446204862473
1,All Population,1,Deaths,216,Senegal,3,Both,27,Age-standardized,543,Alzheimer's disease and other dementias,3,Rate,2003,17.9793509488543,47.27221214075163,4.29017991644701
1,All Population,1,Deaths,207,Ghana,3,Both,27,Age-standardized,543,Alzheimer's disease and other dementias,3,Rate,2003,17.56164696159197,46.26683237685168,4.148918055135612
1,All Population,1,Deaths,215,Sao Tome and Principe,3,Both,27,Age-standardized,543,Alzheimer's disease and other dementias,3,Rate,2006,20.945535619078445,56.03750808262381,5.032085456205014
1,All Population,1,Deaths,214,Nigeria,3,Both,27,Age-standardized,543,Alzheimer's disease and other dementias,3,Rate,1997,15.89375168381669,40.536723640799536,3.7563910703626187
1,All Population,1,Deaths,204,Chad,3,Both,27,Age-standardized,543,Alzheimer's disease and other dementias,3,Rate,2006,20.25783571116835,53.63660861501045,4.767016962467043
1,All Population,1,Deaths,211,Mali,3,Both,27,Age-standardized,543,Alzheimer's disease and other dementias,3,Rate,2008,17.647131427996335,43.2326543749953,4.414472226905648
1,All Population,1,Deaths,218,Togo,3,Both,27,Age-standardized,543,Alzheimer's disease and other dementias,3,Rate,2001,18.16365004251137,48.181166493988044,4.4084724458398075
1,All Population,1,Deaths,217,Sierra Leone,3,Both,27,Age-standardized,543,Alzheimer's disease and other dementias,3,Rate,2003,17.153745170889188,45.358829020467425,3.9233098327683784
1,All Population,1,Deaths,205,Côte d'Ivoire,3,Both,27,Age-standardized,543,Alzheimer's disease and other dementias,3,Rate,2010,17.272598248924318,43.798085009451036,4.062220629784831
1,All Population,1,Deaths,207,Ghana,3,Both,27,Age-standardized,543,Alzheimer's disease and other dementias,3,Rate,2016,18.748310655852695,48.93311657772025,4.4806856283093985
1,All Population,1,Deaths,215,Sao Tome and Principe,3,Both,27,Age-standardized,543,Alzheimer's disease and other dementias,3,Rate,1997,18.620707447583964,50.54268720760159,4.335022801834675
1,All Population,1,Deaths,210,Liberia,3,Both,27,Age-standardized,543,Alzheimer's disease and other dementias,3,Rate,2017,22.420004313927027,60.27593473189902,5.501523197206005
1,All Population,1,Deaths,204,Chad,3,Both,27,Age-standardized,543,Alzheimer's disease and other dementias,3,Rate,2016,20.782547958803782,54.43061513414509,4.9018705556024535
1,All Population,1,Deaths,202,Cameroon,3,Both,27,Age-standardized,543,Alzheimer's disease and other dementias,3,Rate,1993,21.846963328990636,57.78578316669332,5.11349802654868
1,All Population,1,Deaths,211,Mali,3,Both,27,Age-standardized,543,Alzheimer's disease and other dementias,3,Rate,2005,17.515085663539093,44.63936192721276,4.367686317902969
1,All Population,1,Deaths,204,Chad,3,Both,27,Age-standardized,543,Alzheimer's disease and other dementias,3,Rate,2018,20.94382918609206,56.1355051874765,4.905329809972712
1,All Population,1,Deaths,204,Chad,3,Both,27,Age-standardized,543,Alzheimer's disease and other dementias,3,Rate,2019,21.014314624444452,56.90362705200157,4.941729862648114
1,All Population,1,Deaths,213,Niger,3,Both,27,Age-standardized,543,Alzheimer's disease and other dementias,3,Rate,1991,21.17342481620046,56.69235958532189,4.862894855843381
1,All Population,1,Deaths,206,Gambia,3,Both,27,Age-standardized,543,Alzheimer's disease and other dementias,3,Rate,2010,16.638065095788917,45.3892114026468,3.821155750632335
1,All Population,1,Deaths,217,Sierra Leone,3,Both,27,Age-standardized,543,Alzheimer's disease and other dementias,3,Rate,2018,20.774954211980585,56.33802590655085,5.1071725501339245
1,All Population,1,Deaths,210,Liberia,3,Both,27,Age-standardized,543,Alzheimer's disease and other dementias,3,Rate,1994,20.630330305254564,57.89392320983678,4.893049193042799
1,All Population,1,Deaths,207,Ghana,3,Both,27,Age-standardized,543,Alzheimer's disease and other dementias,3,Rate,2009,17.875811009773496,46.24460621052613,4.113363864904937
1,All Population,1,Deaths,216,Senegal,3,Both,27,Age-standardized,543,Alzheimer's disease and other dementias,3,Rate,2016,20.752784927311872,54.47254833277456,5.054880866509232
1,All Population,1,Deaths,209,Guinea-Bissau,3,Both,27,Age-standardized,543,Alzheimer's disease and other dementias,3,Rate,2016,21.166620569066943,56.450119128716864,4.918469232208373
1,All Population,1,Deaths,210,Liberia,3,Both,27,Age-standardized,543,Alzheimer's disease and other dementias,3,Rate,2018,22.37896749277058,59.983387935322035,5.332707703978974
1,All Population,1,Deaths,205,Côte d'Ivoire,3,Both,27,Age-standardized,543,Alzheimer's disease and other dementias,3,Rate,2003,16.443976302815607,44.64848438966263,3.9129091806392897
1,All Population,1,Deaths,203,Cabo Verde,3,Both,27,Age-standardized,543,Alzheimer's disease and other dementias,3,Rate,2010,18.278496818225133,45.843513503801766,4.251072845063423
1,All Population,1,Deaths,211,Mali,3,Both,27,Age-standardized,543,Alzheimer's disease and other dementias,3,Rate,2017,17.90473015576448,47.38617071174022,4.299715078385667
1,All Population,1,Deaths,214,Nigeria,3,Both,27,Age-standardized,543,Alzheimer's disease and other dementias,3,Rate,2003,16.39047790083251,42.626799128723036,3.7126865804499434
1,All Population,1,Deaths,208,Guinea,3,Both,27,Age-standardized,543,Alzheimer's disease and other dementias,3,Rate,2016,18.927041607059866,50.114688212000544,4.352574372578283
1,All Population,1,Deaths,214,Nigeria,3,Both,27,Age-standardized,543,Alzheimer's disease and other dementias,3,Rate,2010,17.533338606745822,46.42558492938123,3.823567064335985
1,All Population,1,Deaths,210,Liberia,3,Both,27,Age-standardized,543,Alzheimer's disease and other dementias,3,Rate,2006,21.9516648723259,58.053447539264695,5.205385622159839
1,All Population,1,Deaths,210,Liberia,3,Both,27,Age-standardized,543,Alzheimer's disease and other dementias,3,Rate,2008,22.579714616331962,59.17897969391281,5.271973957291733
1,All Population,1,Deaths,217,Sierra Leone,3,Both,27,Age-standardized,543,Alzheimer's disease and other dementias,3,Rate,2007,18.479823589834478,50.85541679048208,4.328344069543593
1,All Population,1,Deaths,207,Ghana,3,Both,27,Age-standardized,543,Alzheimer's disease and other dementias,3,Rate,2007,17.667851156267467,46.75581678831804,4.178040173248685
1,All Population,1,Deaths,210,Liberia,3,Both,27,Age-standardized,543,Alzheimer's disease and other dementias,3,Rate,2005,21.068711959967953,55.45349361868376,5.103856130158489
1,All Population,1,Deaths,210,Liberia,3,Both,27,Age-standardized,543,Alzheimer's disease and other dementias,3,Rate,1992,20.353610962642044,57.05317464085741,4.768950346653805
1,All Population,1,Deaths,202,Cameroon,3,Both,27,Age-standardized,543,Alzheimer's disease and other dementias,3,Rate,1995,21.56770431329266,56.73511629741025,5.143091482115886
1,All Population,1,Deaths,215,Sao Tome and Principe,3,Both,27,Age-standardized,543,Alzheimer's disease and other dementias,3,Rate,2010,22.60950884915746,58.534347976667355,5.4482576351412
1,All Population,1,Deaths,205,Côte d'Ivoire,3,Both,27,Age-standardized,543,Alzheimer's disease and other dementias,3,Rate,2006,17.015146828136952,44.15580416293342,4.132225196506938
1,All Population,1,Deaths,215,Sao Tome and Principe,3,Both,27,Age-standardized,543,Alzheimer's disease and other dementias,3,Rate,2003,19.74105709027895,53.52626748749378,4.630648829833162
1,All Population,1,Deaths,216,Senegal,3,Both,27,Age-standardized,543,Alzheimer's disease and other dementias,3,Rate,2017,20.758208797365835,54.075360819152735,5.059055699935157
1,All Population,1,Deaths,210,Liberia,3,Both,27,Age-standardized,543,Alzheimer's disease and other dementias,3,Rate,2016,22.311540385751776,60.07650503729137,5.401103356946336
1,All Population,1,Deaths,201,Burkina Faso,3,Both,27,Age-standardized,543,Alzheimer's disease and other dementias,3,Rate,1998,24.374224717650115,63.75011028977454,6.08590617001702
1,All Population,1,Deaths,218,Togo,3,Both,27,Age-standardized,543,Alzheimer's disease and other dementias,3,Rate,1998,18.344572677430612,49.69556816180066,4.555465030659896
1,All Population,1,Deaths,217,Sierra Leone,3,Both,27,Age-standardized,543,Alzheimer's disease and other dementias,3,Rate,2016,20.379988731458358,53.99544737884609,4.646076327761573
1,All Population,1,Deaths,208,Guinea,3,Both,27,Age-standardized,543,Alzheimer's disease and other dementias,3,Rate,2009,18.920212681663408,50.58627923309656,4.237267403885533
1,All Population,1,Deaths,208,Guinea,3,Both,27,Age-standardized,543,Alzheimer's disease and other dementias,3,Rate,2007,18.926094238302724,50.28093969397367,4.273325765098813
1,All Population,1,Deaths,206,Gambia,3,Both,27,Age-standardized,543,Alzheimer's disease and other dementias,3,Rate,2003,16.18181699925388,42.75915565457343,4.141186172222411
1,All Population,1,Deaths,212,Mauritania,3,Both,27,Age-standardized,543,Alzheimer's disease and other dementias,3,Rate,2008,21.002560574510365,53.310856797748656,5.183242903101841
1,All Population,1,Deaths,202,Cameroon,3,Both,27,Age-standardized,543,Alzheimer's disease and other dementias,3,Rate,1994,21.687900995191278,57.43814933411791,5.204445859593784
1,All Population,1,Deaths,212,Mauritania,3,Both,27,Age-standardized,543,Alzheimer's disease and other dementias,3,Rate,1994,20.01336059406733,54.666806218375754,5.033309636614878
1,All Population,1,Deaths,206,Gambia,3,Both,27,Age-standardized,543,Alzheimer's disease and other dementias,3,Rate,2006,16.954337114542145,46.08853006310218,4.246851884308674
1,All Population,1,Deaths,201,Burkina Faso,3,Both,27,Age-standardized,543,Alzheimer's disease and other dementias,3,Rate,1995,24.498281478372483,65.58787358756601,5.82862069679905
1,All Population,1,Deaths,218,Togo,3,Both,27,Age-standardized,543,Alzheimer's disease and other dementias,3,Rate,1992,19.078030744408366,51.80033106855737,4.442685819546838
1,All Population,1,Deaths,201,Burkina Faso,3,Both,27,Age-standardized,543,Alzheimer's disease and other dementias,3,Rate,1993,24.80388219117056,68.8133487122194,5.778927266279454
1,All Population,1,Deaths,216,Senegal,3,Both,27,Age-standardized,543,Alzheimer's disease and other dementias,3,Rate,2009,19.838006163078223,48.95399099173637,4.824217001731199
1,All Population,1,Deaths,211,Mali,3,Both,27,Age-standardized,543,Alzheimer's disease and other dementias,3,Rate,2019,18.285276142125202,48.99635317243737,4.495877752303422
1,All Population,1,Deaths,211,Mali,3,Both,27,Age-standardized,543,Alzheimer's disease and other dementias,3,Rate,2006,17.653323177406698,43.821375231922296,4.384831710844032
1,All Population,1,Deaths,203,Cabo Verde,3,Both,27,Age-standardized,543,Alzheimer's disease and other dementias,3,Rate,1993,18.23637894895697,49.95682533771158,4.550135731435268
1,All Population,1,Deaths,211,Mali,3,Both,27,Age-standardized,543,Alzheimer's disease and other dementias,3,Rate,2018,18.113810695517987,48.66998870799666,4.396861501174312
1,All Population,1,Deaths,211,Mali,3,Both,27,Age-standardized,543,Alzheimer's disease and other dementias,3,Rate,2016,17.676502803797725,45.55665849524508,4.214550869597077
1,All Population,1,Deaths,217,Sierra Leone,3,Both,27,Age-standardized,543,Alzheimer's disease and other dementias,3,Rate,2009,19.146718096769106,49.07741973463914,4.44192061742871
1,All Population,1,Deaths,216,Senegal,3,Both,27,Age-standardized,543,Alzheimer's disease and other dementias,3,Rate,2015,20.09805122213837,52.416359339888466,4.735944857971858
1,All Population,1,Deaths,212,Mauritania,3,Both,27,Age-standardized,543,Alzheimer's disease and other dementias,3,Rate,2017,22.790110311041353,59.43387282159741,5.752497345560147
1,All Population,1,Deaths,203,Cabo Verde,3,Both,27,Age-standardized,543,Alzheimer's disease and other dementias,3,Rate,1995,18.458032273196405,50.042329575240416,4.452504730746635
1,All Population,1,Deaths,209,Guinea-Bissau,3,Both,27,Age-standardized,543,Alzheimer's disease and other dementias,3,Rate,1995,18.505598327555134,49.59622753865094,4.358877167215895
1,All Population,1,Deaths,201,Burkina Faso,3,Both,27,Age-standardized,543,Alzheimer's disease and other dementias,3,Rate,1997,24.403833190687735,64.72759637799088,5.9845225382686085
1,All Population,1,Deaths,217,Sierra Leone,3,Both,27,Age-standardized,543,Alzheimer's disease and other dementias,3,Rate,2015,20.46233936759124,52.28843187276286,4.631844553472518
1,All Population,1,Deaths,209,Guinea-Bissau,3,Both,27,Age-standardized,543,Alzheimer's disease and other dementias,3,Rate,1993,18.274523404607624,48.652920771979964,4.341012718267208
1,All Population,1,Deaths,217,Sierra Leone,3,Both,27,Age-standardized,543,Alzheimer's disease and other dementias,3,Rate,2017,20.709078063519954,56.01269013558904,4.940373794029227
1,All Population,1,Deaths,210,Liberia,3,Both,27,Age-standardized,543,Alzheimer's disease and other dementias,3,Rate,1995,20.650292120729862,56.856625715478046,5.0172386649698995
1,All Population,1,Deaths,207,Ghana,3,Both,27,Age-standardized,543,Alzheimer's disease and other dementias,3,Rate,2018,19.91400061600231,53.76111737489948,4.908140104009913
1,All Population,1,Deaths,213,Niger,3,Both,27,Age-standardized,543,Alzheimer's disease and other dementias,3,Rate,1994,21.368321872932263,57.80359657303827,4.642410788720554
1,All Population,1,Deaths,203,Cabo Verde,3,Both,27,Age-standardized,543,Alzheimer's disease and other dementias,3,Rate,1994,18.084727556389318,50.16171636670206,4.487088803530859
1,All Population,1,Deaths,212,Mauritania,3,Both,27,Age-standardized,543,Alzheimer's disease and other dementias,3,Rate,2019,24.035734606551834,63.417066855208205,5.911907492238483
1,All Population,1,Deaths,213,Niger,3,Both,27,Age-standardized,543,Alzheimer's disease and other dementias,3,Rate,2008,21.743320161410917,59.98659660195528,4.9012945323380706
1,All Population,1,Deaths,208,Guinea,3,Both,27,Age-standardized,543,Alzheimer's disease and other dementias,3,Rate,2018,19.190328823059236,51.78285128746167,4.399502335686468
1,All Population,1,Deaths,215,Sao Tome and Principe,3,Both,27,Age-standardized,543,Alzheimer's disease and other dementias,3,Rate,1989,17.80366294553969,48.78648179009694,4.284270302850017
1,All Population,1,Deaths,201,Burkina Faso,3,Both,27,Age-standardized,543,Alzheimer's disease and other dementias,3,Rate,2007,25.086668491439337,67.8727183706539,6.2551475122575555
1,All Population,1,Deaths,201,Burkina Faso,3,Both,27,Age-standardized,543,Alzheimer's disease and other dementias,3,Rate,2013,25.910410848342277,67.70141414967703,6.400967497054169
1,All Population,1,Deaths,201,Burkina Faso,3,Both,27,Age-standardized,543,Alzheimer's disease and other dementias,3,Rate,1999,24.207638347835616,62.60674770682814,6.0752455275637525
1,All Population,1,Deaths,212,Mauritania,3,Both,27,Age-standardized,543,Alzheimer's disease and other dementias,3,Rate,2006,21.605175887925455,56.00045323573821,5.495139490881796
1,All Population,1,Deaths,205,Côte d'Ivoire,3,Both,27,Age-standardized,543,Alzheimer's disease and other dementias,3,Rate,2015,17.63090014452914,45.09964073262131,4.413966482432597
1,All Population,1,Deaths,212,Mauritania,3,Both,27,Age-standardized,543,Alzheimer's disease and other dementias,3,Rate,2018,22.96340266062158,61.43185101739237,5.737410767938724
1,All Population,1,Deaths,204,Chad,3,Both,27,Age-standardized,543,Alzheimer's disease and other dementias,3,Rate,1993,21.75106503178218,60.264380043091855,4.735283138679824
1,All Population,1,Deaths,202,Cameroon,3,Both,27,Age-standardized,543,Alzheimer's disease and other dementias,3,Rate,2009,21.185015638816516,56.58406169225438,4.970703474082582
1,All Population,1,Deaths,203,Cabo Verde,3,Both,27,Age-standardized,543,Alzheimer's disease and other dementias,3,Rate,1999,17.08216292119389,45.151097262791716,4.144850224642973
1,All Population,1,Deaths,202,Cameroon,3,Both,27,Age-standardized,543,Alzheimer's disease and other dementias,3,Rate,1997,21.471629506149377,56.18072830399722,5.077307297865718
1,All Population,1,Deaths,209,Guinea-Bissau,3,Both,27,Age-standardized,543,Alzheimer's disease and other dementias,3,Rate,1997,19.511992549277203,51.76924030994499,4.8041816992382484
1,All Population,1,Deaths,209,Guinea-Bissau,3,Both,27,Age-standardized,543,Alzheimer's disease and other dementias,3,Rate,1998,18.779413009561893,49.81663963133236,4.617211843002899
1,All Population,1,Deaths,201,Burkina Faso,3,Both,27,Age-standardized,543,Alzheimer's disease and other dementias,3,Rate,2000,24.615820941398464,63.136532092854964,6.1039740794377035
1,All Population,1,Deaths,201,Burkina Faso,3,Both,27,Age-standardized,543,Alzheimer's disease and other dementias,3,Rate,2010,25.751445640606498,68.72016071204656,6.226943050022382
1,All Population,1,Deaths,201,Burkina Faso,3,Both,27,Age-standardized,543,Alzheimer's disease and other dementias,3,Rate,2004,24.4347536785078,64.30426002601513,6.161225791980912
1,All Population,1,Deaths,204,Chad,3,Both,27,Age-standardized,543,Alzheimer's disease and other dementias,3,Rate,1995,21.24777582074295,58.32158873594909,4.609532515442245
1,All Population,1,Deaths,213,Niger,3,Both,27,Age-standardized,543,Alzheimer's disease and other dementias,3,Rate,2017,22.200170863608612,60.99357318430567,5.108318142564047
1,All Population,1,Deaths,209,Guinea-Bissau,3,Both,27,Age-standardized,543,Alzheimer's disease and other dementias,3,Rate,1999,18.692491029160987,49.88887050764373,4.58448967957259
1,All Population,1,Deaths,201,Burkina Faso,3,Both,27,Age-standardized,543,Alzheimer's disease and other dementias,3,Rate,2015,25.88564384894096,67.22718869130159,6.521392119451781
1,All Population,1,Deaths,210,Liberia,3,Both,27,Age-standardized,543,Alzheimer's disease and other dementias,3,Rate,1998,21.064177035622407,56.135762839052425,5.0321875344481235
1,All Population,1,Deaths,205,Côte d'Ivoire,3,Both,27,Age-standardized,543,Alzheimer's disease and other dementias,3,Rate,2004,16.399579665197095,43.18699199451095,3.87533108414116
1,All Population,1,Deaths,202,Cameroon,3,Both,27,Age-standardized,543,Alzheimer's disease and other dementias,3,Rate,1998,21.4651914240343,57.15346184303586,4.987864380597918
1,All Population,1,Deaths,204,Chad,3,Both,27,Age-standardized,543,Alzheimer's disease and other dementias,3,Rate,1994,21.50654741355929,59.051729574804966,4.634157943761726
1,All Population,1,Deaths,213,Niger,3,Both,27,Age-standardized,543,Alzheimer's disease and other dementias,3,Rate,2019,23.026028550273796,61.438505279461175,5.289864411515262
1,All Population,1,Deaths,210,Liberia,3,Both,27,Age-standardized,543,Alzheimer's disease and other dementias,3,Rate,1997,20.844969553537275,55.01176242525344,5.057023551430991
1,All Population,1,Deaths,210,Liberia,3,Both,27,Age-standardized,543,Alzheimer's disease and other dementias,3,Rate,1999,21.021332703874954,56.00202002932717,4.980101688160199
1,All Population,1,Deaths,215,Sao Tome and Principe,3,Both,27,Age-standardized,543,Alzheimer's disease and other dementias,3,Rate,2017,24.528732211707066,61.97229015890049,5.682071781006149
1,All Population,1,Deaths,206,Gambia,3,Both,27,Age-standardized,543,Alzheimer's disease and other dementias,3,Rate,2004,16.873286880001807,45.06907844473797,4.285675998502029
1,All Population,1,Deaths,213,Niger,3,Both,27,Age-standardized,543,Alzheimer's disease and other dementias,3,Rate,2018,22.397812521751135,60.90357721671746,5.21417856073838
1,All Population,1,Deaths,203,Cabo Verde,3,Both,27,Age-standardized,543,Alzheimer's disease and other dementias,3,Rate,1997,17.485644999153564,46.52483286401372,4.314877352761206
1,All Population,1,Deaths,206,Gambia,3,Both,27,Age-standardized,543,Alzheimer's disease and other dementias,3,Rate,2015,16.639155082415567,45.5681774828281,4.007695495540193
1,All Population,1,Deaths,211,Mali,3,Both,27,Age-standardized,543,Alzheimer's disease and other dementias,3,Rate,1995,18.170910300806074,48.53780543123034,4.452568748662561
1,All Population,1,Deaths,218,Togo,3,Both,27,Age-standardized,543,Alzheimer's disease and other dementias,3,Rate,1999,18.06238005773811,49.06094746031636,4.5150674449560215
1,All Population,1,Deaths,218,Togo,3,Both,27,Age-standardized,543,Alzheimer's disease and other dementias,3,Rate,2006,17.90250297246491,47.47870201127824,4.473201405412209
1,All Population,1,Deaths,203,Cabo Verde,3,Both,27,Age-standardized,543,Alzheimer's disease and other dementias,3,Rate,1998,17.205720904063682,45.67155291174483,4.175233330983482
1,All Population,1,Deaths,209,Guinea-Bissau,3,Both,27,Age-standardized,543,Alzheimer's disease and other dementias,3,Rate,2004,18.89270527258746,51.12870890632714,4.446396738002552
1,All Population,1,Deaths,218,Togo,3,Both,27,Age-standardized,543,Alzheimer's disease and other dementias,3,Rate,2007,17.64737631290912,46.64008989559367,4.532016068451373
1,All Population,1,Deaths,204,Chad,3,Both,27,Age-standardized,543,Alzheimer's disease and other dementias,3,Rate,1997,21.087852584641617,56.58924819339588,4.82637743187448
1,All Population,1,Deaths,211,Mali,3,Both,27,Age-standardized,543,Alzheimer's disease and other dementias,3,Rate,2003,17.674749749859025,46.8580927299035,4.495575736686952
1,All Population,1,Deaths,209,Guinea-Bissau,3,Both,27,Age-standardized,543,Alzheimer's disease and other dementias,3,Rate,2007,19.270957415463723,50.7260445698367,4.5366939438149885
1,All Population,1,Deaths,202,Cameroon,3,Both,27,Age-standardized,543,Alzheimer's disease and other dementias,3,Rate,2003,21.17358838134972,55.54862637732663,5.051170802370188
1,All Population,1,Deaths,202,Cameroon,3,Both,27,Age-standardized,543,Alzheimer's disease and other dementias,3,Rate,2000,21.498284336092883,58.29569351263463,4.975808275813061
1,All Population,1,Deaths,204,Chad,3,Both,27,Age-standardized,543,Alzheimer's disease and other dementias,3,Rate,1999,20.66569631370563,54.91704666392668,4.705192267044279
1,All Population,1,Deaths,210,Liberia,3,Both,27,Age-standardized,543,Alzheimer's disease and other dementias,3,Rate,2007,21.788847449668836,57.803943439530286,5.108216021923285
1,All Population,1,Deaths,211,Mali,3,Both,27,Age-standardized,543,Alzheimer's disease and other dementias,3,Rate,2000,18.139710050134887,47.436223202907755,4.530181973834559
1,All Population,1,Deaths,212,Mauritania,3,Both,27,Age-standardized,543,Alzheimer's disease and other dementias,3,Rate,1995,20.190382129470816,55.1886360082539,5.17251324849745
1,All Population,1,Deaths,209,Guinea-Bissau,3,Both,27,Age-standardized,543,Alzheimer's disease and other dementias,3,Rate,2009,19.811491424447766,51.63151220119959,4.783188171766063
1,All Population,1,Deaths,210,Liberia,3,Both,27,Age-standardized,543,Alzheimer's disease and other dementias,3,Rate,2009,23.112269784690344,60.17785369111351,5.464069548513336
1,All Population,1,Deaths,209,Guinea-Bissau,3,Both,27,Age-standardized,543,Alzheimer's disease and other dementias,3,Rate,2010,20.075753222286558,52.31767214860707,4.819045081210565
1,All Population,1,Deaths,210,Liberia,3,Both,27,Age-standardized,543,Alzheimer's disease and other dementias,3,Rate,2010,23.289531271478296,59.57403190274962,5.666989179317634
1,All Population,1,Deaths,204,Chad,3,Both,27,Age-standardized,543,Alzheimer's disease and other dementias,3,Rate,1998,20.906415870193644,55.75340643856483,4.765024365550099
1,All Population,1,Deaths,205,Côte d'Ivoire,3,Both,27,Age-standardized,543,Alzheimer's disease and other dementias,3,Rate,2013,17.789513229672878,46.69010416348763,4.2492409839146585
1,All Population,1,Deaths,218,Togo,3,Both,27,Age-standardized,543,Alzheimer's disease and other dementias,3,Rate,2010,18.51236545926507,49.62910438050035,4.652844851835551
1,All Population,1,Deaths,203,Cabo Verde,3,Both,27,Age-standardized,543,Alzheimer's disease and other dementias,3,Rate,2003,17.22936997277495,44.02398149141109,4.11796403335297
1,All Population,1,Deaths,212,Mauritania,3,Both,27,Age-standardized,543,Alzheimer's disease and other dementias,3,Rate,2000,21.01302832566074,55.662091055928485,5.105953900869978
1,All Population,1,Deaths,212,Mauritania,3,Both,27,Age-standardized,543,Alzheimer's disease and other dementias,3,Rate,2003,20.6948470215598,54.568929868916,5.066826907603627
1,All Population,1,Deaths,211,Mali,3,Both,27,Age-standardized,543,Alzheimer's disease and other dementias,3,Rate,1997,18.159675194139666,49.30432089739126,4.523771614989097
1,All Population,1,Deaths,203,Cabo Verde,3,Both,27,Age-standardized,543,Alzheimer's disease and other dementias,3,Rate,2000,17.0206953136384,44.03234052001248,4.087909185750719
1,All Population,1,Deaths,204,Chad,3,Both,27,Age-standardized,543,Alzheimer's disease and other dementias,3,Rate,2010,20.49248646211655,54.402527672268725,4.662401192916797
1,All Population,1,Deaths,211,Mali,3,Both,27,Age-standardized,543,Alzheimer's disease and other dementias,3,Rate,1999,18.06520428608338,47.50909273075463,4.445435144360863
1,All Population,1,Deaths,218,Togo,3,Both,27,Age-standardized,543,Alzheimer's disease and other dementias,3,Rate,2015,18.5916059379671,47.205511437846134,4.536293967000567
1,All Population,1,Deaths,202,Cameroon,3,Both,27,Age-standardized,543,Alzheimer's disease and other dementias,3,Rate,2012,21.3831955500287,56.17363430079586,4.978560173468883
1,All Population,1,Deaths,206,Gambia,3,Both,27,Age-standardized,543,Alzheimer's disease and other dementias,3,Rate,2013,16.476388625172294,43.95715423402333,3.9683412955104953
1,All Population,1,Deaths,213,Niger,3,Both,27,Age-standardized,543,Alzheimer's disease and other dementias,3,Rate,2003,21.17168441242613,59.48158763698798,4.735432501893887
1,All Population,1,Deaths,212,Mauritania,3,Both,27,Age-standardized,543,Alzheimer's disease and other dementias,3,Rate,1997,20.57403952809007,55.26070787732797,5.045831048615584
1,All Population,1,Deaths,204,Chad,3,Both,27,Age-standardized,543,Alzheimer's disease and other dementias,3,Rate,2003,20.53953020671009,52.8228092631204,4.745518453387626
1,All Population,1,Deaths,211,Mali,3,Both,27,Age-standardized,543,Alzheimer's disease and other dementias,3,Rate,1998,18.165456434486543,48.579145811993314,4.443528906448795
1,All Population,1,Deaths,202,Cameroon,3,Both,27,Age-standardized,543,Alzheimer's disease and other dementias,3,Rate,2004,21.02617592878792,53.84829445975093,5.060917526801101
1,All Population,1,Deaths,202,Cameroon,3,Both,27,Age-standardized,543,Alzheimer's disease and other dementias,3,Rate,2007,20.652920738458707,55.74432712611995,5.043172608030036
1,All Population,1,Deaths,202,Cameroon,3,Both,27,Age-standardized,543,Alzheimer's disease and other dementias,3,Rate,2013,21.470344336122224,55.34159836557285,4.867813998133603
1,All Population,1,Deaths,202,Cameroon,3,Both,27,Age-standardized,543,Alzheimer's disease and other dementias,3,Rate,2015,21.363577257335727,56.19673002206743,4.828919731994086
1,All Population,1,Deaths,203,Cabo Verde,3,Both,27,Age-standardized,543,Alzheimer's disease and other dementias,3,Rate,2009,18.07450545873939,45.37089989178933,4.298179458352611
1,All Population,1,Deaths,213,Niger,3,Both,27,Age-standardized,543,Alzheimer's disease and other dementias,3,Rate,2000,21.46174408833234,57.017672686975615,4.790569337942761
1,All Population,1,Deaths,202,Cameroon,3,Both,27,Age-standardized,543,Alzheimer's disease and other dementias,3,Rate,2010,21.36903154120733,56.86894195865883,4.957790459813464
1,All Population,1,Deaths,212,Mauritania,3,Both,27,Age-standardized,543,Alzheimer's disease and other dementias,3,Rate,1999,20.644702520023788,55.49193979469304,5.161563369272643
1,All Population,1,Deaths,212,Mauritania,3,Both,27,Age-standardized,543,Alzheimer's disease and other dementias,3,Rate,1998,20.801273062405976,56.101758367300945,5.198439054527985
1,All Population,1,Deaths,213,Niger,3,Both,27,Age-standardized,543,Alzheimer's disease and other dementias,3,Rate,1997,21.534202479314928,57.626859108756385,4.805512983118635
1,All Population,1,Deaths,203,Cabo Verde,3,Both,27,Age-standardized,543,Alzheimer's disease and other dementias,3,Rate,2007,17.618530055625097,43.83185617436483,4.183456349445701
1,All Population,1,Deaths,209,Guinea-Bissau,3,Both,27,Age-standardized,543,Alzheimer's disease and other dementias,3,Rate,2015,20.803970595859056,55.219915124335266,4.84309723813108
1,All Population,1,Deaths,203,Cabo Verde,3,Both,27,Age-standardized,543,Alzheimer's disease and other dementias,3,Rate,2004,17.328258418315414,43.39312463347099,4.120446615556956
1,All Population,1,Deaths,213,Niger,3,Both,27,Age-standardized,543,Alzheimer's disease and other dementias,3,Rate,1999,21.260397719831765,57.80924020145359,4.739509310707598
1,All Population,1,Deaths,213,Niger,3,Both,27,Age-standardized,543,Alzheimer's disease and other dementias,3,Rate,1998,21.495324072250487,58.193887896965144,4.752322492599278
1,All Population,1,Deaths,204,Chad,3,Both,27,Age-standardized,543,Alzheimer's disease and other dementias,3,Rate,2007,20.186046030987363,53.53395850833505,4.74277613457671
1,All Population,1,Deaths,210,Liberia,3,Both,27,Age-standardized,543,Alzheimer's disease and other dementias,3,Rate,2015,22.63883152304525,59.93851815669213,5.479563520802274
1,All Population,1,Deaths,204,Chad,3,Both,27,Age-standardized,543,Alzheimer's disease and other dementias,3,Rate,2004,20.37421376988268,52.79329480990664,4.678750431318313
1,All Population,1,Deaths,211,Mali,3,Both,27,Age-standardized,543,Alzheimer's disease and other dementias,3,Rate,2007,17.56807714085047,43.382946709145024,4.321978289785369
1,All Population,1,Deaths,204,Chad,3,Both,27,Age-standardized,543,Alzheimer's disease and other dementias,3,Rate,2009,20.31018259231066,53.74800080342671,4.656519125414366
1,All Population,1,Deaths,211,Mali,3,Both,27,Age-standardized,543,Alzheimer's disease and other dementias,3,Rate,2009,17.63656368745141,43.22351697195438,4.471511638129862
1,All Population,1,Deaths,212,Mauritania,3,Both,27,Age-standardized,543,Alzheimer's disease and other dementias,3,Rate,2007,21.28515699325923,55.320239703043676,5.402860210206863
1,All Population,1,Deaths,212,Mauritania,3,Both,27,Age-standardized,543,Alzheimer's disease and other dementias,3,Rate,2009,21.64158005475021,54.34268436792138,5.248565387606413
1,All Population,1,Deaths,203,Cabo Verde,3,Both,27,Age-standardized,543,Alzheimer's disease and other dementias,3,Rate,2012,18.552022616944768,47.73888612899254,4.282240736924833
1,All Population,1,Deaths,213,Niger,3,Both,27,Age-standardized,543,Alzheimer's disease and other dementias,3,Rate,2007,21.55470326550843,60.19839681053039,4.883771510192365
1,All Population,1,Deaths,203,Cabo Verde,3,Both,27,Age-standardized,543,Alzheimer's disease and other dementias,3,Rate,2013,19.379665536378027,49.6915626167355,4.5887398166624
1,All Population,1,Deaths,211,Mali,3,Both,27,Age-standardized,543,Alzheimer's disease and other dementias,3,Rate,2012,17.375879538443904,42.605668796017795,4.290280602321871
1,All Population,1,Deaths,213,Niger,3,Both,27,Age-standardized,543,Alzheimer's disease and other dementias,3,Rate,2009,21.974421726340612,58.095954150836,4.905548747482119
1,All Population,1,Deaths,211,Mali,3,Both,27,Age-standardized,543,Alzheimer's disease and other dementias,3,Rate,2013,17.824564050266787,43.79956581648002,4.251914809299367
1,All Population,1,Deaths,203,Cabo Verde,3,Both,27,Age-standardized,543,Alzheimer's disease and other dementias,3,Rate,2015,20.62021300310239,52.44758420625819,4.923122888440008
1,All Population,1,Deaths,211,Mali,3,Both,27,Age-standardized,543,Alzheimer's disease and other dementias,3,Rate,2010,17.677158889961667,43.17780712724007,4.512672391798803
1,All Population,1,Deaths,204,Chad,3,Both,27,Age-standardized,543,Alzheimer's disease and other dementias,3,Rate,2012,20.57301378495314,53.6818761496677,4.637728174262697
1,All Population,1,Deaths,212,Mauritania,3,Both,27,Age-standardized,543,Alzheimer's disease and other dementias,3,Rate,2012,21.84193737696862,55.812239973470845,5.337449066823327
1,All Population,1,Deaths,212,Mauritania,3,Both,27,Age-standardized,543,Alzheimer's disease and other dementias,3,Rate,2010,21.74157220404427,54.48987539120796,5.305989535997177
1,All Population,1,Deaths,213,Niger,3,Both,27,Age-standardized,543,Alzheimer's disease and other dementias,3,Rate,2012,22.297343106582606,57.647924214642615,4.922695838506504
1,All Population,1,Deaths,212,Mauritania,3,Both,27,Age-standardized,543,Alzheimer's disease and other dementias,3,Rate,2013,22.404969698031856,57.540904049198446,5.414130971662002
1,All Population,1,Deaths,213,Niger,3,Both,27,Age-standardized,543,Alzheimer's disease and other dementias,3,Rate,2010,22.111395854451303,56.10217473756734,4.962911734149611
1,All Population,1,Deaths,213,Niger,3,Both,27,Age-standardized,543,Alzheimer's disease and other dementias,3,Rate,2013,22.62637986266542,59.20518083574102,4.920047672319125
1,All Population,1,Deaths,204,Chad,3,Both,27,Age-standardized,543,Alzheimer's disease and other dementias,3,Rate,2013,20.807310105082625,53.274525062073515,4.7380632460464795
1,All Population,1,Deaths,204,Chad,3,Both,27,Age-standardized,543,Alzheimer's disease and other dementias,3,Rate,2015,20.632865857929954,53.33917392299491,4.713290139147017
1,All Population,2,DALYs (Disability-Adjusted Life Years),211,Mali,3,Both,27,Age-standardized,543,Alzheimer's disease and other dementias,3,Rate,1990,310.3449979556488,693.2933595730789,126.61773992187815
1,All Population,2,DALYs (Disability-Adjusted Life Years),200,Benin,3,Both,27,Age-standardized,543,Alzheimer's disease and other dementias,3,Rate,1990,304.6400209702151,670.0090584264104,126.21677343383988
1,All Population,2,DALYs (Disability-Adjusted Life Years),201,Burkina Faso,3,Both,27,Age-standardized,543,Alzheimer's disease and other dementias,3,Rate,1990,404.12959880494526,929.1203309928602,152.6083006049587
1,All Population,2,DALYs (Disability-Adjusted Life Years),212,Mauritania,3,Both,27,Age-standardized,543,Alzheimer's disease and other dementias,3,Rate,1990,340.13673366265806,782.0995100168469,140.39253541692756
1,All Population,2,DALYs (Disability-Adjusted Life Years),210,Liberia,3,Both,27,Age-standardized,543,Alzheimer's disease and other dementias,3,Rate,1991,338.62665617931964,772.6106996858692,135.74807924564936
1,All Population,2,DALYs (Disability-Adjusted Life Years),211,Mali,3,Both,27,Age-standardized,543,Alzheimer's disease and other dementias,3,Rate,1991,309.8632295190793,689.1674401081563,126.37698362373943
1,All Population,2,DALYs (Disability-Adjusted Life Years),200,Benin,3,Both,27,Age-standardized,543,Alzheimer's disease and other dementias,3,Rate,1991,305.25963595928755,663.7743330302771,126.59147155283058
1,All Population,2,DALYs (Disability-Adjusted Life Years),214,Nigeria,3,Both,27,Age-standardized,543,Alzheimer's disease and other dementias,3,Rate,1990,272.94874572599855,578.9325799788253,115.68812678446741
1,All Population,2,DALYs (Disability-Adjusted Life Years),201,Burkina Faso,3,Both,27,Age-standardized,543,Alzheimer's disease and other dementias,3,Rate,1991,397.82037394301426,920.7729439026292,148.14196138423887
1,All Population,2,DALYs (Disability-Adjusted Life Years),202,Cameroon,3,Both,27,Age-standardized,543,Alzheimer's disease and other dementias,3,Rate,1990,362.48287983071697,842.9063808613615,136.64524703776718
1,All Population,2,DALYs (Disability-Adjusted Life Years),213,Niger,3,Both,27,Age-standardized,543,Alzheimer's disease and other dementias,3,Rate,1990,350.7042565164972,765.5567906638707,135.96822500233677
1,All Population,2,DALYs (Disability-Adjusted Life Years),203,Cabo Verde,3,Both,27,Age-standardized,543,Alzheimer's disease and other dementias,3,Rate,1990,312.87416238753025,692.9551901201638,132.56220401237098
1,All Population,2,DALYs (Disability-Adjusted Life Years),213,Niger,3,Both,27,Age-standardized,543,Alzheimer's disease and other dementias,3,Rate,1991,348.99400281542785,764.3531653568311,136.33642822302372
1,All Population,2,DALYs (Disability-Adjusted Life Years),212,Mauritania,3,Both,27,Age-standardized,543,Alzheimer's disease and other dementias,3,Rate,1991,337.56430764704055,776.2553655280769,138.22859616811056
1,All Population,2,DALYs (Disability-Adjusted Life Years),202,Cameroon,3,Both,27,Age-standardized,543,Alzheimer's disease and other dementias,3,Rate,1991,360.9055748910033,834.1180023289407,135.6006538954973
1,All Population,2,DALYs (Disability-Adjusted Life Years),204,Chad,3,Both,27,Age-standardized,543,Alzheimer's disease and other dementias,3,Rate,1990,355.1909331345937,800.3475378088905,136.61286452863152
1,All Population,2,DALYs (Disability-Adjusted Life Years),214,Nigeria,3,Both,27,Age-standardized,543,Alzheimer's disease and other dementias,3,Rate,1991,274.28299131192557,584.0082311202752,115.51596437677479
1,All Population,2,DALYs (Disability-Adjusted Life Years),204,Chad,3,Both,27,Age-standardized,543,Alzheimer's disease and other dementias,3,Rate,1991,355.3029187319509,803.6791785192031,137.08470417718618
1,All Population,2,DALYs (Disability-Adjusted Life Years),215,Sao Tome and Principe,3,Both,27,Age-standardized,543,Alzheimer's disease and other dementias,3,Rate,1990,309.1244125630474,689.3295571523688,127.93685832686698
1,All Population,2,DALYs (Disability-Adjusted Life Years),215,Sao Tome and Principe,3,Both,27,Age-standardized,543,Alzheimer's disease and other dementias,3,Rate,1991,309.0091343644181,695.6354875466194,127.61630862982915
1,All Population,2,DALYs (Disability-Adjusted Life Years),208,Guinea,3,Both,27,Age-standardized,543,Alzheimer's disease and other dementias,3,Rate,1990,329.4020570283563,755.5823206882051,130.72637070309915
1,All Population,2,DALYs (Disability-Adjusted Life Years),206,Gambia,3,Both,27,Age-standardized,543,Alzheimer's disease and other dementias,3,Rate,1990,285.41178837646316,641.4537666043638,122.71165294471704
1,All Population,2,DALYs (Disability-Adjusted Life Years),216,Senegal,3,Both,27,Age-standardized,543,Alzheimer's disease and other dementias,3,Rate,1990,288.8504344581171,622.9025896965475,120.14278243713969
1,All Population,2,DALYs (Disability-Adjusted Life Years),205,Côte d'Ivoire,3,Both,27,Age-standardized,543,Alzheimer's disease and other dementias,3,Rate,1990,305.678010913497,729.6775001352614,125.23047865174419
1,All Population,2,DALYs (Disability-Adjusted Life Years),203,Cabo Verde,3,Both,27,Age-standardized,543,Alzheimer's disease and other dementias,3,Rate,1991,313.3583727946021,702.0304149737475,133.19060070048312
1,All Population,2,DALYs (Disability-Adjusted Life Years),206,Gambia,3,Both,27,Age-standardized,543,Alzheimer's disease and other dementias,3,Rate,1991,286.02145714827475,632.8171121341855,122.66528690106087
1,All Population,2,DALYs (Disability-Adjusted Life Years),208,Guinea,3,Both,27,Age-standardized,543,Alzheimer's disease and other dementias,3,Rate,1992,332.15126783423733,740.7436792200216,131.28007925801876
1,All Population,2,DALYs (Disability-Adjusted Life Years),217,Sierra Leone,3,Both,27,Age-standardized,543,Alzheimer's disease and other dementias,3,Rate,1990,293.7213619326456,627.6720524606459,125.77008764784902
1,All Population,2,DALYs (Disability-Adjusted Life Years),218,Togo,3,Both,27,Age-standardized,543,Alzheimer's disease and other dementias,3,Rate,1990,325.9976349375873,736.8937601609739,131.8607142230658
1,All Population,2,DALYs (Disability-Adjusted Life Years),216,Senegal,3,Both,27,Age-standardized,543,Alzheimer's disease and other dementias,3,Rate,1991,289.5026714735623,632.7739245588872,122.19224622820177
1,All Population,2,DALYs (Disability-Adjusted Life Years),217,Sierra Leone,3,Both,27,Age-standardized,543,Alzheimer's disease and other dementias,3,Rate,1991,291.636856699602,612.0397555320448,125.00900202368635
1,All Population,2,DALYs (Disability-Adjusted Life Years),210,Liberia,3,Both,27,Age-standardized,543,Alzheimer's disease and other dementias,3,Rate,1990,336.47780755958314,764.4098533909724,136.26011085182245
1,All Population,2,DALYs (Disability-Adjusted Life Years),204,Chad,3,Both,27,Age-standardized,543,Alzheimer's disease and other dementias,3,Rate,1993,354.64333337410835,803.1405901976641,136.98248352235282
1,All Population,2,DALYs (Disability-Adjusted Life Years),205,Côte d'Ivoire,3,Both,27,Age-standardized,543,Alzheimer's disease and other dementias,3,Rate,1991,302.6602549771077,706.357078864574,125.06482689846575
1,All Population,2,DALYs (Disability-Adjusted Life Years),208,Guinea,3,Both,27,Age-standardized,543,Alzheimer's disease and other dementias,3,Rate,1991,330.28722876095765,753.2415400252197,131.25205043000742
1,All Population,2,DALYs (Disability-Adjusted Life Years),207,Ghana,3,Both,27,Age-standardized,543,Alzheimer's disease and other dementias,3,Rate,1990,293.74090920590857,627.2384619617866,124.8204440450965
1,All Population,2,DALYs (Disability-Adjusted Life Years),218,Togo,3,Both,27,Age-standardized,543,Alzheimer's disease and other dementias,3,Rate,1991,325.1282731661086,728.0897206511945,131.60521474682213
1,All Population,2,DALYs (Disability-Adjusted Life Years),204,Chad,3,Both,27,Age-standardized,543,Alzheimer's disease and other dementias,3,Rate,1995,347.3576922653614,773.3304458936516,134.36380630960988
1,All Population,2,DALYs (Disability-Adjusted Life Years),213,Niger,3,Both,27,Age-standardized,543,Alzheimer's disease and other dementias,3,Rate,1993,349.8889530955296,757.8870619955217,137.98730331544138
1,All Population,2,DALYs (Disability-Adjusted Life Years),200,Benin,3,Both,27,Age-standardized,543,Alzheimer's disease and other dementias,3,Rate,1992,305.0196847102781,651.1835811273406,125.95529942295994
1,All Population,2,DALYs (Disability-Adjusted Life Years),207,Ghana,3,Both,27,Age-standardized,543,Alzheimer's disease and other dementias,3,Rate,1993,295.67884020902,620.2499955994805,126.45396940937212
1,All Population,2,DALYs (Disability-Adjusted Life Years),210,Liberia,3,Both,27,Age-standardized,543,Alzheimer's disease and other dementias,3,Rate,1992,336.91632956615626,773.7763621763518,135.4429963576199
1,All Population,2,DALYs (Disability-Adjusted Life Years),206,Gambia,3,Both,27,Age-standardized,543,Alzheimer's disease and other dementias,3,Rate,1993,286.65787726837596,623.9081970096989,122.7854266516942
1,All Population,2,DALYs (Disability-Adjusted Life Years),207,Ghana,3,Both,27,Age-standardized,543,Alzheimer's disease and other dementias,3,Rate,1991,294.02298036223686,629.6085964879602,124.04482373579708
1,All Population,2,DALYs (Disability-Adjusted Life Years),200,Benin,3,Both,27,Age-standardized,543,Alzheimer's disease and other dementias,3,Rate,1993,305.14725673912716,655.1653676930185,125.58279809476933
1,All Population,2,DALYs (Disability-Adjusted Life Years),215,Sao Tome and Principe,3,Both,27,Age-standardized,543,Alzheimer's disease and other dementias,3,Rate,1993,310.5468740685138,700.0093433656028,126.25261008196412
1,All Population,2,DALYs (Disability-Adjusted Life Years),206,Gambia,3,Both,27,Age-standardized,543,Alzheimer's disease and other dementias,3,Rate,1995,293.46244455605773,640.3101374065603,128.14006746678461
1,All Population,2,DALYs (Disability-Adjusted Life Years),209,Guinea-Bissau,3,Both,27,Age-standardized,543,Alzheimer's disease and other dementias,3,Rate,1993,314.813478523058,716.0144834220775,127.90550823130624
1,All Population,2,DALYs (Disability-Adjusted Life Years),201,Burkina Faso,3,Both,27,Age-standardized,543,Alzheimer's disease and other dementias,3,Rate,1992,394.59151541932255,900.2562260940701,150.12518323184935
1,All Population,2,DALYs (Disability-Adjusted Life Years),202,Cameroon,3,Both,27,Age-standardized,543,Alzheimer's disease and other dementias,3,Rate,1992,359.58729041430314,802.0606398780434,136.92304120708656
1,All Population,2,DALYs (Disability-Adjusted Life Years),209,Guinea-Bissau,3,Both,27,Age-standardized,543,Alzheimer's disease and other dementias,3,Rate,1992,313.9628079166573,715.3330891604041,126.13424827676573
1,All Population,2,DALYs (Disability-Adjusted Life Years),204,Chad,3,Both,27,Age-standardized,543,Alzheimer's disease and other dementias,3,Rate,1996,346.647699699674,767.1353442686953,135.9415269731128
1,All Population,2,DALYs (Disability-Adjusted Life Years),212,Mauritania,3,Both,27,Age-standardized,543,Alzheimer's disease and other dementias,3,Rate,1992,338.54632274175475,771.9437244538464,137.81053833937818
1,All Population,2,DALYs (Disability-Adjusted Life Years),209,Guinea-Bissau,3,Both,27,Age-standardized,543,Alzheimer's disease and other dementias,3,Rate,1990,314.3943299786199,727.4157112825509,128.01657218300213
1,All Population,2,DALYs (Disability-Adjusted Life Years),204,Chad,3,Both,27,Age-standardized,543,Alzheimer's disease and other dementias,3,Rate,1994,351.01144689424143,779.4127917640134,135.89877797106843
1,All Population,2,DALYs (Disability-Adjusted Life Years),201,Burkina Faso,3,Both,27,Age-standardized,543,Alzheimer's disease and other dementias,3,Rate,1993,393.22794653211884,895.143060505036,150.54224083716065
1,All Population,2,DALYs (Disability-Adjusted Life Years),211,Mali,3,Both,27,Age-standardized,543,Alzheimer's disease and other dementias,3,Rate,1993,311.2665264385136,671.1415467188542,129.97903950341322
1,All Population,2,DALYs (Disability-Adjusted Life Years),209,Guinea-Bissau,3,Both,27,Age-standardized,543,Alzheimer's disease and other dementias,3,Rate,1991,314.07180710791704,729.1260328085905,127.07133232343405
1,All Population,2,DALYs (Disability-Adjusted Life Years),206,Gambia,3,Both,27,Age-standardized,543,Alzheimer's disease and other dementias,3,Rate,1994,282.32403281601523,612.0524501672293,123.5195632564703
1,All Population,2,DALYs (Disability-Adjusted Life Years),214,Nigeria,3,Both,27,Age-standardized,543,Alzheimer's disease and other dementias,3,Rate,1992,272.48868153790806,572.681305925455,115.36969328485107
1,All Population,2,DALYs (Disability-Adjusted Life Years),206,Gambia,3,Both,27,Age-standardized,543,Alzheimer's disease and other dementias,3,Rate,1996,284.7655281815664,618.8646978379749,125.88482684394468
1,All Population,2,DALYs (Disability-Adjusted Life Years),202,Cameroon,3,Both,27,Age-standardized,543,Alzheimer's disease and other dementias,3,Rate,1993,357.81730024729444,784.221357762324,137.60318440610135
1,All Population,2,DALYs (Disability-Adjusted Life Years),217,Sierra Leone,3,Both,27,Age-standardized,543,Alzheimer's disease and other dementias,3,Rate,1993,292.8362414486281,622.9303251664261,123.47335123572361
1,All Population,2,DALYs (Disability-Adjusted Life Years),203,Cabo Verde,3,Both,27,Age-standardized,543,Alzheimer's disease and other dementias,3,Rate,1993,309.3079050073117,696.5139793914668,133.04340533454555
1,All Population,2,DALYs (Disability-Adjusted Life Years),208,Guinea,3,Both,27,Age-standardized,543,Alzheimer's disease and other dementias,3,Rate,1993,333.66328664673017,747.6297512629062,130.73809909209413
1,All Population,2,DALYs (Disability-Adjusted Life Years),213,Niger,3,Both,27,Age-standardized,543,Alzheimer's disease and other dementias,3,Rate,1992,348.88472439379933,755.1901149043752,135.93478443738235
1,All Population,2,DALYs (Disability-Adjusted Life Years),203,Cabo Verde,3,Both,27,Age-standardized,543,Alzheimer's disease and other dementias,3,Rate,1992,311.11486882070074,699.2414266657917,133.4304455058327
1,All Population,2,DALYs (Disability-Adjusted Life Years),204,Chad,3,Both,27,Age-standardized,543,Alzheimer's disease and other dementias,3,Rate,1997,344.8381627071328,777.8913877111485,136.82480576691523
1,All Population,2,DALYs (Disability-Adjusted Life Years),217,Sierra Leone,3,Both,27,Age-standardized,543,Alzheimer's disease and other dementias,3,Rate,1994,295.5024403729763,636.778136177707,124.60995528423388
1,All Population,2,DALYs (Disability-Adjusted Life Years),216,Senegal,3,Both,27,Age-standardized,543,Alzheimer's disease and other dementias,3,Rate,1992,289.93413064642783,633.7787807841942,122.45772715372499
1,All Population,2,DALYs (Disability-Adjusted Life Years),214,Nigeria,3,Both,27,Age-standardized,543,Alzheimer's disease and other dementias,3,Rate,1993,272.7772115060894,568.2015344782266,115.40496504780899
1,All Population,2,DALYs (Disability-Adjusted Life Years),213,Niger,3,Both,27,Age-standardized,543,Alzheimer's disease and other dementias,3,Rate,1995,351.64856807840266,778.7939024316998,137.93460445299104
1,All Population,2,DALYs (Disability-Adjusted Life Years),204,Chad,3,Both,27,Age-standardized,543,Alzheimer's disease and other dementias,3,Rate,1992,353.67673705621803,798.187123002051,136.69937403197963
1,All Population,2,DALYs (Disability-Adjusted Life Years),213,Niger,3,Both,27,Age-standardized,543,Alzheimer's disease and other dementias,3,Rate,1998,348.8850309914534,790.2697646320123,137.72515039058575
1,All Population,2,DALYs (Disability-Adjusted Life Years),206,Gambia,3,Both,27,Age-standardized,543,Alzheimer's disease and other dementias,3,Rate,1997,282.25674215202,610.7449790803419,124.36171073592381
1,All Population,2,DALYs (Disability-Adjusted Life Years),205,Côte d'Ivoire,3,Both,27,Age-standardized,543,Alzheimer's disease and other dementias,3,Rate,1993,299.4136575195519,677.1154673187986,122.5756029425856
1,All Population,2,DALYs (Disability-Adjusted Life Years),205,Côte d'Ivoire,3,Both,27,Age-standardized,543,Alzheimer's disease and other dementias,3,Rate,1992,301.14365101083206,685.6781287225352,124.37411074800465
1,All Population,2,DALYs (Disability-Adjusted Life Years),215,Sao Tome and Principe,3,Both,27,Age-standardized,543,Alzheimer's disease and other dementias,3,Rate,1995,309.05496297676746,672.7444238521205,127.65646103982311
1,All Population,2,DALYs (Disability-Adjusted Life Years),215,Sao Tome and Principe,3,Both,27,Age-standardized,543,Alzheimer's disease and other dementias,3,Rate,1998,315.69807680245043,682.9966187395378,132.941578874991
1,All Population,2,DALYs (Disability-Adjusted Life Years),207,Ghana,3,Both,27,Age-standardized,543,Alzheimer's disease and other dementias,3,Rate,1994,296.67317425661497,615.285956001258,127.50401656872948
1,All Population,2,DALYs (Disability-Adjusted Life Years),211,Mali,3,Both,27,Age-standardized,543,Alzheimer's disease and other dementias,3,Rate,1992,310.6821778620648,677.4235215585314,127.17552858836807
1,All Population,2,DALYs (Disability-Adjusted Life Years),204,Chad,3,Both,27,Age-standardized,543,Alzheimer's disease and other dementias,3,Rate,1998,342.5465350339337,774.3006497942418,138.1764920756114
1,All Population,2,DALYs (Disability-Adjusted Life Years),209,Guinea-Bissau,3,Both,27,Age-standardized,543,Alzheimer's disease and other dementias,3,Rate,1994,318.0128574074947,724.787143847983,127.41861463821641
1,All Population,2,DALYs (Disability-Adjusted Life Years),213,Niger,3,Both,27,Age-standardized,543,Alzheimer's disease and other dementias,3,Rate,1996,350.1327177844985,767.8099023570816,137.82791457340525
1,All Population,2,DALYs (Disability-Adjusted Life Years),216,Senegal,3,Both,27,Age-standardized,543,Alzheimer's disease and other dementias,3,Rate,1993,290.5339352688307,629.0203749734627,122.8509073281665
1,All Population,2,DALYs (Disability-Adjusted Life Years),206,Gambia,3,Both,27,Age-standardized,543,Alzheimer's disease and other dementias,3,Rate,1998,287.70255125176516,632.8527149537194,125.90859162576238
1,All Population,2,DALYs (Disability-Adjusted Life Years),217,Sierra Leone,3,Both,27,Age-standardized,543,Alzheimer's disease and other dementias,3,Rate,1998,292.31526956699776,617.6507665333644,124.70983051807946
1,All Population,2,DALYs (Disability-Adjusted Life Years),218,Togo,3,Both,27,Age-standardized,543,Alzheimer's disease and other dementias,3,Rate,1994,322.23475168540295,733.9569965484127,130.88333463042235
1,All Population,2,DALYs (Disability-Adjusted Life Years),207,Ghana,3,Both,27,Age-standardized,543,Alzheimer's disease and other dementias,3,Rate,1992,295.41931441881303,632.9254919970817,124.47749611749698
1,All Population,2,DALYs (Disability-Adjusted Life Years),218,Togo,3,Both,27,Age-standardized,543,Alzheimer's disease and other dementias,3,Rate,1993,324.0513695453041,735.2940834919984,131.55971468292617
1,All Population,2,DALYs (Disability-Adjusted Life Years),211,Mali,3,Both,27,Age-standardized,543,Alzheimer's disease and other dementias,3,Rate,1994,311.38012154943425,667.9520963628642,131.0671530253575
1,All Population,2,DALYs (Disability-Adjusted Life Years),205,Côte d'Ivoire,3,Both,27,Age-standardized,543,Alzheimer's disease and other dementias,3,Rate,1995,296.13063492910356,657.1919261678731,124.3937924393472
1,All Population,2,DALYs (Disability-Adjusted Life Years),218,Togo,3,Both,27,Age-standardized,543,Alzheimer's disease and other dementias,3,Rate,1995,319.7877905651441,710.8477014658348,133.16714356751373
1,All Population,2,DALYs (Disability-Adjusted Life Years),210,Liberia,3,Both,27,Age-standardized,543,Alzheimer's disease and other dementias,3,Rate,1993,336.6964422565899,777.9439813078445,134.94895239176634
1,All Population,2,DALYs (Disability-Adjusted Life Years),213,Niger,3,Both,27,Age-standardized,543,Alzheimer's disease and other dementias,3,Rate,1999,345.7534122623538,787.6225014419875,136.17545985762538
1,All Population,2,DALYs (Disability-Adjusted Life Years),204,Chad,3,Both,27,Age-standardized,543,Alzheimer's disease and other dementias,3,Rate,1999,339.2802153617055,783.341901976503,134.94670753818494
1,All Population,2,DALYs (Disability-Adjusted Life Years),215,Sao Tome and Principe,3,Both,27,Age-standardized,543,Alzheimer's disease and other dementias,3,Rate,1999,318.7780740679897,687.0963177888635,133.47715375568708
1,All Population,2,DALYs (Disability-Adjusted Life Years),200,Benin,3,Both,27,Age-standardized,543,Alzheimer's disease and other dementias,3,Rate,1994,305.3281014683319,662.2302419923537,126.15838446809924
1,All Population,2,DALYs (Disability-Adjusted Life Years),208,Guinea,3,Both,27,Age-standardized,543,Alzheimer's disease and other dementias,3,Rate,1994,335.3721809847319,756.4721290407111,132.69571764506549
1,All Population,2,DALYs (Disability-Adjusted Life Years),217,Sierra Leone,3,Both,27,Age-standardized,543,Alzheimer's disease and other dementias,3,Rate,1999,292.2586991014971,620.9401272626858,125.3771457869135
1,All Population,2,DALYs (Disability-Adjusted Life Years),206,Gambia,3,Both,27,Age-standardized,543,Alzheimer's disease and other dementias,3,Rate,1999,295.25136931710585,666.3934430086937,128.7033800488544
1,All Population,2,DALYs (Disability-Adjusted Life Years),207,Ghana,3,Both,27,Age-standardized,543,Alzheimer's disease and other dementias,3,Rate,1995,296.65192204808716,621.0964130280424,127.70427294409787
1,All Population,2,DALYs (Disability-Adjusted Life Years),203,Cabo Verde,3,Both,27,Age-standardized,543,Alzheimer's disease and other dementias,3,Rate,1994,308.0006531255281,684.5719580008301,131.74708475692603
1,All Population,2,DALYs (Disability-Adjusted Life Years),201,Burkina Faso,3,Both,27,Age-standardized,543,Alzheimer's disease and other dementias,3,Rate,1994,390.5516295837328,909.1116747021705,151.13477529742272
1,All Population,2,DALYs (Disability-Adjusted Life Years),217,Sierra Leone,3,Both,27,Age-standardized,543,Alzheimer's disease and other dementias,3,Rate,1995,295.66063439555325,639.7179798637295,124.32972750036791
1,All Population,2,DALYs (Disability-Adjusted Life Years),215,Sao Tome and Principe,3,Both,27,Age-standardized,543,Alzheimer's disease and other dementias,3,Rate,1996,311.1469947246842,693.8224473560712,130.1420749965589
1,All Population,2,DALYs (Disability-Adjusted Life Years),213,Niger,3,Both,27,Age-standardized,543,Alzheimer's disease and other dementias,3,Rate,1994,349.6244860255628,765.8665122141371,138.17637691233116
1,All Population,2,DALYs (Disability-Adjusted Life Years),215,Sao Tome and Principe,3,Both,27,Age-standardized,543,Alzheimer's disease and other dementias,3,Rate,1992,311.04551265082637,704.0045331648805,126.20611456525947
1,All Population,2,DALYs (Disability-Adjusted Life Years),214,Nigeria,3,Both,27,Age-standardized,543,Alzheimer's disease and other dementias,3,Rate,1996,273.59140623798254,586.2589810775087,115.27135482595884
1,All Population,2,DALYs (Disability-Adjusted Life Years),214,Nigeria,3,Both,27,Age-standardized,543,Alzheimer's disease and other dementias,3,Rate,1994,272.69491201445464,570.9065445537515,114.96356490506454
1,All Population,2,DALYs (Disability-Adjusted Life Years),205,Côte d'Ivoire,3,Both,27,Age-standardized,543,Alzheimer's disease and other dementias,3,Rate,1994,297.83026674469784,665.856000475802,122.76876210770428
1,All Population,2,DALYs (Disability-Adjusted Life Years),206,Gambia,3,Both,27,Age-standardized,543,Alzheimer's disease and other dementias,3,Rate,1992,289.9257213325251,639.8648105173689,123.13662893365893
1,All Population,2,DALYs (Disability-Adjusted Life Years),202,Cameroon,3,Both,27,Age-standardized,543,Alzheimer's disease and other dementias,3,Rate,1994,355.20653967808755,781.4821989065097,136.66147028343653
1,All Population,2,DALYs (Disability-Adjusted Life Years),213,Niger,3,Both,27,Age-standardized,543,Alzheimer's disease and other dementias,3,Rate,1997,349.98754497258386,786.8364902679762,136.62513458107787
1,All Population,2,DALYs (Disability-Adjusted Life Years),200,Benin,3,Both,27,Age-standardized,543,Alzheimer's disease and other dementias,3,Rate,1995,306.1829040449655,678.7538486806327,127.83918842364747
1,All Population,2,DALYs (Disability-Adjusted Life Years),216,Senegal,3,Both,27,Age-standardized,543,Alzheimer's disease and other dementias,3,Rate,1995,288.9516665867904,623.1131427622595,124.27465376830094
1,All Population,2,DALYs (Disability-Adjusted Life Years),210,Liberia,3,Both,27,Age-standardized,543,Alzheimer's disease and other dementias,3,Rate,1994,339.13882453939715,779.7434373286967,133.82734014057993
1,All Population,2,DALYs (Disability-Adjusted Life Years),212,Mauritania,3,Both,27,Age-standardized,543,Alzheimer's disease and other dementias,3,Rate,1993,340.9758450787387,784.0214389074731,138.99358082881326
1,All Population,2,DALYs (Disability-Adjusted Life Years),216,Senegal,3,Both,27,Age-standardized,543,Alzheimer's disease and other dementias,3,Rate,1996,291.538597503038,625.1547968308979,126.43177645019162
1,All Population,2,DALYs (Disability-Adjusted Life Years),216,Senegal,3,Both,27,Age-standardized,543,Alzheimer's disease and other dementias,3,Rate,1994,291.08116648009826,633.2381793619363,125.46206300262912
1,All Population,2,DALYs (Disability-Adjusted Life Years),218,Togo,3,Both,27,Age-standardized,543,Alzheimer's disease and other dementias,3,Rate,1992,324.69897466850415,724.3880939681715,131.6926161566552
1,All Population,2,DALYs (Disability-Adjusted Life Years),217,Sierra Leone,3,Both,27,Age-standardized,543,Alzheimer's disease and other dementias,3,Rate,1996,293.8532702936717,625.4777808754512,125.069560299708
1,All Population,2,DALYs (Disability-Adjusted Life Years),209,Guinea-Bissau,3,Both,27,Age-standardized,543,Alzheimer's disease and other dementias,3,Rate,1996,329.87206162309747,748.3902946255,131.45236135512963
1,All Population,2,DALYs (Disability-Adjusted Life Years),200,Benin,3,Both,27,Age-standardized,543,Alzheimer's disease and other dementias,3,Rate,1996,307.5658413865976,672.7041709536927,128.4643819181495
1,All Population,2,DALYs (Disability-Adjusted Life Years),209,Guinea-Bissau,3,Both,27,Age-standardized,543,Alzheimer's disease and other dementias,3,Rate,1995,316.4497518964516,715.771873355477,127.93797990340707
1,All Population,2,DALYs (Disability-Adjusted Life Years),214,Nigeria,3,Both,27,Age-standardized,543,Alzheimer's disease and other dementias,3,Rate,1995,273.2341873101285,580.8363337478926,115.21789953537612
1,All Population,2,DALYs (Disability-Adjusted Life Years),211,Mali,3,Both,27,Age-standardized,543,Alzheimer's disease and other dementias,3,Rate,1998,311.30758248271337,699.6089829896515,129.15353077552808
1,All Population,2,DALYs (Disability-Adjusted Life Years),201,Burkina Faso,3,Both,27,Age-standardized,543,Alzheimer's disease and other dementias,3,Rate,1995,389.48464650927,902.1068240280013,151.55397099017387
1,All Population,2,DALYs (Disability-Adjusted Life Years),201,Burkina Faso,3,Both,27,Age-standardized,543,Alzheimer's disease and other dementias,3,Rate,1996,389.3167625811135,888.3309673654825,150.5506559342153
1,All Population,2,DALYs (Disability-Adjusted Life Years),208,Guinea,3,Both,27,Age-standardized,543,Alzheimer's disease and other dementias,3,Rate,1995,336.1980294581417,763.2027675191173,132.44953771159896
1,All Population,2,DALYs (Disability-Adjusted Life Years),211,Mali,3,Both,27,Age-standardized,543,Alzheimer's disease and other dementias,3,Rate,1996,313.4432690523399,679.8052076692964,130.36892284411414
1,All Population,2,DALYs (Disability-Adjusted Life Years),213,Niger,3,Both,27,Age-standardized,543,Alzheimer's disease and other dementias,3,Rate,2001,344.4783190660436,780.5866708192347,137.77036866327148
1,All Population,2,DALYs (Disability-Adjusted Life Years),202,Cameroon,3,Both,27,Age-standardized,543,Alzheimer's disease and other dementias,3,Rate,1996,351.2164436994406,768.2626727672222,138.92310858178718
1,All Population,2,DALYs (Disability-Adjusted Life Years),200,Benin,3,Both,27,Age-standardized,543,Alzheimer's disease and other dementias,3,Rate,1998,305.9272639361803,673.2225127424864,128.82794884498432
1,All Population,2,DALYs (Disability-Adjusted Life Years),218,Togo,3,Both,27,Age-standardized,543,Alzheimer's disease and other dementias,3,Rate,1996,317.45608464523303,692.0518688900279,132.12400936236304
1,All Population,2,DALYs (Disability-Adjusted Life Years),202,Cameroon,3,Both,27,Age-standardized,543,Alzheimer's disease and other dementias,3,Rate,1995,353.0603820919239,767.8994983082895,136.90653019749658
1,All Population,2,DALYs (Disability-Adjusted Life Years),215,Sao Tome and Principe,3,Both,27,Age-standardized,543,Alzheimer's disease and other dementias,3,Rate,1994,312.5147085365793,690.2792814090013,128.3677625397627
1,All Population,2,DALYs (Disability-Adjusted Life Years),217,Sierra Leone,3,Both,27,Age-standardized,543,Alzheimer's disease and other dementias,3,Rate,1992,292.6903636350198,614.5637125114321,125.06137274709228
1,All Population,2,DALYs (Disability-Adjusted Life Years),215,Sao Tome and Principe,3,Both,27,Age-standardized,543,Alzheimer's disease and other dementias,3,Rate,2001,320.0108246293047,705.5980841644347,134.10493989790376
1,All Population,2,DALYs (Disability-Adjusted Life Years),203,Cabo Verde,3,Both,27,Age-standardized,543,Alzheimer's disease and other dementias,3,Rate,1996,303.399710858011,630.6555692320219,131.31233693644944
1,All Population,2,DALYs (Disability-Adjusted Life Years),202,Cameroon,3,Both,27,Age-standardized,543,Alzheimer's disease and other dementias,3,Rate,1997,351.12948360972865,768.5728206036392,139.62270093866982
1,All Population,2,DALYs (Disability-Adjusted Life Years),203,Cabo Verde,3,Both,27,Age-standardized,543,Alzheimer's disease and other dementias,3,Rate,1997,301.30511296210574,634.8977501790066,130.61324695985547
1,All Population,2,DALYs (Disability-Adjusted Life Years),217,Sierra Leone,3,Both,27,Age-standardized,543,Alzheimer's disease and other dementias,3,Rate,2001,294.359952534394,620.2249302698633,124.43303195618705
1,All Population,2,DALYs (Disability-Adjusted Life Years),212,Mauritania,3,Both,27,Age-standardized,543,Alzheimer's disease and other dementias,3,Rate,1994,337.0049054205262,775.4967993283368,139.05342228079806
1,All Population,2,DALYs (Disability-Adjusted Life Years),201,Burkina Faso,3,Both,27,Age-standardized,543,Alzheimer's disease and other dementias,3,Rate,1998,386.65715310241654,858.5743716983252,151.68555549717
1,All Population,2,DALYs (Disability-Adjusted Life Years),200,Benin,3,Both,27,Age-standardized,543,Alzheimer's disease and other dementias,3,Rate,1997,306.45215727443394,665.8243081488209,128.84695051836744
1,All Population,2,DALYs (Disability-Adjusted Life Years),215,Sao Tome and Principe,3,Both,27,Age-standardized,543,Alzheimer's disease and other dementias,3,Rate,1997,312.6198733951932,691.1111459130261,130.03849502057082
1,All Population,2,DALYs (Disability-Adjusted Life Years),203,Cabo Verde,3,Both,27,Age-standardized,543,Alzheimer's disease and other dementias,3,Rate,1995,313.5469043862506,683.7835934436569,133.54092098470935
1,All Population,2,DALYs (Disability-Adjusted Life Years),212,Mauritania,3,Both,27,Age-standardized,543,Alzheimer's disease and other dementias,3,Rate,1998,344.4062868294615,789.6695188162547,141.75745388289545
1,All Population,2,DALYs (Disability-Adjusted Life Years),201,Burkina Faso,3,Both,27,Age-standardized,543,Alzheimer's disease and other dementias,3,Rate,1997,387.3977670560956,874.3416299504155,151.4210791405054
1,All Population,2,DALYs (Disability-Adjusted Life Years),211,Mali,3,Both,27,Age-standardized,543,Alzheimer's disease and other dementias,3,Rate,1995,312.74831487519674,669.3336640058591,129.9570947157618
1,All Population,2,DALYs (Disability-Adjusted Life Years),202,Cameroon,3,Both,27,Age-standardized,543,Alzheimer's disease and other dementias,3,Rate,1998,350.782120241035,780.5591724141536,140.97563293336495
1,All Population,2,DALYs (Disability-Adjusted Life Years),205,Côte d'Ivoire,3,Both,27,Age-standardized,543,Alzheimer's disease and other dementias,3,Rate,1997,292.50977303886197,647.3317899842699,126.55393992071681
1,All Population,2,DALYs (Disability-Adjusted Life Years),210,Liberia,3,Both,27,Age-standardized,543,Alzheimer's disease and other dementias,3,Rate,1995,338.27647974329636,769.7015098879505,132.7101516733365
1,All Population,2,DALYs (Disability-Adjusted Life Years),203,Cabo Verde,3,Both,27,Age-standardized,543,Alzheimer's disease and other dementias,3,Rate,1998,298.0801450606041,634.5507533518646,128.94462269444097
1,All Population,2,DALYs (Disability-Adjusted Life Years),214,Nigeria,3,Both,27,Age-standardized,543,Alzheimer's disease and other dementias,3,Rate,1998,273.25603095288017,580.2264311797063,114.07686466582601
1,All Population,2,DALYs (Disability-Adjusted Life Years),208,Guinea,3,Both,27,Age-standardized,543,Alzheimer's disease and other dementias,3,Rate,1996,335.0620465430626,762.7865588995645,133.8615832785052
1,All Population,2,DALYs (Disability-Adjusted Life Years),211,Mali,3,Both,27,Age-standardized,543,Alzheimer's disease and other dementias,3,Rate,1999,309.3514747196709,684.7527388384277,128.27223146487748
1,All Population,2,DALYs (Disability-Adjusted Life Years),207,Ghana,3,Both,27,Age-standardized,543,Alzheimer's disease and other dementias,3,Rate,1997,296.07909805392023,629.7888056529737,127.97010004719175
1,All Population,2,DALYs (Disability-Adjusted Life Years),218,Togo,3,Both,27,Age-standardized,543,Alzheimer's disease and other dementias,3,Rate,1998,313.8229887562582,702.428326626117,132.62042599156896
1,All Population,2,DALYs (Disability-Adjusted Life Years),217,Sierra Leone,3,Both,27,Age-standardized,543,Alzheimer's disease and other dementias,3,Rate,1997,292.21249645759383,612.6762353470448,124.9814440469613
1,All Population,2,DALYs (Disability-Adjusted Life Years),205,Côte d'Ivoire,3,Both,27,Age-standardized,543,Alzheimer's disease and other dementias,3,Rate,1998,292.31102538843425,651.0763345540234,126.80682193617172
1,All Population,2,DALYs (Disability-Adjusted Life Years),216,Senegal,3,Both,27,Age-standardized,543,Alzheimer's disease and other dementias,3,Rate,1998,290.90123594631825,620.2206421657656,126.20134169128616
1,All Population,2,DALYs (Disability-Adjusted Life Years),205,Côte d'Ivoire,3,Both,27,Age-standardized,543,Alzheimer's disease and other dementias,3,Rate,1996,293.76222214574506,652.8048171769188,125.53087809359933
1,All Population,2,DALYs (Disability-Adjusted Life Years),218,Togo,3,Both,27,Age-standardized,543,Alzheimer's disease and other dementias,3,Rate,1997,315.53243536384633,687.7497824294296,132.0573503276404
1,All Population,2,DALYs (Disability-Adjusted Life Years),207,Ghana,3,Both,27,Age-standardized,543,Alzheimer's disease and other dementias,3,Rate,1998,295.2165564658462,657.9610331990061,126.99001151138478
1,All Population,2,DALYs (Disability-Adjusted Life Years),201,Burkina Faso,3,Both,27,Age-standardized,543,Alzheimer's disease and other dementias,3,Rate,1999,383.65072129753844,840.533087392411,152.60658830829314
1,All Population,2,DALYs (Disability-Adjusted Life Years),204,Chad,3,Both,27,Age-standardized,543,Alzheimer's disease and other dementias,3,Rate,2001,337.93522015307116,784.6979689506961,133.08088321629413
1,All Population,2,DALYs (Disability-Adjusted Life Years),214,Nigeria,3,Both,27,Age-standardized,543,Alzheimer's disease and other dementias,3,Rate,1997,273.3051248883477,587.8440248579424,114.626483740797
1,All Population,2,DALYs (Disability-Adjusted Life Years),208,Guinea,3,Both,27,Age-standardized,543,Alzheimer's disease and other dementias,3,Rate,1998,334.2041845468477,750.7523828482281,135.21986890673705
1,All Population,2,DALYs (Disability-Adjusted Life Years),212,Mauritania,3,Both,27,Age-standardized,543,Alzheimer's disease and other dementias,3,Rate,1995,337.73949171343185,779.1615140276293,139.76992701242582
1,All Population,2,DALYs (Disability-Adjusted Life Years),210,Liberia,3,Both,27,Age-standardized,543,Alzheimer's disease and other dementias,3,Rate,1996,347.0840456323348,789.2367678253197,136.5963755308781
1,All Population,2,DALYs (Disability-Adjusted Life Years),209,Guinea-Bissau,3,Both,27,Age-standardized,543,Alzheimer's disease and other dementias,3,Rate,1998,318.37384603556313,723.3955346855502,131.62645657452734
1,All Population,2,DALYs (Disability-Adjusted Life Years),200,Benin,3,Both,27,Age-standardized,543,Alzheimer's disease and other dementias,3,Rate,1999,304.6320649931549,671.9485617471657,126.8183681915302
1,All Population,2,DALYs (Disability-Adjusted Life Years),217,Sierra Leone,3,Both,27,Age-standardized,543,Alzheimer's disease and other dementias,3,Rate,2003,300.5765452331017,654.4348271519075,126.0615186176166
1,All Population,2,DALYs (Disability-Adjusted Life Years),204,Chad,3,Both,27,Age-standardized,543,Alzheimer's disease and other dementias,3,Rate,2003,336.5956319625526,765.5921776665424,135.03747424872898
1,All Population,2,DALYs (Disability-Adjusted Life Years),208,Guinea,3,Both,27,Age-standardized,543,Alzheimer's disease and other dementias,3,Rate,1997,334.60908307466053,762.5378127859383,134.73446426488772
1,All Population,2,DALYs (Disability-Adjusted Life Years),210,Liberia,3,Both,27,Age-standardized,543,Alzheimer's disease and other dementias,3,Rate,1999,339.75709622041404,768.5842414630484,137.55298166539964
1,All Population,2,DALYs (Disability-Adjusted Life Years),210,Liberia,3,Both,27,Age-standardized,543,Alzheimer's disease and other dementias,3,Rate,1998,340.93400043367615,765.5353614519328,136.68019019025022
1,All Population,2,DALYs (Disability-Adjusted Life Years),214,Nigeria,3,Both,27,Age-standardized,543,Alzheimer's disease and other dementias,3,Rate,1999,272.64128564822414,578.4062402018213,113.8248964715222
1,All Population,2,DALYs (Disability-Adjusted Life Years),207,Ghana,3,Both,27,Age-standardized,543,Alzheimer's disease and other dementias,3,Rate,1996,296.4731865091854,619.402353471755,127.65420728429889
1,All Population,2,DALYs (Disability-Adjusted Life Years),208,Guinea,3,Both,27,Age-standardized,543,Alzheimer's disease and other dementias,3,Rate,2001,329.1315032941107,720.4287509402373,134.4091139232295
1,All Population,2,DALYs (Disability-Adjusted Life Years),209,Guinea-Bissau,3,Both,27,Age-standardized,543,Alzheimer's disease and other dementias,3,Rate,2000,316.3081896375898,736.961075911189,131.17154650949868
1,All Population,2,DALYs (Disability-Adjusted Life Years),216,Senegal,3,Both,27,Age-standardized,543,Alzheimer's disease and other dementias,3,Rate,1999,291.22006692018044,627.3949868234914,126.10242049092676
1,All Population,2,DALYs (Disability-Adjusted Life Years),207,Ghana,3,Both,27,Age-standardized,543,Alzheimer's disease and other dementias,3,Rate,2001,296.38220285154097,656.7763278131118,126.30841640454722
1,All Population,2,DALYs (Disability-Adjusted Life Years),218,Togo,3,Both,27,Age-standardized,543,Alzheimer's disease and other dementias,3,Rate,1999,310.3953260624472,692.5168277336983,131.2511676900466
1,All Population,2,DALYs (Disability-Adjusted Life Years),212,Mauritania,3,Both,27,Age-standardized,543,Alzheimer's disease and other dementias,3,Rate,1996,340.86627375115074,780.953366986426,142.03561584004257
1,All Population,2,DALYs (Disability-Adjusted Life Years),203,Cabo Verde,3,Both,27,Age-standardized,543,Alzheimer's disease and other dementias,3,Rate,1999,296.6505920161462,643.7212307220411,127.21662938937337
1,All Population,2,DALYs (Disability-Adjusted Life Years),202,Cameroon,3,Both,27,Age-standardized,543,Alzheimer's disease and other dementias,3,Rate,1999,348.7842177011011,783.6578112984565,141.79920804247115
1,All Population,2,DALYs (Disability-Adjusted Life Years),216,Senegal,3,Both,27,Age-standardized,543,Alzheimer's disease and other dementias,3,Rate,1997,289.35025300661067,612.7798447646771,126.00460625734114
1,All Population,2,DALYs (Disability-Adjusted Life Years),212,Mauritania,3,Both,27,Age-standardized,543,Alzheimer's disease and other dementias,3,Rate,1999,340.6927335710469,782.2790789087985,141.7957039465817
1,All Population,2,DALYs (Disability-Adjusted Life Years),210,Liberia,3,Both,27,Age-standardized,543,Alzheimer's disease and other dementias,3,Rate,1997,339.1453641737797,759.1627312219775,136.25004499591668
1,All Population,2,DALYs (Disability-Adjusted Life Years),210,Liberia,3,Both,27,Age-standardized,543,Alzheimer's disease and other dementias,3,Rate,2001,339.0760338321198,758.3301961996443,137.16374201206963
1,All Population,2,DALYs (Disability-Adjusted Life Years),208,Guinea,3,Both,27,Age-standardized,543,Alzheimer's disease and other dementias,3,Rate,1999,332.92124338042385,744.910238438991,135.80369743226444
1,All Population,2,DALYs (Disability-Adjusted Life Years),208,Guinea,3,Both,27,Age-standardized,543,Alzheimer's disease and other dementias,3,Rate,2000,331.9853414331181,730.5599627716012,135.70536695767015
1,All Population,2,DALYs (Disability-Adjusted Life Years),209,Guinea-Bissau,3,Both,27,Age-standardized,543,Alzheimer's disease and other dementias,3,Rate,2001,316.15640886627483,725.7614493560754,132.72227668720157
1,All Population,2,DALYs (Disability-Adjusted Life Years),209,Guinea-Bissau,3,Both,27,Age-standardized,543,Alzheimer's disease and other dementias,3,Rate,1997,327.47174336356875,738.6203601551225,131.7171161772062
1,All Population,2,DALYs (Disability-Adjusted Life Years),211,Mali,3,Both,27,Age-standardized,543,Alzheimer's disease and other dementias,3,Rate,2000,310.077758759729,679.9349321898048,129.1639631488763
1,All Population,2,DALYs (Disability-Adjusted Life Years),201,Burkina Faso,3,Both,27,Age-standardized,543,Alzheimer's disease and other dementias,3,Rate,2001,381.90119480166686,823.3061617395219,153.9381846395912
1,All Population,2,DALYs (Disability-Adjusted Life Years),212,Mauritania,3,Both,27,Age-standardized,543,Alzheimer's disease and other dementias,3,Rate,2001,342.88609519328884,771.2174080046603,142.6689721454998
1,All Population,2,DALYs (Disability-Adjusted Life Years),213,Niger,3,Both,27,Age-standardized,543,Alzheimer's disease and other dementias,3,Rate,2006,345.6401930794287,799.2130911340879,137.37897745833544
1,All Population,2,DALYs (Disability-Adjusted Life Years),206,Gambia,3,Both,27,Age-standardized,543,Alzheimer's disease and other dementias,3,Rate,2001,282.1830028948439,613.6677571280273,125.48460148547815
1,All Population,2,DALYs (Disability-Adjusted Life Years),206,Gambia,3,Both,27,Age-standardized,543,Alzheimer's disease and other dementias,3,Rate,2003,284.06165888503864,618.0698513013691,124.9798549783041
1,All Population,2,DALYs (Disability-Adjusted Life Years),215,Sao Tome and Principe,3,Both,27,Age-standardized,543,Alzheimer's disease and other dementias,3,Rate,2006,338.2096194288322,756.2726030529793,136.5174321973063
1,All Population,2,DALYs (Disability-Adjusted Life Years),214,Nigeria,3,Both,27,Age-standardized,543,Alzheimer's disease and other dementias,3,Rate,2001,273.74754924236566,582.784055372368,114.17522132134434
1,All Population,2,DALYs (Disability-Adjusted Life Years),211,Mali,3,Both,27,Age-standardized,543,Alzheimer's disease and other dementias,3,Rate,2001,306.8316596719223,676.5632604943464,128.98792008665114
1,All Population,2,DALYs (Disability-Adjusted Life Years),215,Sao Tome and Principe,3,Both,27,Age-standardized,543,Alzheimer's disease and other dementias,3,Rate,2004,327.247080050914,732.0283085864315,132.30552616901437
1,All Population,2,DALYs (Disability-Adjusted Life Years),203,Cabo Verde,3,Both,27,Age-standardized,543,Alzheimer's disease and other dementias,3,Rate,2001,295.7650027053694,629.3206465491209,128.54138323018498
1,All Population,2,DALYs (Disability-Adjusted Life Years),204,Chad,3,Both,27,Age-standardized,543,Alzheimer's disease and other dementias,3,Rate,2004,334.50640202497465,738.8950578807686,133.5576693756739
1,All Population,2,DALYs (Disability-Adjusted Life Years),217,Sierra Leone,3,Both,27,Age-standardized,543,Alzheimer's disease and other dementias,3,Rate,2006,314.67403836508043,718.0195524361575,129.89002643747867
1,All Population,2,DALYs (Disability-Adjusted Life Years),214,Nigeria,3,Both,27,Age-standardized,543,Alzheimer's disease and other dementias,3,Rate,2000,274.5846715252195,580.205455285318,113.74820672508156
1,All Population,2,DALYs (Disability-Adjusted Life Years),205,Côte d'Ivoire,3,Both,27,Age-standardized,543,Alzheimer's disease and other dementias,3,Rate,2001,289.85223455249746,639.8698118675474,126.27270743982402
1,All Population,2,DALYs (Disability-Adjusted Life Years),205,Côte d'Ivoire,3,Both,27,Age-standardized,543,Alzheimer's disease and other dementias,3,Rate,1999,291.34639500691827,650.7541758140459,125.14716755482455
1,All Population,2,DALYs (Disability-Adjusted Life Years),212,Mauritania,3,Both,27,Age-standardized,543,Alzheimer's disease and other dementias,3,Rate,1997,341.05176481379647,778.2253056353463,141.9412735686514
1,All Population,2,DALYs (Disability-Adjusted Life Years),216,Senegal,3,Both,27,Age-standardized,543,Alzheimer's disease and other dementias,3,Rate,2000,288.50922533374705,618.0041754519746,125.76009463893608
1,All Population,2,DALYs (Disability-Adjusted Life Years),216,Senegal,3,Both,27,Age-standardized,543,Alzheimer's disease and other dementias,3,Rate,2001,312.19391509581243,676.2447763000607,133.15998945130264
1,All Population,2,DALYs (Disability-Adjusted Life Years),218,Togo,3,Both,27,Age-standardized,543,Alzheimer's disease and other dementias,3,Rate,2000,312.75227324813466,695.7158582652154,132.94122996360716
1,All Population,2,DALYs (Disability-Adjusted Life Years),213,Niger,3,Both,27,Age-standardized,543,Alzheimer's disease and other dementias,3,Rate,2000,347.8575103734144,797.7077506052901,138.26846832665603
1,All Population,2,DALYs (Disability-Adjusted Life Years),200,Benin,3,Both,27,Age-standardized,543,Alzheimer's disease and other dementias,3,Rate,2000,307.18733347729267,681.3785472531318,126.92209601707611
1,All Population,2,DALYs (Disability-Adjusted Life Years),211,Mali,3,Both,27,Age-standardized,543,Alzheimer's disease and other dementias,3,Rate,1997,311.71220280554326,695.5684551134934,129.83484535736886
1,All Population,2,DALYs (Disability-Adjusted Life Years),215,Sao Tome and Principe,3,Both,27,Age-standardized,543,Alzheimer's disease and other dementias,3,Rate,2000,315.90432316598225,686.9401299953669,133.85720875700616
1,All Population,2,DALYs (Disability-Adjusted Life Years),217,Sierra Leone,3,Both,27,Age-standardized,543,Alzheimer's disease and other dementias,3,Rate,2000,295.2167365417976,627.8071196902875,125.55553660903624
1,All Population,2,DALYs (Disability-Adjusted Life Years),218,Togo,3,Both,27,Age-standardized,543,Alzheimer's disease and other dementias,3,Rate,2001,311.25432724058754,685.5525054002419,132.711066754161
1,All Population,2,DALYs (Disability-Adjusted Life Years),202,Cameroon,3,Both,27,Age-standardized,543,Alzheimer's disease and other dementias,3,Rate,2000,351.3307617716355,792.0583381929948,140.2108816891603
1,All Population,2,DALYs (Disability-Adjusted Life Years),203,Cabo Verde,3,Both,27,Age-standardized,543,Alzheimer's disease and other dementias,3,Rate,2002,296.8892276828167,618.6964298601994,127.5577491827148
1,All Population,2,DALYs (Disability-Adjusted Life Years),214,Nigeria,3,Both,27,Age-standardized,543,Alzheimer's disease and other dementias,3,Rate,2004,276.03109998638683,593.2468233235683,113.9331143706143
1,All Population,2,DALYs (Disability-Adjusted Life Years),206,Gambia,3,Both,27,Age-standardized,543,Alzheimer's disease and other dementias,3,Rate,2004,293.0663572212919,653.0173696142996,127.30137109164421
1,All Population,2,DALYs (Disability-Adjusted Life Years),205,Côte d'Ivoire,3,Both,27,Age-standardized,543,Alzheimer's disease and other dementias,3,Rate,2002,292.3666106227,642.7480574898472,126.78702699475029
1,All Population,2,DALYs (Disability-Adjusted Life Years),216,Senegal,3,Both,27,Age-standardized,543,Alzheimer's disease and other dementias,3,Rate,2003,306.04318247058137,657.6508656659918,129.96054728411724
1,All Population,2,DALYs (Disability-Adjusted Life Years),207,Ghana,3,Both,27,Age-standardized,543,Alzheimer's disease and other dementias,3,Rate,2002,300.9466947015549,655.1828016293484,126.71019346352948
1,All Population,2,DALYs (Disability-Adjusted Life Years),210,Liberia,3,Both,27,Age-standardized,543,Alzheimer's disease and other dementias,3,Rate,2000,344.40904828972015,774.9817387344581,139.14315705717095
1,All Population,2,DALYs (Disability-Adjusted Life Years),207,Ghana,3,Both,27,Age-standardized,543,Alzheimer's disease and other dementias,3,Rate,1999,293.9795688393754,648.3266056207857,126.59122190352267
1,All Population,2,DALYs (Disability-Adjusted Life Years),213,Niger,3,Both,27,Age-standardized,543,Alzheimer's disease and other dementias,3,Rate,2003,343.6775095861573,806.0921986444158,135.80772388865117
1,All Population,2,DALYs (Disability-Adjusted Life Years),205,Côte d'Ivoire,3,Both,27,Age-standardized,543,Alzheimer's disease and other dementias,3,Rate,2003,287.409139980248,632.9237201764986,122.72539605297217
1,All Population,2,DALYs (Disability-Adjusted Life Years),204,Chad,3,Both,27,Age-standardized,543,Alzheimer's disease and other dementias,3,Rate,2006,332.25454301647113,745.5679807385567,133.7144145400405
1,All Population,2,DALYs (Disability-Adjusted Life Years),216,Senegal,3,Both,27,Age-standardized,543,Alzheimer's disease and other dementias,3,Rate,2004,313.06071860023746,672.682725573813,131.43844644240465
1,All Population,2,DALYs (Disability-Adjusted Life Years),209,Guinea-Bissau,3,Both,27,Age-standardized,543,Alzheimer's disease and other dementias,3,Rate,1999,316.9778828069575,728.5861600797633,130.47156728580248
1,All Population,2,DALYs (Disability-Adjusted Life Years),200,Benin,3,Both,27,Age-standardized,543,Alzheimer's disease and other dementias,3,Rate,2001,302.88282708188444,677.6539696253045,127.21002350861255
1,All Population,2,DALYs (Disability-Adjusted Life Years),201,Burkina Faso,3,Both,27,Age-standardized,543,Alzheimer's disease and other dementias,3,Rate,2003,382.42585755917753,852.1567326809568,152.28194966315095
1,All Population,2,DALYs (Disability-Adjusted Life Years),218,Togo,3,Both,27,Age-standardized,543,Alzheimer's disease and other dementias,3,Rate,2003,309.87563578724087,690.1556121909915,132.84792709579094
1,All Population,2,DALYs (Disability-Adjusted Life Years),208,Guinea,3,Both,27,Age-standardized,543,Alzheimer's disease and other dementias,3,Rate,2003,325.28056126308735,720.2982968734358,132.77589400102008
1,All Population,2,DALYs (Disability-Adjusted Life Years),218,Togo,3,Both,27,Age-standardized,543,Alzheimer's disease and other dementias,3,Rate,2004,307.3219497085718,685.2430047839988,131.80564203981584
1,All Population,2,DALYs (Disability-Adjusted Life Years),217,Sierra Leone,3,Both,27,Age-standardized,543,Alzheimer's disease and other dementias,3,Rate,2004,303.29603263853147,672.4198113023862,127.15052844144091
1,All Population,2,DALYs (Disability-Adjusted Life Years),212,Mauritania,3,Both,27,Age-standardized,543,Alzheimer's disease and other dementias,3,Rate,2000,343.7238568363103,775.8748671500058,142.17166580763106
1,All Population,2,DALYs (Disability-Adjusted Life Years),209,Guinea-Bissau,3,Both,27,Age-standardized,543,Alzheimer's disease and other dementias,3,Rate,2003,317.47131195321435,721.8960905417679,133.27142658260465
1,All Population,2,DALYs (Disability-Adjusted Life Years),203,Cabo Verde,3,Both,27,Age-standardized,543,Alzheimer's disease and other dementias,3,Rate,2000,295.7967150273165,638.4721917220256,127.97650523190536
1,All Population,2,DALYs (Disability-Adjusted Life Years),200,Benin,3,Both,27,Age-standardized,543,Alzheimer's disease and other dementias,3,Rate,2003,299.57330341001654,659.3740593343988,127.35811455167052
1,All Population,2,DALYs (Disability-Adjusted Life Years),210,Liberia,3,Both,27,Age-standardized,543,Alzheimer's disease and other dementias,3,Rate,2003,337.360756929602,750.3602355216229,137.0040813015943
1,All Population,2,DALYs (Disability-Adjusted Life Years),202,Cameroon,3,Both,27,Age-standardized,543,Alzheimer's disease and other dementias,3,Rate,2001,346.34952124518793,777.420400159339,138.02407737210038
1,All Population,2,DALYs (Disability-Adjusted Life Years),203,Cabo Verde,3,Both,27,Age-standardized,543,Alzheimer's disease and other dementias,3,Rate,2004,299.13668116393575,615.8318276787617,129.34905184510973
1,All Population,2,DALYs (Disability-Adjusted Life Years),204,Chad,3,Both,27,Age-standardized,543,Alzheimer's disease and other dementias,3,Rate,2000,339.19363667617574,786.3286367380966,134.0492528705237
1,All Population,2,DALYs (Disability-Adjusted Life Years),217,Sierra Leone,3,Both,27,Age-standardized,543,Alzheimer's disease and other dementias,3,Rate,2002,299.60280902276673,636.0809845003243,125.66145122623274
1,All Population,2,DALYs (Disability-Adjusted Life Years),207,Ghana,3,Both,27,Age-standardized,543,Alzheimer's disease and other dementias,3,Rate,2003,300.94669204590656,648.6705576605714,127.35856671685684
1,All Population,2,DALYs (Disability-Adjusted Life Years),206,Gambia,3,Both,27,Age-standardized,543,Alzheimer's disease and other dementias,3,Rate,2002,285.10877931642466,613.7200296971573,125.99520623597003
1,All Population,2,DALYs (Disability-Adjusted Life Years),208,Guinea,3,Both,27,Age-standardized,543,Alzheimer's disease and other dementias,3,Rate,2002,329.203365459227,715.2364947267948,134.30446098968463
1,All Population,2,DALYs (Disability-Adjusted Life Years),213,Niger,3,Both,27,Age-standardized,543,Alzheimer's disease and other dementias,3,Rate,2009,350.5831934439884,794.6689658530292,135.75620792204268
1,All Population,2,DALYs (Disability-Adjusted Life Years),203,Cabo Verde,3,Both,27,Age-standardized,543,Alzheimer's disease and other dementias,3,Rate,2003,298.0673636970345,612.5103971385608,128.7798058715752
1,All Population,2,DALYs (Disability-Adjusted Life Years),215,Sao Tome and Principe,3,Both,27,Age-standardized,543,Alzheimer's disease and other dementias,3,Rate,2009,350.26861954437686,789.1401787874025,138.9783729030525
1,All Population,2,DALYs (Disability-Adjusted Life Years),209,Guinea-Bissau,3,Both,27,Age-standardized,543,Alzheimer's disease and other dementias,3,Rate,2004,319.53199771976415,710.1740858933294,134.3666047425341
1,All Population,2,DALYs (Disability-Adjusted Life Years),217,Sierra Leone,3,Both,27,Age-standardized,543,Alzheimer's disease and other dementias,3,Rate,2009,324.6111585818972,698.2076033889018,134.43164734524933
1,All Population,2,DALYs (Disability-Adjusted Life Years),214,Nigeria,3,Both,27,Age-standardized,543,Alzheimer's disease and other dementias,3,Rate,2006,280.2934675358576,613.0799055469297,113.9669783956224
1,All Population,2,DALYs (Disability-Adjusted Life Years),211,Mali,3,Both,27,Age-standardized,543,Alzheimer's disease and other dementias,3,Rate,2003,303.7406324468105,673.5021108065422,128.35700929076674
1,All Population,2,DALYs (Disability-Adjusted Life Years),201,Burkina Faso,3,Both,27,Age-standardized,543,Alzheimer's disease and other dementias,3,Rate,2004,384.23811158577644,860.7430673148498,152.00704607827535
1,All Population,2,DALYs (Disability-Adjusted Life Years),208,Guinea,3,Both,27,Age-standardized,543,Alzheimer's disease and other dementias,3,Rate,2004,321.598079626182,709.2507900828664,133.61849944880996
1,All Population,2,DALYs (Disability-Adjusted Life Years),205,Côte d'Ivoire,3,Both,27,Age-standardized,543,Alzheimer's disease and other dementias,3,Rate,2000,294.01925341430285,654.9429266925683,127.26303137628072
1,All Population,2,DALYs (Disability-Adjusted Life Years),214,Nigeria,3,Both,27,Age-standardized,543,Alzheimer's disease and other dementias,3,Rate,2002,276.69377364305757,587.2247246625813,114.14642052720507
1,All Population,2,DALYs (Disability-Adjusted Life Years),210,Liberia,3,Both,27,Age-standardized,543,Alzheimer's disease and other dementias,3,Rate,2002,344.13850689241383,769.0711615353753,138.6401351498564
1,All Population,2,DALYs (Disability-Adjusted Life Years),200,Benin,3,Both,27,Age-standardized,543,Alzheimer's disease and other dementias,3,Rate,2004,297.08930457705344,647.0057577727096,127.77812995870696
1,All Population,2,DALYs (Disability-Adjusted Life Years),201,Burkina Faso,3,Both,27,Age-standardized,543,Alzheimer's disease and other dementias,3,Rate,2005,387.55246965768754,869.6617776151986,154.07938721864156
1,All Population,2,DALYs (Disability-Adjusted Life Years),206,Gambia,3,Both,27,Age-standardized,543,Alzheimer's disease and other dementias,3,Rate,2006,293.68794001317593,667.740943757118,124.4629555417714
1,All Population,2,DALYs (Disability-Adjusted Life Years),213,Niger,3,Both,27,Age-standardized,543,Alzheimer's disease and other dementias,3,Rate,2007,345.96149687697414,801.803846380562,136.10663785343735
1,All Population,2,DALYs (Disability-Adjusted Life Years),213,Niger,3,Both,27,Age-standardized,543,Alzheimer's disease and other dementias,3,Rate,2004,341.25657052276784,806.8397158556302,138.55934783489545
1,All Population,2,DALYs (Disability-Adjusted Life Years),202,Cameroon,3,Both,27,Age-standardized,543,Alzheimer's disease and other dementias,3,Rate,2003,346.3219516894594,751.9249286478931,136.7275504852446
1,All Population,2,DALYs (Disability-Adjusted Life Years),215,Sao Tome and Principe,3,Both,27,Age-standardized,543,Alzheimer's disease and other dementias,3,Rate,2003,324.8500550485341,727.8291122528841,133.2261474694488
1,All Population,2,DALYs (Disability-Adjusted Life Years),212,Mauritania,3,Both,27,Age-standardized,543,Alzheimer's disease and other dementias,3,Rate,2003,339.8247693333522,762.7003110070003,141.24132308325085
1,All Population,2,DALYs (Disability-Adjusted Life Years),216,Senegal,3,Both,27,Age-standardized,543,Alzheimer's disease and other dementias,3,Rate,2006,315.64242610064457,670.275277791525,129.91803923302652
1,All Population,2,DALYs (Disability-Adjusted Life Years),212,Mauritania,3,Both,27,Age-standardized,543,Alzheimer's disease and other dementias,3,Rate,2006,349.49644294859127,773.1744420565842,142.2760007349159
1,All Population,2,DALYs (Disability-Adjusted Life Years),203,Cabo Verde,3,Both,27,Age-standardized,543,Alzheimer's disease and other dementias,3,Rate,2005,300.9689854645798,620.26257402951,131.93610125839066
1,All Population,2,DALYs (Disability-Adjusted Life Years),212,Mauritania,3,Both,27,Age-standardized,543,Alzheimer's disease and other dementias,3,Rate,2002,344.2320504460707,772.6305091502186,141.4373258795379
1,All Population,2,DALYs (Disability-Adjusted Life Years),213,Niger,3,Both,27,Age-standardized,543,Alzheimer's disease and other dementias,3,Rate,2002,346.5136679424319,798.0581165764262,137.67353148418613
1,All Population,2,DALYs (Disability-Adjusted Life Years),201,Burkina Faso,3,Both,27,Age-standardized,543,Alzheimer's disease and other dementias,3,Rate,2006,396.16602355085263,912.5533697179691,154.97497178750592
1,All Population,2,DALYs (Disability-Adjusted Life Years),204,Chad,3,Both,27,Age-standardized,543,Alzheimer's disease and other dementias,3,Rate,2011,334.43001099432706,722.8508308544826,132.34961955660276
1,All Population,2,DALYs (Disability-Adjusted Life Years),205,Côte d'Ivoire,3,Both,27,Age-standardized,543,Alzheimer's disease and other dementias,3,Rate,2004,287.03017366308103,628.2507566931857,123.60763609968643
1,All Population,2,DALYs (Disability-Adjusted Life Years),200,Benin,3,Both,27,Age-standardized,543,Alzheimer's disease and other dementias,3,Rate,2006,300.7104679794701,647.5080999524293,127.73596304476217
1,All Population,2,DALYs (Disability-Adjusted Life Years),211,Mali,3,Both,27,Age-standardized,543,Alzheimer's disease and other dementias,3,Rate,2006,303.238948037335,649.6296426455015,128.85576961487087
1,All Population,2,DALYs (Disability-Adjusted Life Years),206,Gambia,3,Both,27,Age-standardized,543,Alzheimer's disease and other dementias,3,Rate,2011,279.93899401721416,608.2727416542779,119.53174965107735
1,All Population,2,DALYs (Disability-Adjusted Life Years),206,Gambia,3,Both,27,Age-standardized,543,Alzheimer's disease and other dementias,3,Rate,2000,288.30037794792355,640.6662276420142,126.70686328373716
1,All Population,2,DALYs (Disability-Adjusted Life Years),215,Sao Tome and Principe,3,Both,27,Age-standardized,543,Alzheimer's disease and other dementias,3,Rate,2002,323.7834543511491,715.4927315450566,133.68717220225926
1,All Population,2,DALYs (Disability-Adjusted Life Years),206,Gambia,3,Both,27,Age-standardized,543,Alzheimer's disease and other dementias,3,Rate,2010,289.1214282473589,634.9592866094398,122.99671085948464
1,All Population,2,DALYs (Disability-Adjusted Life Years),216,Senegal,3,Both,27,Age-standardized,543,Alzheimer's disease and other dementias,3,Rate,2002,315.236829387628,685.3264323598657,133.69669507767466
1,All Population,2,DALYs (Disability-Adjusted Life Years),211,Mali,3,Both,27,Age-standardized,543,Alzheimer's disease and other dementias,3,Rate,2004,302.531131648626,663.4225316302291,128.6527601629722
1,All Population,2,DALYs (Disability-Adjusted Life Years),201,Burkina Faso,3,Both,27,Age-standardized,543,Alzheimer's disease and other dementias,3,Rate,2002,390.29319828134436,869.7847208017464,154.4198931476423
1,All Population,2,DALYs (Disability-Adjusted Life Years),207,Ghana,3,Both,27,Age-standardized,543,Alzheimer's disease and other dementias,3,Rate,2000,295.5985301660354,649.4603448633109,125.44127123318864
1,All Population,2,DALYs (Disability-Adjusted Life Years),203,Cabo Verde,3,Both,27,Age-standardized,543,Alzheimer's disease and other dementias,3,Rate,2006,299.6773816341856,617.0890602887187,132.13082870575383
1,All Population,2,DALYs (Disability-Adjusted Life Years),204,Chad,3,Both,27,Age-standardized,543,Alzheimer's disease and other dementias,3,Rate,2009,331.6370442952383,714.3972628879659,131.72577284097088
1,All Population,2,DALYs (Disability-Adjusted Life Years),213,Niger,3,Both,27,Age-standardized,543,Alzheimer's disease and other dementias,3,Rate,2008,348.20143391207677,804.5667010035286,135.9435106049701
1,All Population,2,DALYs (Disability-Adjusted Life Years),213,Niger,3,Both,27,Age-standardized,543,Alzheimer's disease and other dementias,3,Rate,2011,351.65668741330967,773.3179005101041,134.96370290486678
1,All Population,2,DALYs (Disability-Adjusted Life Years),205,Côte d'Ivoire,3,Both,27,Age-standardized,543,Alzheimer's disease and other dementias,3,Rate,2005,288.79474215310495,627.1413210831174,126.06228069259187
1,All Population,2,DALYs (Disability-Adjusted Life Years),213,Niger,3,Both,27,Age-standardized,543,Alzheimer's disease and other dementias,3,Rate,2010,351.5849595606384,776.1239274675575,135.98219840665803
1,All Population,2,DALYs (Disability-Adjusted Life Years),214,Nigeria,3,Both,27,Age-standardized,543,Alzheimer's disease and other dementias,3,Rate,2003,274.85407470108413,583.2424308653145,113.18776275467157
1,All Population,2,DALYs (Disability-Adjusted Life Years),215,Sao Tome and Principe,3,Both,27,Age-standardized,543,Alzheimer's disease and other dementias,3,Rate,2011,357.94854950385377,788.0495297661598,140.3732576981965
1,All Population,2,DALYs (Disability-Adjusted Life Years),201,Burkina Faso,3,Both,27,Age-standardized,543,Alzheimer's disease and other dementias,3,Rate,2000,387.93701450041755,840.5136439865296,156.1146382713558
1,All Population,2,DALYs (Disability-Adjusted Life Years),218,Togo,3,Both,27,Age-standardized,543,Alzheimer's disease and other dementias,3,Rate,2002,313.5606624484982,708.7752661933076,132.5771414057107
1,All Population,2,DALYs (Disability-Adjusted Life Years),210,Liberia,3,Both,27,Age-standardized,543,Alzheimer's disease and other dementias,3,Rate,2004,338.02091310007,743.4050521348498,136.76042349740825
1,All Population,2,DALYs (Disability-Adjusted Life Years),202,Cameroon,3,Both,27,Age-standardized,543,Alzheimer's disease and other dementias,3,Rate,2004,344.59115482049646,752.0161228389155,134.91457168563244
1,All Population,2,DALYs (Disability-Adjusted Life Years),200,Benin,3,Both,27,Age-standardized,543,Alzheimer's disease and other dementias,3,Rate,2002,303.6998709093402,673.9615647136543,128.6675863227269
1,All Population,2,DALYs (Disability-Adjusted Life Years),215,Sao Tome and Principe,3,Both,27,Age-standardized,543,Alzheimer's disease and other dementias,3,Rate,2010,358.04601143903665,797.0365626748523,139.84742625533022
1,All Population,2,DALYs (Disability-Adjusted Life Years),204,Chad,3,Both,27,Age-standardized,543,Alzheimer's disease and other dementias,3,Rate,2012,333.7518577059442,714.6505632289243,133.35514713759858
1,All Population,2,DALYs (Disability-Adjusted Life Years),207,Ghana,3,Both,27,Age-standardized,543,Alzheimer's disease and other dementias,3,Rate,2004,302.32623940891307,651.7644515806858,127.32841441987163
1,All Population,2,DALYs (Disability-Adjusted Life Years),206,Gambia,3,Both,27,Age-standardized,543,Alzheimer's disease and other dementias,3,Rate,2012,279.3556626978189,610.5273314622116,120.72041225737631
1,All Population,2,DALYs (Disability-Adjusted Life Years),205,Côte d'Ivoire,3,Both,27,Age-standardized,543,Alzheimer's disease and other dementias,3,Rate,2006,294.6962432058689,640.6417554128594,124.9546772172195
1,All Population,2,DALYs (Disability-Adjusted Life Years),202,Cameroon,3,Both,27,Age-standardized,543,Alzheimer's disease and other dementias,3,Rate,2006,345.44021917948606,757.346232746485,136.1930324405252
1,All Population,2,DALYs (Disability-Adjusted Life Years),213,Niger,3,Both,27,Age-standardized,543,Alzheimer's disease and other dementias,3,Rate,2012,352.67187519594495,776.2591543398985,135.19196366544497
1,All Population,2,DALYs (Disability-Adjusted Life Years),203,Cabo Verde,3,Both,27,Age-standardized,543,Alzheimer's disease and other dementias,3,Rate,2007,301.38222106671833,623.2862353644026,131.20096532683948
1,All Population,2,DALYs (Disability-Adjusted Life Years),207,Ghana,3,Both,27,Age-standardized,543,Alzheimer's disease and other dementias,3,Rate,2005,303.4340589291272,657.5375343846864,128.22295788346744
1,All Population,2,DALYs (Disability-Adjusted Life Years),204,Chad,3,Both,27,Age-standardized,543,Alzheimer's disease and other dementias,3,Rate,2002,338.51272128562226,779.7848125325382,132.92042456741441
1,All Population,2,DALYs (Disability-Adjusted Life Years),209,Guinea-Bissau,3,Both,27,Age-standardized,543,Alzheimer's disease and other dementias,3,Rate,2002,317.52978357971034,723.2349435407702,133.46937087166162
1,All Population,2,DALYs (Disability-Adjusted Life Years),215,Sao Tome and Principe,3,Both,27,Age-standardized,543,Alzheimer's disease and other dementias,3,Rate,2007,342.81389465961377,772.5215809482897,137.29140591793615
1,All Population,2,DALYs (Disability-Adjusted Life Years),200,Benin,3,Both,27,Age-standardized,543,Alzheimer's disease and other dementias,3,Rate,2007,298.16885701662903,642.8951975756019,126.9393584014406
1,All Population,2,DALYs (Disability-Adjusted Life Years),207,Ghana,3,Both,27,Age-standardized,543,Alzheimer's disease and other dementias,3,Rate,2006,305.73266130328847,670.8871972195652,130.33609329016036
1,All Population,2,DALYs (Disability-Adjusted Life Years),208,Guinea,3,Both,27,Age-standardized,543,Alzheimer's disease and other dementias,3,Rate,2005,320.0593130027924,703.4281674880975,134.321742045384
1,All Population,2,DALYs (Disability-Adjusted Life Years),211,Mali,3,Both,27,Age-standardized,543,Alzheimer's disease and other dementias,3,Rate,2002,307.2297055579101,680.7343383154265,129.6032770824006
1,All Population,2,DALYs (Disability-Adjusted Life Years),208,Guinea,3,Both,27,Age-standardized,543,Alzheimer's disease and other dementias,3,Rate,2008,318.4189481710948,709.2807331217014,133.58087245247947
1,All Population,2,DALYs (Disability-Adjusted Life Years),212,Mauritania,3,Both,27,Age-standardized,543,Alzheimer's disease and other dementias,3,Rate,2004,344.34373227149734,766.6392052860863,141.65315426805847
1,All Population,2,DALYs (Disability-Adjusted Life Years),214,Nigeria,3,Both,27,Age-standardized,543,Alzheimer's disease and other dementias,3,Rate,2008,282.65434008257404,624.2765706357306,115.31308005550626
1,All Population,2,DALYs (Disability-Adjusted Life Years),208,Guinea,3,Both,27,Age-standardized,543,Alzheimer's disease and other dementias,3,Rate,2006,321.66064230989235,707.5384842825914,135.5003173572092
1,All Population,2,DALYs (Disability-Adjusted Life Years),218,Togo,3,Both,27,Age-standardized,543,Alzheimer's disease and other dementias,3,Rate,2006,306.9251103221804,679.4384966740905,131.94061715538348
1,All Population,2,DALYs (Disability-Adjusted Life Years),204,Chad,3,Both,27,Age-standardized,543,Alzheimer's disease and other dementias,3,Rate,2014,336.50436633056626,723.5672343589895,134.59480630230672
1,All Population,2,DALYs (Disability-Adjusted Life Years),216,Senegal,3,Both,27,Age-standardized,543,Alzheimer's disease and other dementias,3,Rate,2011,325.94229721602454,693.4717677857672,131.8645739602831
1,All Population,2,DALYs (Disability-Adjusted Life Years),213,Niger,3,Both,27,Age-standardized,543,Alzheimer's disease and other dementias,3,Rate,2014,353.77275359820095,774.5619900011956,135.66945857823407
1,All Population,2,DALYs (Disability-Adjusted Life Years),208,Guinea,3,Both,27,Age-standardized,543,Alzheimer's disease and other dementias,3,Rate,2009,317.91109951166254,697.5889250522431,132.39820069460689
1,All Population,2,DALYs (Disability-Adjusted Life Years),206,Gambia,3,Both,27,Age-standardized,543,Alzheimer's disease and other dementias,3,Rate,2014,291.80721961914116,630.6225604979412,125.59596443331924
1,All Population,2,DALYs (Disability-Adjusted Life Years),200,Benin,3,Both,27,Age-standardized,543,Alzheimer's disease and other dementias,3,Rate,2009,304.2189740846397,658.5227404132734,129.87877316660771
1,All Population,2,DALYs (Disability-Adjusted Life Years),215,Sao Tome and Principe,3,Both,27,Age-standardized,543,Alzheimer's disease and other dementias,3,Rate,2014,370.0855488498928,826.102901224883,142.29022881212825
1,All Population,2,DALYs (Disability-Adjusted Life Years),210,Liberia,3,Both,27,Age-standardized,543,Alzheimer's disease and other dementias,3,Rate,2005,338.65573589747055,732.0282285484309,135.73336670663812
1,All Population,2,DALYs (Disability-Adjusted Life Years),217,Sierra Leone,3,Both,27,Age-standardized,543,Alzheimer's disease and other dementias,3,Rate,2014,336.45907458822836,729.6951343066831,134.82045652310987
1,All Population,2,DALYs (Disability-Adjusted Life Years),202,Cameroon,3,Both,27,Age-standardized,543,Alzheimer's disease and other dementias,3,Rate,2007,340.5612200137004,762.3170340080346,134.81408138172927
1,All Population,2,DALYs (Disability-Adjusted Life Years),209,Guinea-Bissau,3,Both,27,Age-standardized,543,Alzheimer's disease and other dementias,3,Rate,2006,323.38226407737693,711.4387290792732,134.06321026620955
1,All Population,2,DALYs (Disability-Adjusted Life Years),203,Cabo Verde,3,Both,27,Age-standardized,543,Alzheimer's disease and other dementias,3,Rate,2008,303.8260003831447,628.2826791126453,130.74820206456548
1,All Population,2,DALYs (Disability-Adjusted Life Years),209,Guinea-Bissau,3,Both,27,Age-standardized,543,Alzheimer's disease and other dementias,3,Rate,2008,329.4451770822142,731.7920454825522,135.28251294627663
1,All Population,2,DALYs (Disability-Adjusted Life Years),210,Liberia,3,Both,27,Age-standardized,543,Alzheimer's disease and other dementias,3,Rate,2008,356.2917597733575,777.2340748275349,137.38906276343556
1,All Population,2,DALYs (Disability-Adjusted Life Years),205,Côte d'Ivoire,3,Both,27,Age-standardized,543,Alzheimer's disease and other dementias,3,Rate,2007,292.86390073217575,641.7059417380248,122.86942296884769
1,All Population,2,DALYs (Disability-Adjusted Life Years),202,Cameroon,3,Both,27,Age-standardized,543,Alzheimer's disease and other dementias,3,Rate,2009,347.63329000227907,780.0399203826513,135.7234320258007
1,All Population,2,DALYs (Disability-Adjusted Life Years),206,Gambia,3,Both,27,Age-standardized,543,Alzheimer's disease and other dementias,3,Rate,2009,289.6393082243946,645.4039928650595,123.45729132216786
1,All Population,2,DALYs (Disability-Adjusted Life Years),217,Sierra Leone,3,Both,27,Age-standardized,543,Alzheimer's disease and other dementias,3,Rate,2011,330.39891980175054,701.0062580967656,135.87547635552698
1,All Population,2,DALYs (Disability-Adjusted Life Years),216,Senegal,3,Both,27,Age-standardized,543,Alzheimer's disease and other dementias,3,Rate,2008,321.712958185302,686.4593432822011,131.71894942645568
1,All Population,2,DALYs (Disability-Adjusted Life Years),203,Cabo Verde,3,Both,27,Age-standardized,543,Alzheimer's disease and other dementias,3,Rate,2012,312.2849880928089,654.7300711024719,133.7745925032577
1,All Population,2,DALYs (Disability-Adjusted Life Years),215,Sao Tome and Principe,3,Both,27,Age-standardized,543,Alzheimer's disease and other dementias,3,Rate,2008,345.7654682869932,780.6767498475197,139.17185330511904
1,All Population,2,DALYs (Disability-Adjusted Life Years),203,Cabo Verde,3,Both,27,Age-standardized,543,Alzheimer's disease and other dementias,3,Rate,2009,306.45057877565466,633.5546183092722,130.74462514008331
1,All Population,2,DALYs (Disability-Adjusted Life Years),213,Niger,3,Both,27,Age-standardized,543,Alzheimer's disease and other dementias,3,Rate,2013,356.9082862932758,790.8095276887666,136.30213992304664
1,All Population,2,DALYs (Disability-Adjusted Life Years),203,Cabo Verde,3,Both,27,Age-standardized,543,Alzheimer's disease and other dementias,3,Rate,2010,308.80237179283404,638.8443086009232,131.74125769468813
1,All Population,2,DALYs (Disability-Adjusted Life Years),215,Sao Tome and Principe,3,Both,27,Age-standardized,543,Alzheimer's disease and other dementias,3,Rate,2013,361.9151275123505,798.1497444460199,140.1962280399782
1,All Population,2,DALYs (Disability-Adjusted Life Years),205,Côte d'Ivoire,3,Both,27,Age-standardized,543,Alzheimer's disease and other dementias,3,Rate,2012,295.97938588214197,639.604279526964,125.98683374695158
1,All Population,2,DALYs (Disability-Adjusted Life Years),217,Sierra Leone,3,Both,27,Age-standardized,543,Alzheimer's disease and other dementias,3,Rate,2013,338.5076041808473,735.3077211303196,134.14147259891647
1,All Population,2,DALYs (Disability-Adjusted Life Years),200,Benin,3,Both,27,Age-standardized,543,Alzheimer's disease and other dementias,3,Rate,2005,297.44110622028643,640.9923202895709,127.18132769988642
1,All Population,2,DALYs (Disability-Adjusted Life Years),209,Guinea-Bissau,3,Both,27,Age-standardized,543,Alzheimer's disease and other dementias,3,Rate,2009,330.00184645660335,731.4585808201043,134.10476169044426
1,All Population,2,DALYs (Disability-Adjusted Life Years),205,Côte d'Ivoire,3,Both,27,Age-standardized,543,Alzheimer's disease and other dementias,3,Rate,2010,296.08226433821835,629.1876135719841,125.343123670504
1,All Population,2,DALYs (Disability-Adjusted Life Years),211,Mali,3,Both,27,Age-standardized,543,Alzheimer's disease and other dementias,3,Rate,2008,303.3994580238254,622.7328629404552,128.72477216025138
1,All Population,2,DALYs (Disability-Adjusted Life Years),207,Ghana,3,Both,27,Age-standardized,543,Alzheimer's disease and other dementias,3,Rate,2012,308.3035844494365,657.0453120290487,130.1202091161602
1,All Population,2,DALYs (Disability-Adjusted Life Years),217,Sierra Leone,3,Both,27,Age-standardized,543,Alzheimer's disease and other dementias,3,Rate,2007,316.4679621053692,708.8334678773658,130.75632130624712
1,All Population,2,DALYs (Disability-Adjusted Life Years),202,Cameroon,3,Both,27,Age-standardized,543,Alzheimer's disease and other dementias,3,Rate,2002,350.96200286939086,770.3261129995333,138.26505333385094
1,All Population,2,DALYs (Disability-Adjusted Life Years),215,Sao Tome and Principe,3,Both,27,Age-standardized,543,Alzheimer's disease and other dementias,3,Rate,2012,359.4503164091895,789.4154321956423,139.54912579669272
1,All Population,2,DALYs (Disability-Adjusted Life Years),217,Sierra Leone,3,Both,27,Age-standardized,543,Alzheimer's disease and other dementias,3,Rate,2008,320.30422601073025,706.8774570098728,132.62596832938215
1,All Population,2,DALYs (Disability-Adjusted Life Years),205,Côte d'Ivoire,3,Both,27,Age-standardized,543,Alzheimer's disease and other dementias,3,Rate,2011,294.4248668767887,627.6957004649984,125.67731544650523
1,All Population,2,DALYs (Disability-Adjusted Life Years),217,Sierra Leone,3,Both,27,Age-standardized,543,Alzheimer's disease and other dementias,3,Rate,2010,329.1751125422005,691.1810764931486,135.08821670888068
1,All Population,2,DALYs (Disability-Adjusted Life Years),208,Guinea,3,Both,27,Age-standardized,543,Alzheimer's disease and other dementias,3,Rate,2012,316.3177154694189,685.2700769390008,127.90413230023198
1,All Population,2,DALYs (Disability-Adjusted Life Years),204,Chad,3,Both,27,Age-standardized,543,Alzheimer's disease and other dementias,3,Rate,2013,336.333537824903,719.4639123072045,134.75603030218167
1,All Population,2,DALYs (Disability-Adjusted Life Years),200,Benin,3,Both,27,Age-standardized,543,Alzheimer's disease and other dementias,3,Rate,2010,305.1015228989234,652.5988142723161,129.60603465379427
1,All Population,2,DALYs (Disability-Adjusted Life Years),213,Niger,3,Both,27,Age-standardized,543,Alzheimer's disease and other dementias,3,Rate,2017,350.71806766318184,827.9689408187289,137.75286193024942
1,All Population,2,DALYs (Disability-Adjusted Life Years),210,Liberia,3,Both,27,Age-standardized,543,Alzheimer's disease and other dementias,3,Rate,2012,366.0934861102446,812.863268400881,143.09173525644687
1,All Population,2,DALYs (Disability-Adjusted Life Years),210,Liberia,3,Both,27,Age-standardized,543,Alzheimer's disease and other dementias,3,Rate,2006,349.41023204121933,765.3726097561515,137.24723217474386
1,All Population,2,DALYs (Disability-Adjusted Life Years),215,Sao Tome and Principe,3,Both,27,Age-standardized,543,Alzheimer's disease and other dementias,3,Rate,2017,379.5696962816326,848.195987146823,142.32329158813366
1,All Population,2,DALYs (Disability-Adjusted Life Years),212,Mauritania,3,Both,27,Age-standardized,543,Alzheimer's disease and other dementias,3,Rate,2012,350.6190543746635,766.4294422422264,139.9189128356561
1,All Population,2,DALYs (Disability-Adjusted Life Years),202,Cameroon,3,Both,27,Age-standardized,543,Alzheimer's disease and other dementias,3,Rate,2005,342.91834958776514,750.9451323589763,133.68828733466327
1,All Population,2,DALYs (Disability-Adjusted Life Years),217,Sierra Leone,3,Both,27,Age-standardized,543,Alzheimer's disease and other dementias,3,Rate,2017,337.2450354524954,768.9612844685412,137.10520666263992
1,All Population,2,DALYs (Disability-Adjusted Life Years),218,Togo,3,Both,27,Age-standardized,543,Alzheimer's disease and other dementias,3,Rate,2005,305.61938926468173,679.6858752078599,131.62724624454793
1,All Population,2,DALYs (Disability-Adjusted Life Years),211,Mali,3,Both,27,Age-standardized,543,Alzheimer's disease and other dementias,3,Rate,2009,303.59606257638444,624.4562637042094,129.57008231063946
1,All Population,2,DALYs (Disability-Adjusted Life Years),202,Cameroon,3,Both,27,Age-standardized,543,Alzheimer's disease and other dementias,3,Rate,2010,350.43210170410964,784.3993694530748,135.15561157811075
1,All Population,2,DALYs (Disability-Adjusted Life Years),209,Guinea-Bissau,3,Both,27,Age-standardized,543,Alzheimer's disease and other dementias,3,Rate,2007,323.99646968809895,715.5450963475953,131.67780060616036
1,All Population,2,DALYs (Disability-Adjusted Life Years),200,Benin,3,Both,27,Age-standardized,543,Alzheimer's disease and other dementias,3,Rate,2008,302.25672426954134,651.5167869549834,128.5697166636194
1,All Population,2,DALYs (Disability-Adjusted Life Years),209,Guinea-Bissau,3,Both,27,Age-standardized,543,Alzheimer's disease and other dementias,3,Rate,2011,334.68328786762874,733.2782864548444,133.03517209867954
1,All Population,2,DALYs (Disability-Adjusted Life Years),210,Liberia,3,Both,27,Age-standardized,543,Alzheimer's disease and other dementias,3,Rate,2009,362.1390571087717,797.3498749771844,139.03039494388887
1,All Population,2,DALYs (Disability-Adjusted Life Years),212,Mauritania,3,Both,27,Age-standardized,543,Alzheimer's disease and other dementias,3,Rate,2008,342.32053367105544,754.1259917784452,140.56622734355028
1,All Population,2,DALYs (Disability-Adjusted Life Years),212,Mauritania,3,Both,27,Age-standardized,543,Alzheimer's disease and other dementias,3,Rate,2005,344.24276195973977,756.0165600940309,142.11522901409734
1,All Population,2,DALYs (Disability-Adjusted Life Years),201,Burkina Faso,3,Both,27,Age-standardized,543,Alzheimer's disease and other dementias,3,Rate,2009,398.5000395459753,931.5514662477681,154.19167979131217
1,All Population,2,DALYs (Disability-Adjusted Life Years),204,Chad,3,Both,27,Age-standardized,543,Alzheimer's disease and other dementias,3,Rate,2019,337.1939944704927,759.9576088039538,133.32634721179804
1,All Population,2,DALYs (Disability-Adjusted Life Years),209,Guinea-Bissau,3,Both,27,Age-standardized,543,Alzheimer's disease and other dementias,3,Rate,2010,332.94209527083865,733.2389606926042,135.03490331090012
1,All Population,2,DALYs (Disability-Adjusted Life Years),206,Gambia,3,Both,27,Age-standardized,543,Alzheimer's disease and other dementias,3,Rate,2019,318.33204090403206,701.1842930439501,133.3215391045772
1,All Population,2,DALYs (Disability-Adjusted Life Years),218,Togo,3,Both,27,Age-standardized,543,Alzheimer's disease and other dementias,3,Rate,2012,314.8652499741225,680.0786030126579,131.00268374511637
1,All Population,2,DALYs (Disability-Adjusted Life Years),211,Mali,3,Both,27,Age-standardized,543,Alzheimer's disease and other dementias,3,Rate,2011,304.83743627118497,625.1941638294811,130.47413454402675
1,All Population,2,DALYs (Disability-Adjusted Life Years),205,Côte d'Ivoire,3,Both,27,Age-standardized,543,Alzheimer's disease and other dementias,3,Rate,2009,296.4250605321101,639.6100560332387,124.00318656128754
1,All Population,2,DALYs (Disability-Adjusted Life Years),207,Ghana,3,Both,27,Age-standardized,543,Alzheimer's disease and other dementias,3,Rate,2007,303.15634471939467,660.6500263345181,130.1507262854692
1,All Population,2,DALYs (Disability-Adjusted Life Years),205,Côte d'Ivoire,3,Both,27,Age-standardized,543,Alzheimer's disease and other dementias,3,Rate,2008,296.80834304036694,651.4541526458103,124.71229038538839
1,All Population,2,DALYs (Disability-Adjusted Life Years),218,Togo,3,Both,27,Age-standardized,543,Alzheimer's disease and other dementias,3,Rate,2011,316.3119034487906,694.0837261500903,131.5373798716819
1,All Population,2,DALYs (Disability-Adjusted Life Years),208,Guinea,3,Both,27,Age-standardized,543,Alzheimer's disease and other dementias,3,Rate,2011,316.91628784152454,687.9672194155341,128.72192334888373
1,All Population,2,DALYs (Disability-Adjusted Life Years),213,Niger,3,Both,27,Age-standardized,543,Alzheimer's disease and other dementias,3,Rate,2016,344.7848225885974,811.4442457406969,134.49173585089517
1,All Population,2,DALYs (Disability-Adjusted Life Years),201,Burkina Faso,3,Both,27,Age-standardized,543,Alzheimer's disease and other dementias,3,Rate,2016,397.4660931743675,891.5662833289014,155.83259815367504
1,All Population,2,DALYs (Disability-Adjusted Life Years),213,Niger,3,Both,27,Age-standardized,543,Alzheimer's disease and other dementias,3,Rate,2019,359.0191526692834,840.6636173335872,138.8986043905395
1,All Population,2,DALYs (Disability-Adjusted Life Years),203,Cabo Verde,3,Both,27,Age-standardized,543,Alzheimer's disease and other dementias,3,Rate,2011,309.70772252535653,643.2992167944947,131.95592829735065
1,All Population,2,DALYs (Disability-Adjusted Life Years),214,Nigeria,3,Both,27,Age-standardized,543,Alzheimer's disease and other dementias,3,Rate,2012,288.0158335444056,632.2761541641098,116.16509316905402
1,All Population,2,DALYs (Disability-Adjusted Life Years),215,Sao Tome and Principe,3,Both,27,Age-standardized,543,Alzheimer's disease and other dementias,3,Rate,2019,381.7110700247325,882.646131268178,145.39001037547268
1,All Population,2,DALYs (Disability-Adjusted Life Years),204,Chad,3,Both,27,Age-standardized,543,Alzheimer's disease and other dementias,3,Rate,2005,333.42653153036457,738.3158917920367,133.8110550933696
1,All Population,2,DALYs (Disability-Adjusted Life Years),206,Gambia,3,Both,27,Age-standardized,543,Alzheimer's disease and other dementias,3,Rate,2018,307.56515380297645,679.8099807317167,129.32865445656586
1,All Population,2,DALYs (Disability-Adjusted Life Years),204,Chad,3,Both,27,Age-standardized,543,Alzheimer's disease and other dementias,3,Rate,2016,334.9806996906036,729.7142093034016,131.2505091797679
1,All Population,2,DALYs (Disability-Adjusted Life Years),200,Benin,3,Both,27,Age-standardized,543,Alzheimer's disease and other dementias,3,Rate,2014,303.16190426139485,662.3158899971322,128.4028882764262
1,All Population,2,DALYs (Disability-Adjusted Life Years),206,Gambia,3,Both,27,Age-standardized,543,Alzheimer's disease and other dementias,3,Rate,2005,296.44330943334506,664.422468797347,127.10693457066496
1,All Population,2,DALYs (Disability-Adjusted Life Years),202,Cameroon,3,Both,27,Age-standardized,543,Alzheimer's disease and other dementias,3,Rate,2014,349.8582174524479,795.1582108947302,133.61717448494616
1,All Population,2,DALYs (Disability-Adjusted Life Years),213,Niger,3,Both,27,Age-standardized,543,Alzheimer's disease and other dementias,3,Rate,2018,352.6254477096342,828.0297680717346,138.01546812563873
1,All Population,2,DALYs (Disability-Adjusted Life Years),215,Sao Tome and Principe,3,Both,27,Age-standardized,543,Alzheimer's disease and other dementias,3,Rate,2018,382.4097714422451,872.8219517709348,144.24465137292643
1,All Population,2,DALYs (Disability-Adjusted Life Years),201,Burkina Faso,3,Both,27,Age-standardized,543,Alzheimer's disease and other dementias,3,Rate,2012,395.9957809871733,880.6882979232546,152.841041828834
1,All Population,2,DALYs (Disability-Adjusted Life Years),201,Burkina Faso,3,Both,27,Age-standardized,543,Alzheimer's disease and other dementias,3,Rate,2011,398.09607016949866,894.1152930279503,153.2594749038479
1,All Population,2,DALYs (Disability-Adjusted Life Years),212,Mauritania,3,Both,27,Age-standardized,543,Alzheimer's disease and other dementias,3,Rate,2009,349.49543497607397,758.4937249408013,143.22813289941337
1,All Population,2,DALYs (Disability-Adjusted Life Years),207,Ghana,3,Both,27,Age-standardized,543,Alzheimer's disease and other dementias,3,Rate,2011,308.24063697826176,660.40638221137,131.0955420005629
1,All Population,2,DALYs (Disability-Adjusted Life Years),210,Liberia,3,Both,27,Age-standardized,543,Alzheimer's disease and other dementias,3,Rate,2007,347.6001735008214,773.7562825551624,135.46886090629488
1,All Population,2,DALYs (Disability-Adjusted Life Years),210,Liberia,3,Both,27,Age-standardized,543,Alzheimer's disease and other dementias,3,Rate,2011,360.93089050376074,790.4665170203888,138.98157313640368
1,All Population,2,DALYs (Disability-Adjusted Life Years),209,Guinea-Bissau,3,Both,27,Age-standardized,543,Alzheimer's disease and other dementias,3,Rate,2014,341.3037145524547,761.8825078450293,136.33906027959435
1,All Population,2,DALYs (Disability-Adjusted Life Years),217,Sierra Leone,3,Both,27,Age-standardized,543,Alzheimer's disease and other dementias,3,Rate,2012,335.1375534426763,725.6662011233739,135.86867492917446
1,All Population,2,DALYs (Disability-Adjusted Life Years),204,Chad,3,Both,27,Age-standardized,543,Alzheimer's disease and other dementias,3,Rate,2020,339.4341573211531,778.5819803621569,134.60346275787683
1,All Population,2,DALYs (Disability-Adjusted Life Years),206,Gambia,3,Both,27,Age-standardized,543,Alzheimer's disease and other dementias,3,Rate,2020,303.2546922290801,675.4216480446038,125.69178822359626
1,All Population,2,DALYs (Disability-Adjusted Life Years),204,Chad,3,Both,27,Age-standardized,543,Alzheimer's disease and other dementias,3,Rate,2022,321.174818135576,724.8424577124883,130.9000908322261
1,All Population,2,DALYs (Disability-Adjusted Life Years),200,Benin,3,Both,27,Age-standardized,543,Alzheimer's disease and other dementias,3,Rate,2011,305.88967815341874,648.1441376262555,130.18786636224846
1,All Population,2,DALYs (Disability-Adjusted Life Years),206,Gambia,3,Both,27,Age-standardized,543,Alzheimer's disease and other dementias,3,Rate,2022,288.0142148010015,641.8682091695293,120.04782885695845
1,All Population,2,DALYs (Disability-Adjusted Life Years),201,Burkina Faso,3,Both,27,Age-standardized,543,Alzheimer's disease and other dementias,3,Rate,2014,392.3489951305264,874.4117248972016,151.60684715071804
1,All Population,2,DALYs (Disability-Adjusted Life Years),212,Mauritania,3,Both,27,Age-standardized,543,Alzheimer's disease and other dementias,3,Rate,2014,353.8927706943168,764.5892744979295,137.7232348212699
1,All Population,2,DALYs (Disability-Adjusted Life Years),201,Burkina Faso,3,Both,27,Age-standardized,543,Alzheimer's disease and other dementias,3,Rate,2013,398.94834496672553,881.5035343003032,154.04405752520233
1,All Population,2,DALYs (Disability-Adjusted Life Years),213,Niger,3,Both,27,Age-standardized,543,Alzheimer's disease and other dementias,3,Rate,2020,351.6001402528163,821.1408200765668,138.30705436220697
1,All Population,2,DALYs (Disability-Adjusted Life Years),202,Cameroon,3,Both,27,Age-standardized,543,Alzheimer's disease and other dementias,3,Rate,2013,352.0552951835875,786.5233968751588,135.44998572275043
1,All Population,2,DALYs (Disability-Adjusted Life Years),206,Gambia,3,Both,27,Age-standardized,543,Alzheimer's disease and other dementias,3,Rate,2013,286.5669441327485,615.4054097777836,124.09660794872099
1,All Population,2,DALYs (Disability-Adjusted Life Years),217,Sierra Leone,3,Both,27,Age-standardized,543,Alzheimer's disease and other dementias,3,Rate,2019,342.13057841634514,770.9074795552241,136.27544231917375
1,All Population,2,DALYs (Disability-Adjusted Life Years),213,Niger,3,Both,27,Age-standardized,543,Alzheimer's disease and other dementias,3,Rate,2005,340.7322982597743,788.7187545268022,137.2270345758839
1,All Population,2,DALYs (Disability-Adjusted Life Years),218,Togo,3,Both,27,Age-standardized,543,Alzheimer's disease and other dementias,3,Rate,2009,312.09463668889464,685.7897257494681,132.54310053733286
1,All Population,2,DALYs (Disability-Adjusted Life Years),211,Mali,3,Both,27,Age-standardized,543,Alzheimer's disease and other dementias,3,Rate,2010,304.09020759004534,628.5515384568185,129.4526302382738
1,All Population,2,DALYs (Disability-Adjusted Life Years),200,Benin,3,Both,27,Age-standardized,543,Alzheimer's disease and other dementias,3,Rate,2015,297.98512034490267,648.2768169567804,126.78108406525776
1,All Population,2,DALYs (Disability-Adjusted Life Years),215,Sao Tome and Principe,3,Both,27,Age-standardized,543,Alzheimer's disease and other dementias,3,Rate,2016,375.5764381028377,830.506774475798,141.08430608658176
1,All Population,2,DALYs (Disability-Adjusted Life Years),214,Nigeria,3,Both,27,Age-standardized,543,Alzheimer's disease and other dementias,3,Rate,2014,292.4504474315421,653.3401793676334,115.88536434972121
1,All Population,2,DALYs (Disability-Adjusted Life Years),202,Cameroon,3,Both,27,Age-standardized,543,Alzheimer's disease and other dementias,3,Rate,2015,351.04436975071076,804.0438907905266,134.88103140249936
1,All Population,2,DALYs (Disability-Adjusted Life Years),203,Cabo Verde,3,Both,27,Age-standardized,543,Alzheimer's disease and other dementias,3,Rate,2016,349.0239303716525,746.0229327239458,145.40146951938897
1,All Population,2,DALYs (Disability-Adjusted Life Years),203,Cabo Verde,3,Both,27,Age-standardized,543,Alzheimer's disease and other dementias,3,Rate,2014,333.07211047403064,712.4640748049757,141.21055819779411
1,All Population,2,DALYs (Disability-Adjusted Life Years),214,Nigeria,3,Both,27,Age-standardized,543,Alzheimer's disease and other dementias,3,Rate,2016,292.7317433908578,661.0876075759447,117.4943181072321
1,All Population,2,DALYs (Disability-Adjusted Life Years),204,Chad,3,Both,27,Age-standardized,543,Alzheimer's disease and other dementias,3,Rate,2017,335.1031138598772,736.1291938044121,132.96466417543735
1,All Population,2,DALYs (Disability-Adjusted Life Years),218,Togo,3,Both,27,Age-standardized,543,Alzheimer's disease and other dementias,3,Rate,2010,314.80504421198737,685.7782094553648,133.10775428105828
1,All Population,2,DALYs (Disability-Adjusted Life Years),218,Togo,3,Both,27,Age-standardized,543,Alzheimer's disease and other dementias,3,Rate,2008,309.04987123418226,679.9028362443162,129.92586134395614
1,All Population,2,DALYs (Disability-Adjusted Life Years),201,Burkina Faso,3,Both,27,Age-standardized,543,Alzheimer's disease and other dementias,3,Rate,2018,400.6476163880128,904.1560289077249,157.52076515362853
1,All Population,2,DALYs (Disability-Adjusted Life Years),209,Guinea-Bissau,3,Both,27,Age-standardized,543,Alzheimer's disease and other dementias,3,Rate,2012,335.6762347496031,743.7018264144342,135.22606384379233
1,All Population,2,DALYs (Disability-Adjusted Life Years),216,Senegal,3,Both,27,Age-standardized,543,Alzheimer's disease and other dementias,3,Rate,2012,320.4002889545937,697.6654202075036,131.53390997813673
1,All Population,2,DALYs (Disability-Adjusted Life Years),209,Guinea-Bissau,3,Both,27,Age-standardized,543,Alzheimer's disease and other dementias,3,Rate,2005,326.3001216292533,732.2631465386635,134.70047892129352
1,All Population,2,DALYs (Disability-Adjusted Life Years),207,Ghana,3,Both,27,Age-standardized,543,Alzheimer's disease and other dementias,3,Rate,2008,304.45309625991166,648.4551075218808,130.19259857012085
1,All Population,2,DALYs (Disability-Adjusted Life Years),214,Nigeria,3,Both,27,Age-standardized,543,Alzheimer's disease and other dementias,3,Rate,2005,277.5082377952897,598.0771759284203,113.77002589239608
1,All Population,2,DALYs (Disability-Adjusted Life Years),206,Gambia,3,Both,27,Age-standardized,543,Alzheimer's disease and other dementias,3,Rate,2016,294.5019004315845,657.0770480592108,125.5187390605851
1,All Population,2,DALYs (Disability-Adjusted Life Years),201,Burkina Faso,3,Both,27,Age-standardized,543,Alzheimer's disease and other dementias,3,Rate,2022,380.79971015622607,872.1498999347131,148.61575620690735
1,All Population,2,DALYs (Disability-Adjusted Life Years),209,Guinea-Bissau,3,Both,27,Age-standardized,543,Alzheimer's disease and other dementias,3,Rate,2013,341.2471896378166,758.1776445033662,135.74051803775916
1,All Population,2,DALYs (Disability-Adjusted Life Years),216,Senegal,3,Both,27,Age-standardized,543,Alzheimer's disease and other dementias,3,Rate,2005,315.07321106230626,675.5008356759713,132.2272776398284
1,All Population,2,DALYs (Disability-Adjusted Life Years),217,Sierra Leone,3,Both,27,Age-standardized,543,Alzheimer's disease and other dementias,3,Rate,2018,337.73196847592453,765.6093252976954,137.9741485675203
1,All Population,2,DALYs (Disability-Adjusted Life Years),203,Cabo Verde,3,Both,27,Age-standardized,543,Alzheimer's disease and other dementias,3,Rate,2018,369.5170344561296,817.7410890982125,148.34382304638817
1,All Population,2,DALYs (Disability-Adjusted Life Years),214,Nigeria,3,Both,27,Age-standardized,543,Alzheimer's disease and other dementias,3,Rate,2007,278.9795312366865,614.3828332161783,114.12264052899357
1,All Population,2,DALYs (Disability-Adjusted Life Years),205,Côte d'Ivoire,3,Both,27,Age-standardized,543,Alzheimer's disease and other dementias,3,Rate,2018,307.80347780250554,700.7088171184041,126.30996381378327
1,All Population,2,DALYs (Disability-Adjusted Life Years),210,Liberia,3,Both,27,Age-standardized,543,Alzheimer's disease and other dementias,3,Rate,2015,356.74058937449166,815.2205895644096,138.16695555080193
1,All Population,2,DALYs (Disability-Adjusted Life Years),216,Senegal,3,Both,27,Age-standardized,543,Alzheimer's disease and other dementias,3,Rate,2007,316.55889486115524,672.602796238138,131.0762920997824
1,All Population,2,DALYs (Disability-Adjusted Life Years),208,Guinea,3,Both,27,Age-standardized,543,Alzheimer's disease and other dementias,3,Rate,2016,315.6586149857867,698.7183192573227,130.24535671674573
1,All Population,2,DALYs (Disability-Adjusted Life Years),201,Burkina Faso,3,Both,27,Age-standardized,543,Alzheimer's disease and other dementias,3,Rate,2015,397.9071013840597,904.2316112197111,156.05407089239966
1,All Population,2,DALYs (Disability-Adjusted Life Years),212,Mauritania,3,Both,27,Age-standardized,543,Alzheimer's disease and other dementias,3,Rate,2011,349.1239447075474,755.7592850834266,141.55745499823524
1,All Population,2,DALYs (Disability-Adjusted Life Years),207,Ghana,3,Both,27,Age-standardized,543,Alzheimer's disease and other dementias,3,Rate,2017,319.45563514192804,710.8208522090558,133.8738208150115
1,All Population,2,DALYs (Disability-Adjusted Life Years),216,Senegal,3,Both,27,Age-standardized,543,Alzheimer's disease and other dementias,3,Rate,2019,350.1882459312658,776.0079479500124,141.12927349391236
1,All Population,2,DALYs (Disability-Adjusted Life Years),205,Côte d'Ivoire,3,Both,27,Age-standardized,543,Alzheimer's disease and other dementias,3,Rate,2019,310.9918101513586,712.9771370147624,126.24506376119042
1,All Population,2,DALYs (Disability-Adjusted Life Years),211,Mali,3,Both,27,Age-standardized,543,Alzheimer's disease and other dementias,3,Rate,2013,305.0278279970769,634.7182241019545,128.13308068095157
1,All Population,2,DALYs (Disability-Adjusted Life Years),208,Guinea,3,Both,27,Age-standardized,543,Alzheimer's disease and other dementias,3,Rate,2022,310.3013284749947,690.6961734708019,127.72294312747533
1,All Population,2,DALYs (Disability-Adjusted Life Years),200,Benin,3,Both,27,Age-standardized,543,Alzheimer's disease and other dementias,3,Rate,2012,303.9354384269056,649.7725857323576,129.04165901058727
1,All Population,2,DALYs (Disability-Adjusted Life Years),214,Nigeria,3,Both,27,Age-standardized,543,Alzheimer's disease and other dementias,3,Rate,2011,287.85042120795424,632.4271487592493,116.74382122521358
1,All Population,2,DALYs (Disability-Adjusted Life Years),210,Liberia,3,Both,27,Age-standardized,543,Alzheimer's disease and other dementias,3,Rate,2022,334.545312921987,748.2292688271395,131.98801396822122
1,All Population,2,DALYs (Disability-Adjusted Life Years),213,Niger,3,Both,27,Age-standardized,543,Alzheimer's disease and other dementias,3,Rate,2021,352.73304173087575,833.7464486548188,137.58620688032948
1,All Population,2,DALYs (Disability-Adjusted Life Years),209,Guinea-Bissau,3,Both,27,Age-standardized,543,Alzheimer's disease and other dementias,3,Rate,2015,340.354478541502,761.3165545187311,136.22257096013934
1,All Population,2,DALYs (Disability-Adjusted Life Years),201,Burkina Faso,3,Both,27,Age-standardized,543,Alzheimer's disease and other dementias,3,Rate,2017,401.21092953507986,903.3756957915168,158.70508438862
1,All Population,2,DALYs (Disability-Adjusted Life Years),201,Burkina Faso,3,Both,27,Age-standardized,543,Alzheimer's disease and other dementias,3,Rate,2019,403.76953443960036,894.5765841600748,156.71104729768842
1,All Population,2,DALYs (Disability-Adjusted Life Years),208,Guinea,3,Both,27,Age-standardized,543,Alzheimer's disease and other dementias,3,Rate,2017,316.51473745390183,710.2040807735539,130.76528775596486
1,All Population,2,DALYs (Disability-Adjusted Life Years),208,Guinea,3,Both,27,Age-standardized,543,Alzheimer's disease and other dementias,3,Rate,2014,317.5734821750717,696.1293159386482,129.5669903642233
1,All Population,2,DALYs (Disability-Adjusted Life Years),208,Guinea,3,Both,27,Age-standardized,543,Alzheimer's disease and other dementias,3,Rate,2013,319.0944421202046,695.8492388054605,128.8878286313267
1,All Population,2,DALYs (Disability-Adjusted Life Years),210,Liberia,3,Both,27,Age-standardized,543,Alzheimer's disease and other dementias,3,Rate,2023,338.12336834215796,775.6601585449093,133.21470346330958
1,All Population,2,DALYs (Disability-Adjusted Life Years),212,Mauritania,3,Both,27,Age-standardized,543,Alzheimer's disease and other dementias,3,Rate,2023,357.43727370377786,811.2233748330738,143.51565317421495
1,All Population,2,DALYs (Disability-Adjusted Life Years),203,Cabo Verde,3,Both,27,Age-standardized,543,Alzheimer's disease and other dementias,3,Rate,2017,344.75105694740245,732.3101357090839,143.64109382258647
1,All Population,2,DALYs (Disability-Adjusted Life Years),203,Cabo Verde,3,Both,27,Age-standardized,543,Alzheimer's disease and other dementias,3,Rate,2019,364.54291154537634,811.0501756683541,148.7875370605448
1,All Population,2,DALYs (Disability-Adjusted Life Years),204,Chad,3,Both,27,Age-standardized,543,Alzheimer's disease and other dementias,3,Rate,2018,336.08216469616235,746.4601501770641,133.37116152558534
1,All Population,2,DALYs (Disability-Adjusted Life Years),215,Sao Tome and Principe,3,Both,27,Age-standardized,543,Alzheimer's disease and other dementias,3,Rate,2020,353.8889445640706,838.5017533731625,142.94635461550843
1,All Population,2,DALYs (Disability-Adjusted Life Years),208,Guinea,3,Both,27,Age-standardized,543,Alzheimer's disease and other dementias,3,Rate,2018,317.9425438428388,721.2734664351549,129.42899802986764
1,All Population,2,DALYs (Disability-Adjusted Life Years),208,Guinea,3,Both,27,Age-standardized,543,Alzheimer's disease and other dementias,3,Rate,2019,321.7022782986485,731.0766998129048,128.87293908772975
1,All Population,2,DALYs (Disability-Adjusted Life Years),212,Mauritania,3,Both,27,Age-standardized,543,Alzheimer's disease and other dementias,3,Rate,2015,351.56328816073784,757.3128845749852,138.11437337089683
1,All Population,2,DALYs (Disability-Adjusted Life Years),217,Sierra Leone,3,Both,27,Age-standardized,543,Alzheimer's disease and other dementias,3,Rate,2016,333.9339611208137,746.576314866373,135.49105072103083
1,All Population,2,DALYs (Disability-Adjusted Life Years),215,Sao Tome and Principe,3,Both,27,Age-standardized,543,Alzheimer's disease and other dementias,3,Rate,2005,332.3643132115548,741.9483248045748,135.00434715459252
1,All Population,2,DALYs (Disability-Adjusted Life Years),213,Niger,3,Both,27,Age-standardized,543,Alzheimer's disease and other dementias,3,Rate,2022,352.5203260053132,806.225686822525,138.77079445024435
1,All Population,2,DALYs (Disability-Adjusted Life Years),207,Ghana,3,Both,27,Age-standardized,543,Alzheimer's disease and other dementias,3,Rate,2018,328.10779401819747,744.361980204285,137.52484100815624
1,All Population,2,DALYs (Disability-Adjusted Life Years),214,Nigeria,3,Both,27,Age-standardized,543,Alzheimer's disease and other dementias,3,Rate,2021,304.7892702082084,684.5351307614886,117.4244484374601
1,All Population,2,DALYs (Disability-Adjusted Life Years),203,Cabo Verde,3,Both,27,Age-standardized,543,Alzheimer's disease and other dementias,3,Rate,2022,323.4045512085457,722.006426055398,137.7548986508107
1,All Population,2,DALYs (Disability-Adjusted Life Years),214,Nigeria,3,Both,27,Age-standardized,543,Alzheimer's disease and other dementias,3,Rate,2022,293.964493853983,653.2967897772712,116.47868100950467
1,All Population,2,DALYs (Disability-Adjusted Life Years),216,Senegal,3,Both,27,Age-standardized,543,Alzheimer's disease and other dementias,3,Rate,2014,336.0661165195211,744.1506244260064,135.1257220394978
1,All Population,2,DALYs (Disability-Adjusted Life Years),210,Liberia,3,Both,27,Age-standardized,543,Alzheimer's disease and other dementias,3,Rate,2017,354.52134642358664,800.6492925587418,138.39606680413857
1,All Population,2,DALYs (Disability-Adjusted Life Years),206,Gambia,3,Both,27,Age-standardized,543,Alzheimer's disease and other dementias,3,Rate,2017,307.13446239136493,691.745306596697,128.87048542945087
1,All Population,2,DALYs (Disability-Adjusted Life Years),208,Guinea,3,Both,27,Age-standardized,543,Alzheimer's disease and other dementias,3,Rate,2015,314.7768732330909,696.342805198761,129.41951152187062
1,All Population,2,DALYs (Disability-Adjusted Life Years),210,Liberia,3,Both,27,Age-standardized,543,Alzheimer's disease and other dementias,3,Rate,2016,353.04860323940704,799.3694184491052,136.54515277845803
1,All Population,2,DALYs (Disability-Adjusted Life Years),215,Sao Tome and Principe,3,Both,27,Age-standardized,543,Alzheimer's disease and other dementias,3,Rate,2021,338.3760548356534,779.705121588298,139.78212432287748
1,All Population,2,DALYs (Disability-Adjusted Life Years),211,Mali,3,Both,27,Age-standardized,543,Alzheimer's disease and other dementias,3,Rate,2014,301.1933736143674,631.3407622005383,125.61590874011408
1,All Population,2,DALYs (Disability-Adjusted Life Years),212,Mauritania,3,Both,27,Age-standardized,543,Alzheimer's disease and other dementias,3,Rate,2022,340.9586361317714,760.963478826666,136.87776215058756
1,All Population,2,DALYs (Disability-Adjusted Life Years),210,Liberia,3,Both,27,Age-standardized,543,Alzheimer's disease and other dementias,3,Rate,2014,360.4077554504082,813.0512104685253,138.80946658832065
1,All Population,2,DALYs (Disability-Adjusted Life Years),202,Cameroon,3,Both,27,Age-standardized,543,Alzheimer's disease and other dementias,3,Rate,2011,352.0363559713054,791.8899754130274,136.26786556759518
1,All Population,2,DALYs (Disability-Adjusted Life Years),200,Benin,3,Both,27,Age-standardized,543,Alzheimer's disease and other dementias,3,Rate,2016,297.01068206482404,662.0713283260479,127.20299737743963
1,All Population,2,DALYs (Disability-Adjusted Life Years),209,Guinea-Bissau,3,Both,27,Age-standardized,543,Alzheimer's disease and other dementias,3,Rate,2016,344.8032544472208,780.1449092200947,137.89801216235205
1,All Population,2,DALYs (Disability-Adjusted Life Years),212,Mauritania,3,Both,27,Age-standardized,543,Alzheimer's disease and other dementias,3,Rate,2007,344.64399034664086,763.8393874172796,140.80631964219614
1,All Population,2,DALYs (Disability-Adjusted Life Years),217,Sierra Leone,3,Both,27,Age-standardized,543,Alzheimer's disease and other dementias,3,Rate,2020,341.2335834591752,796.9370037720223,136.93401164434712
1,All Population,2,DALYs (Disability-Adjusted Life Years),204,Chad,3,Both,27,Age-standardized,543,Alzheimer's disease and other dementias,3,Rate,2008,331.21975761872324,725.0701640576555,132.8797152254163
1,All Population,2,DALYs (Disability-Adjusted Life Years),217,Sierra Leone,3,Both,27,Age-standardized,543,Alzheimer's disease and other dementias,3,Rate,2005,306.40025169243427,689.6976496509468,127.22848145747591
1,All Population,2,DALYs (Disability-Adjusted Life Years),210,Liberia,3,Both,27,Age-standardized,543,Alzheimer's disease and other dementias,3,Rate,2013,368.89551270772563,821.0137001258713,143.16392632773162
1,All Population,2,DALYs (Disability-Adjusted Life Years),215,Sao Tome and Principe,3,Both,27,Age-standardized,543,Alzheimer's disease and other dementias,3,Rate,2022,346.35624899877314,820.932844028243,143.76526775060225
1,All Population,2,DALYs (Disability-Adjusted Life Years),209,Guinea-Bissau,3,Both,27,Age-standardized,543,Alzheimer's disease and other dementias,3,Rate,2017,347.39120869920555,795.609483136514,137.61674330512946
1,All Population,2,DALYs (Disability-Adjusted Life Years),200,Benin,3,Both,27,Age-standardized,543,Alzheimer's disease and other dementias,3,Rate,2013,306.115118242782,668.5167790458551,129.43463485532266
1,All Population,2,DALYs (Disability-Adjusted Life Years),200,Benin,3,Both,27,Age-standardized,543,Alzheimer's disease and other dementias,3,Rate,2017,296.71428824803894,660.0133115571091,127.05462906674137
1,All Population,2,DALYs (Disability-Adjusted Life Years),201,Burkina Faso,3,Both,27,Age-standardized,543,Alzheimer's disease and other dementias,3,Rate,2021,393.81717642403044,860.8204511271339,152.36209229506218
1,All Population,2,DALYs (Disability-Adjusted Life Years),210,Liberia,3,Both,27,Age-standardized,543,Alzheimer's disease and other dementias,3,Rate,2019,359.2400616486562,812.0734856843344,137.20127606318056
1,All Population,2,DALYs (Disability-Adjusted Life Years),205,Côte d'Ivoire,3,Both,27,Age-standardized,543,Alzheimer's disease and other dementias,3,Rate,2014,302.66941038120325,653.0712215127163,124.55294420684224
1,All Population,2,DALYs (Disability-Adjusted Life Years),211,Mali,3,Both,27,Age-standardized,543,Alzheimer's disease and other dementias,3,Rate,2015,300.7732146453549,628.9601123508589,125.45055689515218
1,All Population,2,DALYs (Disability-Adjusted Life Years),205,Côte d'Ivoire,3,Both,27,Age-standardized,543,Alzheimer's disease and other dementias,3,Rate,2016,303.6091163487658,669.61269540649,126.02324633347213
1,All Population,2,DALYs (Disability-Adjusted Life Years),207,Ghana,3,Both,27,Age-standardized,543,Alzheimer's disease and other dementias,3,Rate,2019,335.7210897534008,768.1946006666356,137.98107213974552
1,All Population,2,DALYs (Disability-Adjusted Life Years),210,Liberia,3,Both,27,Age-standardized,543,Alzheimer's disease and other dementias,3,Rate,2018,353.6975536376011,791.2809849619099,137.46120387183788
1,All Population,2,DALYs (Disability-Adjusted Life Years),216,Senegal,3,Both,27,Age-standardized,543,Alzheimer's disease and other dementias,3,Rate,2016,338.1673409122079,737.4462730535688,137.51154289307522
1,All Population,2,DALYs (Disability-Adjusted Life Years),212,Mauritania,3,Both,27,Age-standardized,543,Alzheimer's disease and other dementias,3,Rate,2017,360.60612809255116,810.7809196105512,143.27813497498292
1,All Population,2,DALYs (Disability-Adjusted Life Years),212,Mauritania,3,Both,27,Age-standardized,543,Alzheimer's disease and other dementias,3,Rate,2016,351.65435258157896,776.5791246810298,138.86773250868328
1,All Population,2,DALYs (Disability-Adjusted Life Years),217,Sierra Leone,3,Both,27,Age-standardized,543,Alzheimer's disease and other dementias,3,Rate,2021,343.5941927721554,801.2140590978661,134.10493138642346
1,All Population,2,DALYs (Disability-Adjusted Life Years),201,Burkina Faso,3,Both,27,Age-standardized,543,Alzheimer's disease and other dementias,3,Rate,2007,390.3953230620042,896.5961183889351,152.62982926934308
1,All Population,2,DALYs (Disability-Adjusted Life Years),204,Chad,3,Both,27,Age-standardized,543,Alzheimer's disease and other dementias,3,Rate,2007,331.11469628858686,741.8285022825779,133.24375713088727
1,All Population,2,DALYs (Disability-Adjusted Life Years),214,Nigeria,3,Both,27,Age-standardized,543,Alzheimer's disease and other dementias,3,Rate,2017,295.097563646171,664.9959246003801,117.65948599995261
1,All Population,2,DALYs (Disability-Adjusted Life Years),212,Mauritania,3,Both,27,Age-standardized,543,Alzheimer's disease and other dementias,3,Rate,2019,375.17265207571324,864.0332819681411,148.37024409418942
1,All Population,2,DALYs (Disability-Adjusted Life Years),212,Mauritania,3,Both,27,Age-standardized,543,Alzheimer's disease and other dementias,3,Rate,2013,358.00895217030256,790.7726705352798,139.52411148885966
1,All Population,2,DALYs (Disability-Adjusted Life Years),212,Mauritania,3,Both,27,Age-standardized,543,Alzheimer's disease and other dementias,3,Rate,2018,362.47870753265215,833.5593389141046,144.79350706502598
1,All Population,2,DALYs (Disability-Adjusted Life Years),206,Gambia,3,Both,27,Age-standardized,543,Alzheimer's disease and other dementias,3,Rate,2008,287.36956413145316,653.7725626361241,122.78249908925532
1,All Population,2,DALYs (Disability-Adjusted Life Years),217,Sierra Leone,3,Both,27,Age-standardized,543,Alzheimer's disease and other dementias,3,Rate,2022,336.88746451494393,766.716618911569,131.97453492568653
1,All Population,2,DALYs (Disability-Adjusted Life Years),216,Senegal,3,Both,27,Age-standardized,543,Alzheimer's disease and other dementias,3,Rate,2022,329.8037712822081,767.9229741057015,135.10912593222216
1,All Population,2,DALYs (Disability-Adjusted Life Years),205,Côte d'Ivoire,3,Both,27,Age-standardized,543,Alzheimer's disease and other dementias,3,Rate,2017,306.664136495036,692.2321741027597,126.92204678040524
1,All Population,2,DALYs (Disability-Adjusted Life Years),216,Senegal,3,Both,27,Age-standardized,543,Alzheimer's disease and other dementias,3,Rate,2021,324.66401535498636,746.2269991747045,130.09564213675222
1,All Population,2,DALYs (Disability-Adjusted Life Years),214,Nigeria,3,Both,27,Age-standardized,543,Alzheimer's disease and other dementias,3,Rate,2018,299.18396218528534,677.2290811929694,118.25009032228628
1,All Population,2,DALYs (Disability-Adjusted Life Years),205,Côte d'Ivoire,3,Both,27,Age-standardized,543,Alzheimer's disease and other dementias,3,Rate,2022,294.1278576403739,694.4339834659011,122.95192994675475
1,All Population,2,DALYs (Disability-Adjusted Life Years),208,Guinea,3,Both,27,Age-standardized,543,Alzheimer's disease and other dementias,3,Rate,2007,318.77269469323267,703.1499093043216,135.08862396005233
1,All Population,2,DALYs (Disability-Adjusted Life Years),206,Gambia,3,Both,27,Age-standardized,543,Alzheimer's disease and other dementias,3,Rate,2007,292.0769950581566,672.6472506214603,124.19940353017304
1,All Population,2,DALYs (Disability-Adjusted Life Years),214,Nigeria,3,Both,27,Age-standardized,543,Alzheimer's disease and other dementias,3,Rate,2019,303.516612367902,685.894866797879,119.37999756458295
1,All Population,2,DALYs (Disability-Adjusted Life Years),207,Ghana,3,Both,27,Age-standardized,543,Alzheimer's disease and other dementias,3,Rate,2016,316.02156583493786,695.2971705625423,130.46233697230653
1,All Population,2,DALYs (Disability-Adjusted Life Years),211,Mali,3,Both,27,Age-standardized,543,Alzheimer's disease and other dementias,3,Rate,2012,299.90051742414886,621.239468515861,128.36743421957667
1,All Population,2,DALYs (Disability-Adjusted Life Years),211,Mali,3,Both,27,Age-standardized,543,Alzheimer's disease and other dementias,3,Rate,2005,301.50747988677557,658.0114097187145,128.81345448948673
1,All Population,2,DALYs (Disability-Adjusted Life Years),202,Cameroon,3,Both,27,Age-standardized,543,Alzheimer's disease and other dementias,3,Rate,2012,350.8257887050756,777.2469941054097,136.4172565616129
1,All Population,2,DALYs (Disability-Adjusted Life Years),209,Guinea-Bissau,3,Both,27,Age-standardized,543,Alzheimer's disease and other dementias,3,Rate,2018,350.53742318460553,791.5500753155201,139.2102742081031
1,All Population,2,DALYs (Disability-Adjusted Life Years),218,Togo,3,Both,27,Age-standardized,543,Alzheimer's disease and other dementias,3,Rate,2018,326.62384989208135,744.068675231879,135.56009578245764
1,All Population,2,DALYs (Disability-Adjusted Life Years),200,Benin,3,Both,27,Age-standardized,543,Alzheimer's disease and other dementias,3,Rate,2018,296.56695758026035,656.5627982309852,126.4155891840111
1,All Population,2,DALYs (Disability-Adjusted Life Years),202,Cameroon,3,Both,27,Age-standardized,543,Alzheimer's disease and other dementias,3,Rate,2008,344.74064646676015,768.0319182994343,135.79825362411006
1,All Population,2,DALYs (Disability-Adjusted Life Years),211,Mali,3,Both,27,Age-standardized,543,Alzheimer's disease and other dementias,3,Rate,2007,302.4208489357087,633.2112689778813,129.14264515629202
1,All Population,2,DALYs (Disability-Adjusted Life Years),201,Burkina Faso,3,Both,27,Age-standardized,543,Alzheimer's disease and other dementias,3,Rate,2008,397.0691366909365,935.758035322356,153.26599316234768
1,All Population,2,DALYs (Disability-Adjusted Life Years),207,Ghana,3,Both,27,Age-standardized,543,Alzheimer's disease and other dementias,3,Rate,2014,315.6923162474872,695.6433342877172,129.26686375283245
1,All Population,2,DALYs (Disability-Adjusted Life Years),216,Senegal,3,Both,27,Age-standardized,543,Alzheimer's disease and other dementias,3,Rate,2018,337.41264175067766,742.3312571034323,136.99919310556237
1,All Population,2,DALYs (Disability-Adjusted Life Years),208,Guinea,3,Both,27,Age-standardized,543,Alzheimer's disease and other dementias,3,Rate,2010,317.97384533231684,690.8648961531782,130.05844803980423
1,All Population,2,DALYs (Disability-Adjusted Life Years),216,Senegal,3,Both,27,Age-standardized,543,Alzheimer's disease and other dementias,3,Rate,2017,337.2571425024944,738.757016824376,134.42815169794682
1,All Population,2,DALYs (Disability-Adjusted Life Years),207,Ghana,3,Both,27,Age-standardized,543,Alzheimer's disease and other dementias,3,Rate,2022,345.4961048012265,790.0984946276654,134.2524382270599
1,All Population,2,DALYs (Disability-Adjusted Life Years),218,Togo,3,Both,27,Age-standardized,543,Alzheimer's disease and other dementias,3,Rate,2013,318.6247858536817,697.8378277356628,131.50505167233524
1,All Population,2,DALYs (Disability-Adjusted Life Years),200,Benin,3,Both,27,Age-standardized,543,Alzheimer's disease and other dementias,3,Rate,2019,302.22514185048726,666.6523603897455,127.24498201190279
1,All Population,2,DALYs (Disability-Adjusted Life Years),209,Guinea-Bissau,3,Both,27,Age-standardized,543,Alzheimer's disease and other dementias,3,Rate,2019,355.95425436356993,805.0969030974217,142.22435528380257
1,All Population,2,DALYs (Disability-Adjusted Life Years),218,Togo,3,Both,27,Age-standardized,543,Alzheimer's disease and other dementias,3,Rate,2019,332.9646373641739,765.0225950330673,135.01365813174894
1,All Population,2,DALYs (Disability-Adjusted Life Years),210,Liberia,3,Both,27,Age-standardized,543,Alzheimer's disease and other dementias,3,Rate,2010,364.72482884949846,796.3089695056094,140.1988118701824
1,All Population,2,DALYs (Disability-Adjusted Life Years),204,Chad,3,Both,27,Age-standardized,543,Alzheimer's disease and other dementias,3,Rate,2010,333.2948697131883,719.6651515630556,131.59159256335113
1,All Population,2,DALYs (Disability-Adjusted Life Years),212,Mauritania,3,Both,27,Age-standardized,543,Alzheimer's disease and other dementias,3,Rate,2010,349.2933015245984,753.9172732505533,144.09189329261002
1,All Population,2,DALYs (Disability-Adjusted Life Years),207,Ghana,3,Both,27,Age-standardized,543,Alzheimer's disease and other dementias,3,Rate,2009,305.64382311202553,644.9748947293083,130.22965519213676
1,All Population,2,DALYs (Disability-Adjusted Life Years),204,Chad,3,Both,27,Age-standardized,543,Alzheimer's disease and other dementias,3,Rate,2015,333.4701448238159,718.7922325010964,132.15647572131766
1,All Population,2,DALYs (Disability-Adjusted Life Years),206,Gambia,3,Both,27,Age-standardized,543,Alzheimer's disease and other dementias,3,Rate,2015,287.67538053690595,636.9756479415843,124.01313170669465
1,All Population,2,DALYs (Disability-Adjusted Life Years),202,Cameroon,3,Both,27,Age-standardized,543,Alzheimer's disease and other dementias,3,Rate,2017,355.8799721658142,825.335926643617,135.35751627130313
1,All Population,2,DALYs (Disability-Adjusted Life Years),214,Nigeria,3,Both,27,Age-standardized,543,Alzheimer's disease and other dementias,3,Rate,2020,297.899866615565,672.6773316702524,116.54417809434132
1,All Population,2,DALYs (Disability-Adjusted Life Years),201,Burkina Faso,3,Both,27,Age-standardized,543,Alzheimer's disease and other dementias,3,Rate,2010,398.66212111759387,918.0376302729172,155.78769318690547
1,All Population,2,DALYs (Disability-Adjusted Life Years),203,Cabo Verde,3,Both,27,Age-standardized,543,Alzheimer's disease and other dementias,3,Rate,2020,321.3474235606785,723.7075827476139,138.5036076479215
1,All Population,2,DALYs (Disability-Adjusted Life Years),213,Niger,3,Both,27,Age-standardized,543,Alzheimer's disease and other dementias,3,Rate,2015,346.19343487040436,794.9937213682192,135.47241849763228
1,All Population,2,DALYs (Disability-Adjusted Life Years),208,Guinea,3,Both,27,Age-standardized,543,Alzheimer's disease and other dementias,3,Rate,2021,324.82216612652684,728.682305040459,130.79227913428616
1,All Population,2,DALYs (Disability-Adjusted Life Years),210,Liberia,3,Both,27,Age-standardized,543,Alzheimer's disease and other dementias,3,Rate,2021,299.55796477009113,680.9402587909078,121.1371139400314
1,All Population,2,DALYs (Disability-Adjusted Life Years),212,Mauritania,3,Both,27,Age-standardized,543,Alzheimer's disease and other dementias,3,Rate,2021,342.2746152401211,774.3025155486954,134.9755881550308
1,All Population,2,DALYs (Disability-Adjusted Life Years),200,Benin,3,Both,27,Age-standardized,543,Alzheimer's disease and other dementias,3,Rate,2022,319.09243436649655,690.8485368979207,130.2569048218326
1,All Population,2,DALYs (Disability-Adjusted Life Years),202,Cameroon,3,Both,27,Age-standardized,543,Alzheimer's disease and other dementias,3,Rate,2016,353.0927896286261,826.6064799785405,135.06385873713094
1,All Population,2,DALYs (Disability-Adjusted Life Years),214,Nigeria,3,Both,27,Age-standardized,543,Alzheimer's disease and other dementias,3,Rate,2009,285.1077618606711,619.5134715012371,116.197599596187
1,All Population,2,DALYs (Disability-Adjusted Life Years),211,Mali,3,Both,27,Age-standardized,543,Alzheimer's disease and other dementias,3,Rate,2022,284.85479885820433,623.5735359395362,123.11318530641626
1,All Population,2,DALYs (Disability-Adjusted Life Years),218,Togo,3,Both,27,Age-standardized,543,Alzheimer's disease and other dementias,3,Rate,2021,335.9922914546299,780.0222450565428,132.16357343794925
1,All Population,2,DALYs (Disability-Adjusted Life Years),201,Burkina Faso,3,Both,27,Age-standardized,543,Alzheimer's disease and other dementias,3,Rate,2020,391.6287366655631,868.3143728455204,152.8307890579389
1,All Population,2,DALYs (Disability-Adjusted Life Years),211,Mali,3,Both,27,Age-standardized,543,Alzheimer's disease and other dementias,3,Rate,2017,306.38997826623336,684.3982407141577,126.44476682701796
1,All Population,2,DALYs (Disability-Adjusted Life Years),218,Togo,3,Both,27,Age-standardized,543,Alzheimer's disease and other dementias,3,Rate,2014,315.5538329313472,678.6031273757995,131.37265288494524
1,All Population,2,DALYs (Disability-Adjusted Life Years),211,Mali,3,Both,27,Age-standardized,543,Alzheimer's disease and other dementias,3,Rate,2016,303.6886286612457,663.974583405277,125.78684759884506
1,All Population,2,DALYs (Disability-Adjusted Life Years),214,Nigeria,3,Both,27,Age-standardized,543,Alzheimer's disease and other dementias,3,Rate,2013,293.4466062245976,651.7381012736216,116.56851660911609
1,All Population,2,DALYs (Disability-Adjusted Life Years),201,Burkina Faso,3,Both,27,Age-standardized,543,Alzheimer's disease and other dementias,3,Rate,2023,381.7629558676956,852.4135979416761,153.32049436917998
1,All Population,2,DALYs (Disability-Adjusted Life Years),215,Sao Tome and Principe,3,Both,27,Age-standardized,543,Alzheimer's disease and other dementias,3,Rate,2015,371.35655150777956,825.832791369644,141.14962398468063
1,All Population,2,DALYs (Disability-Adjusted Life Years),203,Cabo Verde,3,Both,27,Age-standardized,543,Alzheimer's disease and other dementias,3,Rate,2013,321.90852372766494,679.3302426486604,137.73767187279145
1,All Population,2,DALYs (Disability-Adjusted Life Years),211,Mali,3,Both,27,Age-standardized,543,Alzheimer's disease and other dementias,3,Rate,2018,308.6788443225145,686.9565541059674,127.82128687239268
1,All Population,2,DALYs (Disability-Adjusted Life Years),204,Chad,3,Both,27,Age-standardized,543,Alzheimer's disease and other dementias,3,Rate,2021,340.63679613891213,800.4142414281939,135.13218623643715
1,All Population,2,DALYs (Disability-Adjusted Life Years),218,Togo,3,Both,27,Age-standardized,543,Alzheimer's disease and other dementias,3,Rate,2015,314.34419617261597,664.9205409711489,131.4671692792463
1,All Population,2,DALYs (Disability-Adjusted Life Years),217,Sierra Leone,3,Both,27,Age-standardized,543,Alzheimer's disease and other dementias,3,Rate,2015,335.87410169558785,729.2921850323236,135.44094605899502
1,All Population,2,DALYs (Disability-Adjusted Life Years),216,Senegal,3,Both,27,Age-standardized,543,Alzheimer's disease and other dementias,3,Rate,2013,331.0765168870521,722.4524756585955,134.76192006865628
1,All Population,2,DALYs (Disability-Adjusted Life Years),216,Senegal,3,Both,27,Age-standardized,543,Alzheimer's disease and other dementias,3,Rate,2009,327.72783465998725,699.5539029811464,135.16136338146802
1,All Population,2,DALYs (Disability-Adjusted Life Years),202,Cameroon,3,Both,27,Age-standardized,543,Alzheimer's disease and other dementias,3,Rate,2018,358.96611524135386,833.3517839778841,136.8383718198827
1,All Population,2,DALYs (Disability-Adjusted Life Years),218,Togo,3,Both,27,Age-standardized,543,Alzheimer's disease and other dementias,3,Rate,2020,335.3377792489449,775.3914165075909,134.2445525256458
1,All Population,2,DALYs (Disability-Adjusted Life Years),206,Gambia,3,Both,27,Age-standardized,543,Alzheimer's disease and other dementias,3,Rate,2021,289.382330506223,639.7445417330899,122.54984328127074
1,All Population,2,DALYs (Disability-Adjusted Life Years),202,Cameroon,3,Both,27,Age-standardized,543,Alzheimer's disease and other dementias,3,Rate,2019,360.65772777055156,826.5081285760223,135.99147916709134
1,All Population,2,DALYs (Disability-Adjusted Life Years),200,Benin,3,Both,27,Age-standardized,543,Alzheimer's disease and other dementias,3,Rate,2021,309.5978415516681,716.1641729358272,128.17647269967105
1,All Population,2,DALYs (Disability-Adjusted Life Years),209,Guinea-Bissau,3,Both,27,Age-standardized,543,Alzheimer's disease and other dementias,3,Rate,2020,348.695647644899,786.004058620509,142.05533094929675
1,All Population,2,DALYs (Disability-Adjusted Life Years),200,Benin,3,Both,27,Age-standardized,543,Alzheimer's disease and other dementias,3,Rate,2023,317.28216836616446,704.617922835681,130.69751926446187
1,All Population,2,DALYs (Disability-Adjusted Life Years),202,Cameroon,3,Both,27,Age-standardized,543,Alzheimer's disease and other dementias,3,Rate,2021,365.51955305393886,839.3869543802261,134.42996053651487
1,All Population,2,DALYs (Disability-Adjusted Life Years),211,Mali,3,Both,27,Age-standardized,543,Alzheimer's disease and other dementias,3,Rate,2023,287.12720479832996,647.6606608174934,121.23710248575048
1,All Population,2,DALYs (Disability-Adjusted Life Years),205,Côte d'Ivoire,3,Both,27,Age-standardized,543,Alzheimer's disease and other dementias,3,Rate,2013,303.13988353368524,654.0439967864202,124.72530646726712
1,All Population,2,DALYs (Disability-Adjusted Life Years),200,Benin,3,Both,27,Age-standardized,543,Alzheimer's disease and other dementias,3,Rate,2020,304.0912127756768,687.0369759913741,126.43761648481417
1,All Population,2,DALYs (Disability-Adjusted Life Years),203,Cabo Verde,3,Both,27,Age-standardized,543,Alzheimer's disease and other dementias,3,Rate,2021,308.2419989535653,683.1114287569227,136.56734699399343
1,All Population,2,DALYs (Disability-Adjusted Life Years),204,Chad,3,Both,27,Age-standardized,543,Alzheimer's disease and other dementias,3,Rate,2023,316.6724550326938,726.9537849017829,129.98319916593297
1,All Population,2,DALYs (Disability-Adjusted Life Years),208,Guinea,3,Both,27,Age-standardized,543,Alzheimer's disease and other dementias,3,Rate,2020,326.97527096411966,749.4311128168911,130.0428246915366
1,All Population,2,DALYs (Disability-Adjusted Life Years),206,Gambia,3,Both,27,Age-standardized,543,Alzheimer's disease and other dementias,3,Rate,2023,290.4933679062965,664.8431025677011,121.5363935887281
1,All Population,2,DALYs (Disability-Adjusted Life Years),207,Ghana,3,Both,27,Age-standardized,543,Alzheimer's disease and other dementias,3,Rate,2013,314.66250721878583,683.946430975449,131.43751149054506
1,All Population,2,DALYs (Disability-Adjusted Life Years),202,Cameroon,3,Both,27,Age-standardized,543,Alzheimer's disease and other dementias,3,Rate,2022,361.3071087316129,843.6598445927475,133.4654959745673
1,All Population,2,DALYs (Disability-Adjusted Life Years),210,Liberia,3,Both,27,Age-standardized,543,Alzheimer's disease and other dementias,3,Rate,2020,329.8736756375895,760.4714537977563,130.98036180523596
1,All Population,2,DALYs (Disability-Adjusted Life Years),212,Mauritania,3,Both,27,Age-standardized,543,Alzheimer's disease and other dementias,3,Rate,2020,355.94472237342586,818.6658932216224,139.9739325025881
1,All Population,2,DALYs (Disability-Adjusted Life Years),211,Mali,3,Both,27,Age-standardized,543,Alzheimer's disease and other dementias,3,Rate,2019,310.34106445085473,695.8748331010192,128.43402615178957
1,All Population,2,DALYs (Disability-Adjusted Life Years),218,Togo,3,Both,27,Age-standardized,543,Alzheimer's disease and other dementias,3,Rate,2007,303.4837088479475,672.1088212963031,129.0400116118005
1,All Population,2,DALYs (Disability-Adjusted Life Years),205,Côte d'Ivoire,3,Both,27,Age-standardized,543,Alzheimer's disease and other dementias,3,Rate,2021,304.31908721385855,710.6115805366493,125.16113425250332
1,All Population,2,DALYs (Disability-Adjusted Life Years),208,Guinea,3,Both,27,Age-standardized,543,Alzheimer's disease and other dementias,3,Rate,2023,307.70058481519663,694.4321677421239,124.15735616414177
1,All Population,2,DALYs (Disability-Adjusted Life Years),207,Ghana,3,Both,27,Age-standardized,543,Alzheimer's disease and other dementias,3,Rate,2021,349.33150763593534,796.0605739376645,136.52320060952636
1,All Population,2,DALYs (Disability-Adjusted Life Years),213,Niger,3,Both,27,Age-standardized,543,Alzheimer's disease and other dementias,3,Rate,2023,343.93596406490116,781.3376116364308,134.44901579804883
1,All Population,2,DALYs (Disability-Adjusted Life Years),207,Ghana,3,Both,27,Age-standardized,543,Alzheimer's disease and other dementias,3,Rate,2010,307.34885775541517,653.2227266140704,130.21020309402752
1,All Population,2,DALYs (Disability-Adjusted Life Years),218,Togo,3,Both,27,Age-standardized,543,Alzheimer's disease and other dementias,3,Rate,2022,327.33622711258687,752.7003536868065,130.84050952143508
1,All Population,2,DALYs (Disability-Adjusted Life Years),218,Togo,3,Both,27,Age-standardized,543,Alzheimer's disease and other dementias,3,Rate,2016,317.0891406283539,680.8925886029832,130.63395974785095
1,All Population,2,DALYs (Disability-Adjusted Life Years),218,Togo,3,Both,27,Age-standardized,543,Alzheimer's disease and other dementias,3,Rate,2017,322.90634730842385,711.6709894216972,132.34314639083874
1,All Population,2,DALYs (Disability-Adjusted Life Years),209,Guinea-Bissau,3,Both,27,Age-standardized,543,Alzheimer's disease and other dementias,3,Rate,2022,331.30511342134935,759.9650099778167,133.421954178126
1,All Population,2,DALYs (Disability-Adjusted Life Years),211,Mali,3,Both,27,Age-standardized,543,Alzheimer's disease and other dementias,3,Rate,2020,294.6065213607138,659.9386120452858,122.45706530818839
1,All Population,2,DALYs (Disability-Adjusted Life Years),202,Cameroon,3,Both,27,Age-standardized,543,Alzheimer's disease and other dementias,3,Rate,2023,359.3362099935704,832.6490363006014,135.69690570109435
1,All Population,2,DALYs (Disability-Adjusted Life Years),202,Cameroon,3,Both,27,Age-standardized,543,Alzheimer's disease and other dementias,3,Rate,2020,357.5651293146171,824.598366163912,132.7602381556402
1,All Population,2,DALYs (Disability-Adjusted Life Years),215,Sao Tome and Principe,3,Both,27,Age-standardized,543,Alzheimer's disease and other dementias,3,Rate,2023,353.4226378616586,799.8627760628364,141.9256243676461
1,All Population,2,DALYs (Disability-Adjusted Life Years),214,Nigeria,3,Both,27,Age-standardized,543,Alzheimer's disease and other dementias,3,Rate,2023,289.690436600569,629.0551809169219,114.6844453735489
1,All Population,2,DALYs (Disability-Adjusted Life Years),214,Nigeria,3,Both,27,Age-standardized,543,Alzheimer's disease and other dementias,3,Rate,2010,288.3945807277856,627.827668263749,116.60642158989793
1,All Population,2,DALYs (Disability-Adjusted Life Years),203,Cabo Verde,3,Both,27,Age-standardized,543,Alzheimer's disease and other dementias,3,Rate,2015,335.45812983346946,719.7388798986937,141.89426252114575
1,All Population,2,DALYs (Disability-Adjusted Life Years),218,Togo,3,Both,27,Age-standardized,543,Alzheimer's disease and other dementias,3,Rate,2023,325.2574352546253,733.1485265455524,129.2436717813887
1,All Population,2,DALYs (Disability-Adjusted Life Years),209,Guinea-Bissau,3,Both,27,Age-standardized,543,Alzheimer's disease and other dementias,3,Rate,2021,346.06194105918615,790.9820853033402,139.51327054899807
1,All Population,2,DALYs (Disability-Adjusted Life Years),209,Guinea-Bissau,3,Both,27,Age-standardized,543,Alzheimer's disease and other dementias,3,Rate,2023,334.0720532299419,781.1085477932255,134.95881743876043
1,All Population,2,DALYs (Disability-Adjusted Life Years),217,Sierra Leone,3,Both,27,Age-standardized,543,Alzheimer's disease and other dementias,3,Rate,2023,333.20664944344287,747.5720370001845,134.94816849129703
1,All Population,2,DALYs (Disability-Adjusted Life Years),211,Mali,3,Both,27,Age-standardized,543,Alzheimer's disease and other dementias,3,Rate,2021,288.67796129170927,632.3741027544776,122.03661729673627
1,All Population,2,DALYs (Disability-Adjusted Life Years),205,Côte d'Ivoire,3,Both,27,Age-standardized,543,Alzheimer's disease and other dementias,3,Rate,2020,309.72507041433755,715.2709160439982,126.16777157783059
1,All Population,2,DALYs (Disability-Adjusted Life Years),216,Senegal,3,Both,27,Age-standardized,543,Alzheimer's disease and other dementias,3,Rate,2023,337.07475959232636,771.5308499228997,138.98908665168656
1,All Population,2,DALYs (Disability-Adjusted Life Years),216,Senegal,3,Both,27,Age-standardized,543,Alzheimer's disease and other dementias,3,Rate,2010,322.60325371707506,676.6846055107596,131.90494625572794
1,All Population,2,DALYs (Disability-Adjusted Life Years),205,Côte d'Ivoire,3,Both,27,Age-standardized,543,Alzheimer's disease and other dementias,3,Rate,2015,301.58947035495123,653.1638153265166,124.99863086831584
1,All Population,2,DALYs (Disability-Adjusted Life Years),214,Nigeria,3,Both,27,Age-standardized,543,Alzheimer's disease and other dementias,3,Rate,2015,288.20333781662725,651.4698946537485,115.6228816518073
1,All Population,2,DALYs (Disability-Adjusted Life Years),216,Senegal,3,Both,27,Age-standardized,543,Alzheimer's disease and other dementias,3,Rate,2015,329.3490522629978,724.1280450661089,133.63169938136423
1,All Population,2,DALYs (Disability-Adjusted Life Years),207,Ghana,3,Both,27,Age-standardized,543,Alzheimer's disease and other dementias,3,Rate,2020,342.8974108340408,777.1798976355486,139.33240885786267
1,All Population,2,DALYs (Disability-Adjusted Life Years),207,Ghana,3,Both,27,Age-standardized,543,Alzheimer's disease and other dementias,3,Rate,2015,312.7197280187187,683.3949637411602,130.55395816269507
1,All Population,2,DALYs (Disability-Adjusted Life Years),203,Cabo Verde,3,Both,27,Age-standardized,543,Alzheimer's disease and other dementias,3,Rate,2023,330.1267206710163,711.1892177328612,135.59082987468582
1,All Population,2,DALYs (Disability-Adjusted Life Years),216,Senegal,3,Both,27,Age-standardized,543,Alzheimer's disease and other dementias,3,Rate,2020,330.10142029374094,751.4636518901127,133.0051504375557
1,All Population,2,DALYs (Disability-Adjusted Life Years),205,Côte d'Ivoire,3,Both,27,Age-standardized,543,Alzheimer's disease and other dementias,3,Rate,2023,291.9507879207143,675.0635525303179,119.56168010616598
1,All Population,2,DALYs (Disability-Adjusted Life Years),207,Ghana,3,Both,27,Age-standardized,543,Alzheimer's disease and other dementias,3,Rate,2023,342.75612062730187,798.5306636314846,134.89616716468237
